2026-05-28 18:08:35.060 INFO - M2EE: Added admin request handler '/probes/started' with servlet class 'null'
2026-05-28 18:08:35.060 INFO - M2EE: Added admin request handler '/probes/ready' with servlet class 'null'
2026-05-28 18:08:35.060 INFO - M2EE: Added admin request handler '/prometheus' with servlet class 'com.mendix.metrics.prometheus.PrometheusServlet'
2026-05-28 18:08:35.060 INFO - M2EE: Added admin request handler '/probes/alive' with servlet class 'null'
2026-05-28 18:08:36.160 INFO - Logging: Logging to file: C:\Program Files (x86)\Camstar\Mendix Solutions\Apps\Mendix Semiconductor App\Log\Application.log, max size: 2048KiB, max rotation: 10
2026-05-28 18:08:36.290 INFO - M2EE: Initializing runtime...
2026-05-28 18:08:36.314 INFO - Core: Mendix Runtime 10.24.4.77222 (build 10.24.4.77222). Copyright © 2003-2025 Mendix Technology B.V. All rights reserved.
2026-05-28 18:08:36.327 INFO - M2EE: Initialized runtime.
2026-05-28 18:08:36.327 INFO - M2EE: Creating Runtime server...
2026-05-28 18:08:36.387 INFO - M2EE: Runtime server started.
2026-05-28 18:08:36.410 INFO - Configuration: Updating configuration...
2026-05-28 18:08:36.418 INFO - Configuration: updateConfiguration: 
2026-05-28 18:08:36.433 INFO - Configuration: Configuration updated.
2026-05-28 18:08:36.470 INFO - Configuration: Updating configuration...
2026-05-28 18:08:36.472 INFO - Configuration: updateConfiguration: DatabaseUseSsl=False, http.client.MaxConnectionsTotal=250, ApplicationRootUrl=https://localhost, com.mendix.core.SessionIdCookieName=SemiXASSESSIONID, http.client.MaxConnectionsPerRoute=250
2026-05-28 18:08:36.524 INFO - Configuration: Configuration updated.
2026-05-28 18:08:36.559 INFO - Metrics: Started metrics on Micrometer
2026-05-28 18:08:36.827 WARNING - io.micrometer.core.instrument.MeterRegistry: This Gauge has been already registered (MeterId{name='jetty.connections.max', tags=[]}), the Gauge registration will be ignored. Note that subsequent logs will be logged at debug level.
2026-05-28 18:08:39.600 INFO - Core: Using runtime version '10.24.4.77222' for model version '10.24.4.77222'
2026-05-28 18:08:39.697 INFO - Core: The default timezone code is empty. UTC will be used instead.
2026-05-28 18:08:39.787 INFO - Core: Added 1 authority certificate(s).
2026-05-28 18:08:39.833 INFO - Core: Certificates were imported successfully to 'C:\Program Files (x86)\Camstar\Mendix Solutions\Apps\Mendix Semiconductor App\Project\model\resources\keystore'.
2026-05-28 18:08:39.849 INFO - Core: Initializing InternalCore and Modules...
2026-05-28 18:08:43.190 INFO - Services: Adding 1 authority certificate(s)
2026-05-28 18:08:43.884 INFO - Core: Initialized InternalCore and Modules.
2026-05-28 18:08:43.884 INFO - Core: Initializing ConnectionBus...
2026-05-28 18:08:44.676 INFO - Core: Initialized ConnectionBus.
2026-05-28 18:08:45.470 INFO - ConnectionBus: Database product information: Microsoft SQL Server 16.00.1000
2026-05-28 18:08:45.470 INFO - ConnectionBus: Database engine version: 16.0
2026-05-28 18:08:49.845 INFO - Core: Executing DDL commands...
2026-05-28 18:08:50.219 INFO - ConnectionBus: Executing 1412 database synchronization command(s)...
2026-05-28 18:08:52.810 INFO - ConnectionBus: Executing database synchronization commands finished.
2026-05-28 18:08:52.810 INFO - Core: Executed DDL commands.
2026-05-28 18:08:53.428 INFO - ConnectionBus: Database: Microsoft SQL Server 16.00.1000, name: 'localhost/Mendix'
Driver: Microsoft JDBC Driver 12.8 for SQL Server 12.8.1.0
2026-05-28 18:08:53.428 INFO - Core: Waiting for configured storage service: com.mendix.storage.localfilesystem
2026-05-28 18:08:53.432 INFO - Core: Storage service: Local file system storage, uploaded files path: C:\Program Files (x86)\Camstar\Mendix Solutions\Apps\Mendix Semiconductor App\Project\data\files
2026-05-28 18:08:53.434 INFO - Core: Configured storage service started.
2026-05-28 18:08:58.130 INFO - Core: This node is a cluster leader.
2026-05-28 18:08:58.963 INFO - TaskQueue: Synchronizing task queues.
2026-05-28 18:08:59.234 WARNING - Core: MxAdmin user with username 'MxAdmin' does not exist!
2026-05-28 18:08:59.296 INFO - Core: Initializing license subsystem.
2026-05-28 18:08:59.750 INFO - LicenseService: Project customer name is 'Mendix Ecosystems Unit – Siemens MXP'
2026-05-28 18:08:59.771 INFO - LicenseService: License expiration date is 'Mon Sep 22 05:30:00 IST 2053'
2026-05-28 18:08:59.771 INFO - LicenseService: License type is: 'Subscription'
2026-05-28 18:08:59.798 INFO - LicenseService: PredefinedLicenseService, received new license: This license:
- is a developer license: false
- has concurrent user restrictions: true
- license type: Subscription
- runtime mode: Production
- company: Mendix Ecosystems Unit – Siemens MXP
- separate anonymous users: true
- expiration date: Mon Sep 22 05:30:00 IST 2053
- components: Mobile
- products: Map()
- user limitations: 
2026-05-28 18:08:59.800 INFO - Core: Initialized license.
2026-05-28 18:09:01.975 INFO - TaskQueue: Initializing task queue manager with configuration: System.MendixWorkflows-WorkflowExecution(cc8b48dd-2c7e-4aa0-a614-3c683349cb72) -> Parallelism: 5 (node local), System.MendixWorkflows-DefaultTaskExecution(9d554d4e-7cf8-4a35-9504-a9f600f28e41) -> Parallelism: 3 (node local), EXCR_Commons.TaskQueue_LineAssignment(9065634d-5cc4-4cce-b49e-91a425cf8061) -> Parallelism: 1 (node local), System.ScheduledEventsQueue(59651013-f9bc-4fc1-b435-276439b07899) -> Parallelism: 10 (node local).
2026-05-28 18:09:01.989 INFO - ML Engine: ML Engine is initialized.
2026-05-28 18:09:01.989 INFO - Workflow Engine: Initializing Workflow Engine...
2026-05-28 18:09:02.219 INFO - Workflow Engine: Workflow Engine is initialized.
2026-05-28 18:09:02.225 INFO - Core: Running after-startup-action...
2026-05-28 18:09:05.320 INFO - SAML_SSO: Loading urn:oasis:names:tc:SAML:2.0:protocol metadata from C:\Program Files (x86)\Camstar\Mendix Solutions\Apps\Mendix Semiconductor App\Project\data\tmp\saml_IdPFile1779971945310.xml
2026-05-28 18:09:05.379 INFO - Connector: Added request handler 'SSO/' with class 'saml20.implementation.SAMLRequestHandler'
2026-05-28 18:09:05.379 INFO - Connector: Added request handler 'sso/' with class 'saml20.implementation.SAMLRequestHandler'
2026-05-28 18:09:05.379 INFO - Connector: Added request handler 'SSO/logout' with class 'saml20.implementation.SAMLRequestHandler'
2026-05-28 18:09:05.379 INFO - Connector: Added request handler 'sso/logout' with class 'saml20.implementation.SAMLRequestHandler'
2026-05-28 18:09:05.379 INFO - SAML_SSO: SAML SSO RequestHandler has been added to path 'SSO/'
2026-05-28 18:09:05.437 INFO - SAML_SSO: Loading urn:oasis:names:tc:SAML:2.0:protocol metadata from C:\Program Files (x86)\Camstar\Mendix Solutions\Apps\Mendix Semiconductor App\Project\data\tmp\saml_IdPFile1779971945432.xml
2026-05-28 18:09:05.545 INFO - Connector: Added request handler 'SubmitLoginForm' with class 'saml20.actions.SubmitLoginFormJS.JSRequestHandler'
2026-05-28 18:09:05.547 INFO - Connector: Added request handler 'docgen/' with class 'documentgeneration.implementation.DocGenRequestHandler'
2026-05-28 18:09:05.549 INFO - DocumentGeneration: Added document generation request handler
2026-05-28 18:09:05.569 INFO - Core: Successfully ran after-startup-action.
2026-05-28 18:09:05.637 INFO - Core: Scheduling all cluster management actions. It will: cleanup expired sessions from the database; migrate old files; populate missing file document sizes; cleanup orphaned files; cleanup leftover unreferenced file entries; cleanup old scheduled event information from the database; cleanup old processed tasks from the database.
2026-05-28 18:09:05.669 INFO - Core: Synchronizing scheduled events: All
2026-05-28 18:09:05.700 INFO - ActionManager: Scheduling ClusterManagement-CleanupProcessedTasks to run every 300000 milliseconds, starting at 2026-05-28 18:13:23 (UTC)
2026-05-28 18:09:05.764 INFO - ActionManager: Scheduling ClusterManagement-CleanupBackgroundJobs to run every 300000 milliseconds, starting at 2026-05-28 18:09:06 (UTC)
2026-05-28 18:09:05.770 INFO - ActionManager: Scheduling ClusterManagement-CleanupTmpDocuments to run every 300000 milliseconds, starting at 2026-05-28 18:09:06 (UTC)
2026-05-28 18:09:05.770 INFO - ActionManager: Scheduling ClusterManagement-CleanupUnreferencedFiles to run every 300000 milliseconds, starting at 2026-05-28 18:11:58 (UTC)
2026-05-28 18:09:05.779 INFO - ActionManager: Scheduling ClusterManagement-CleanupSessions to run every 300000 milliseconds, starting at 2026-05-28 18:09:06 (UTC)
2026-05-28 18:09:05.797 INFO - ActionManager: Scheduling SAML20.SE_SynchronizeIdPMetadata to run every day at 02:00, starting at 2026-05-29 07:30:00 (SERVER: Coordinated Universal Time)
2026-05-28 18:09:05.810 INFO - ActionManager: Scheduling ClusterManagement-CleanupOrphanedFiles to run every 300000 milliseconds, starting at 2026-05-28 18:11:15 (UTC)
2026-05-28 18:09:05.819 INFO - ActionManager: Scheduling ClusterManagement-CleanupOfflineSyncHistory to run every 300000 milliseconds, starting at 2026-05-28 18:09:06 (UTC)
2026-05-28 18:09:05.826 INFO - ActionManager: Scheduling ClusterManagement-MigrateOldFiles to run every 300000 milliseconds, starting at 2026-05-28 18:09:49 (UTC)
2026-05-28 18:09:05.833 INFO - ActionManager: Scheduling DocumentGeneration.SE_DocumentRequest_Cleanup to run every day at 03:00, starting at 2026-05-29 08:30:00 (UTC)
2026-05-28 18:09:05.836 INFO - ActionManager: Scheduling ClusterManagement-CleanupScheduledEvents to run every 300000 milliseconds, starting at 2026-05-28 18:12:40 (UTC)
2026-05-28 18:09:05.841 INFO - ActionManager: Scheduling ClusterManagement-CleanupOfflineGUIDs to run every 300000 milliseconds, starting at 2026-05-28 18:09:06 (UTC)
2026-05-28 18:09:05.849 INFO - ActionManager: Scheduling ClusterManagement-UnblockUsers to run every 5 minutes, starting at 2026-05-28 18:09:10 (UTC)
2026-05-28 18:09:05.849 INFO - ActionManager: Scheduling DocumentGeneration.SE_AccessToken_Refresh to run every 8 hours, starting at 2026-05-28 21:30:00 (UTC)
2026-05-28 18:09:05.862 INFO - ActionManager: Scheduling SAML20.SE_LogCleanUp to run every day at 04:00, starting at 2026-05-29 09:30:00 (SERVER: Coordinated Universal Time)
2026-05-28 18:09:05.870 INFO - ActionManager: Scheduling ClusterManagement-PopulateFileDocumentSizes to run every 300000 milliseconds, starting at 2026-05-28 18:10:32 (UTC)
2026-05-28 18:09:06.039 INFO - Connector: Added request handler '' with class 'com.mendix.webui.requesthandling.ResourceRequestHandler'
2026-05-28 18:09:06.205 INFO - Connector: Added request handler 'xas/' with class 'com.mendix.webui.requesthandling.ClientRequestHandler'
2026-05-28 18:09:06.221 INFO - Connector: Added request handler 'file' with class 'com.mendix.webui.requesthandling.FileRequestHandler'
2026-05-28 18:09:06.226 INFO - Connector: Added request handler 'p/' with class 'com.mendix.webui.requesthandling.PageUrlRequestHandler'
2026-05-28 18:09:06.232 INFO - Connector: Added request handler 'manifest.webmanifest' with class 'com.mendix.webui.requesthandling.WebAppManifestHandler'
2026-05-28 18:09:06.786 INFO - Connector: Added request handler 'api-doc/' with class 'com.mendix.integration.requesthandlers.ProcessorRequestHandler'
2026-05-28 18:09:06.786 INFO - Connector: Added request handler 'v1/' with class 'com.mendix.integration.requesthandlers.RestRequestHandler'
2026-05-28 18:09:06.786 INFO - Connector: Added request handler 'rest/' with class 'com.mendix.integration.requesthandlers.RestRequestHandler'
2026-05-28 18:09:06.790 INFO - Connector: Added request handler 'odata/' with class 'com.mendix.integration.requesthandlers.ServiceRequestHandler'
2026-05-28 18:09:06.790 INFO - Connector: Added request handler 'odata-doc/' with class 'com.mendix.integration.requesthandlers.ProcessorRequestHandler'
2026-05-28 18:09:06.790 INFO - Connector: Added request handler 'rest-doc/' with class 'com.mendix.integration.requesthandlers.ProcessorRequestHandler'
2026-05-28 18:09:06.802 INFO - Core: Mendix Runtime successfully started, the application is now available.
2026-05-29 09:03:02.070 INFO - DocumentGeneration: Start scheduled event for cleanup of expired document requests
2026-05-29 09:03:02.162 INFO - DocumentGeneration: Finished scheduled event for cleanup of expired document requests. Removed 0 expired requests.
2026-05-30 20:08:04.779 INFO - DocumentGeneration: Start scheduled event for cleanup of expired document requests
2026-05-30 20:08:05.207 INFO - DocumentGeneration: Finished scheduled event for cleanup of expired document requests. Removed 0 expired requests.
2026-06-01 08:29:12.472 INFO - DocumentGeneration: Start scheduled event for cleanup of expired document requests
2026-06-01 08:29:12.693 INFO - DocumentGeneration: Finished scheduled event for cleanup of expired document requests. Removed 0 expired requests.
2026-06-01 08:30:00.257 INFO - DocumentGeneration: Start scheduled event for cleanup of expired document requests
2026-06-01 08:30:00.277 INFO - DocumentGeneration: Finished scheduled event for cleanup of expired document requests. Removed 0 expired requests.
2026-06-02 10:44:33.500 INFO - DocumentGeneration: Start scheduled event for cleanup of expired document requests
2026-06-02 10:44:34.905 INFO - DocumentGeneration: Finished scheduled event for cleanup of expired document requests. Removed 0 expired requests.
2026-06-03 08:30:00.512 INFO - DocumentGeneration: Start scheduled event for cleanup of expired document requests
2026-06-03 08:30:00.534 INFO - DocumentGeneration: Finished scheduled event for cleanup of expired document requests. Removed 0 expired requests.
2026-06-04 08:30:00.126 INFO - DocumentGeneration: Start scheduled event for cleanup of expired document requests
2026-06-04 08:30:00.147 INFO - DocumentGeneration: Finished scheduled event for cleanup of expired document requests. Removed 0 expired requests.
2026-06-05 09:05:41.473 INFO - DocumentGeneration: Start scheduled event for cleanup of expired document requests
2026-06-05 09:05:41.586 INFO - DocumentGeneration: Finished scheduled event for cleanup of expired document requests. Removed 0 expired requests.
2026-06-05 09:05:49.427 WARNING - TaskQueue: Cannot move task 'ClusterManagement-PopulateFileDocumentSizes()' from task queue 'System.ScheduledEventsQueue' with id 392376117537745854 to processed tasks log. The status is Running. Starting to retry now.
com.mendix.core.CoreRuntimeException: Failed to commit
	at com.mendix.basis.component.TransactionCore.doCommit(TransactionCore.scala:165)

Caused by: com.mendix.core.CoreRuntimeException: com.mendix.systemwideinterfaces.MendixRuntimeException: com.mendix.core.CoreRuntimeException: Exception occurred in action '{"before":[{}],"action":{"type":"CommitAction"},"after":[],"type":"EventExtendedAction"}', all database changes executed by this action were rolled back
	at com.mendix.basis.actionmanagement.ActionManager.executeSync(ActionManager.scala:126)

Caused by: com.mendix.systemwideinterfaces.MendixRuntimeException: com.mendix.core.CoreRuntimeException: Exception occurred in action '{"before":[{}],"action":{"type":"CommitAction"},"after":[],"type":"EventExtendedAction"}', all database changes executed by this action were rolled back
	at com.mendix.util.classloading.Runner$.withContextClassLoader(Runner.scala:23)

Caused by: com.mendix.core.CoreRuntimeException: Exception occurred in action '{"before":[{}],"action":{"type":"CommitAction"},"after":[],"type":"EventExtendedAction"}', all database changes executed by this action were rolled back
	at com.mendix.basis.actionmanagement.CoreActionHandlerImpl.processErrorState(CoreActionHandlerImpl.scala:155)

Caused by: com.mendix.core.CoreException: com.mendix.core.CoreRuntimeException: com.mendix.systemwideinterfaces.MendixRuntimeException: com.mendix.datastorage.exception.UpdateConflictException
	at com.mendix.basis.actionmanagement.SyncEventExtendedAction.executeAction(SyncEventExtendedAction.scala:31)

Caused by: com.mendix.core.CoreRuntimeException: com.mendix.systemwideinterfaces.MendixRuntimeException: com.mendix.datastorage.exception.UpdateConflictException
	at com.mendix.basis.actionmanagement.ActionManager.executeSync(ActionManager.scala:126)

Caused by: com.mendix.systemwideinterfaces.MendixRuntimeException: com.mendix.datastorage.exception.UpdateConflictException
	at com.mendix.util.classloading.Runner$.withContextClassLoader(Runner.scala:23)

Caused by: com.mendix.datastorage.exception.UpdateConflictException: null
	at com.mendix.connectionbus.connections.jdbc.JdbcDataStore.withPreparedStatement(JdbcDataStore.scala:1169)
	at com.mendix.connectionbus.connections.jdbc.JdbcDataStore.$anonfun$execModificationQueries$1(JdbcDataStore.scala:904)
	at com.mendix.connectionbus.connections.jdbc.JdbcDataStore.$anonfun$execModificationQueries$1$adapted(JdbcDataStore.scala:904)
	at com.mendix.connectionbus.connections.jdbc.JdbcDataStore.$anonfun$executeWithUcViolationHandling$1(JdbcDataStore.scala:1077)
	at scala.runtime.java8.JFunction0$mcZ$sp.apply(JFunction0$mcZ$sp.scala:17)
	at scala.util.Try$.apply(Try.scala:217)
	at com.mendix.connectionbus.connections.jdbc.JdbcDataStore.executeWithUcViolationHandling(JdbcDataStore.scala:1077)
	at com.mendix.connectionbus.connections.jdbc.JdbcDataStore.doModificationQueries$1(JdbcDataStore.scala:907)
	at com.mendix.connectionbus.connections.jdbc.JdbcDataStore.$anonfun$execModificationQueries$3(JdbcDataStore.scala:910)
	at com.mendix.connectionbus.connections.jdbc.JdbcDataStore.executeWithRetry(JdbcDataStore.scala:923)
	at com.mendix.connectionbus.connections.jdbc.JdbcDataStore.execModificationQueries(JdbcDataStore.scala:910)
	at com.mendix.connectionbus.connections.jdbc.JdbcDataStore.execCreateQueries(JdbcDataStore.scala:819)
	at com.mendix.connectionbus.connections.jdbc.JdbcDataStore.$anonfun$store$1(JdbcDataStore.scala:389)
	at com.mendix.connectionbus.connections.jdbc.JdbcDataStore.$anonfun$store$1$adapted(JdbcDataStore.scala:387)
	at scala.collection.immutable.List.map(List.scala:247)
	at scala.collection.immutable.List.map(List.scala:79)
	at com.mendix.connectionbus.connections.jdbc.JdbcDataStore.store(JdbcDataStore.scala:387)
	at com.mendix.connectionbus.store.EntityStorer.storeDataSetInstance(EntityStorer.scala:179)
	at com.mendix.connectionbus.store.EntityStorer.handleCreateRequest(EntityStorer.scala:144)
	at com.mendix.connectionbus.store.EntityStorer.handleRequest(EntityStorer.scala:113)
	at com.mendix.connectionbus.store.EntityStorer.store(EntityStorer.scala:40)
	at com.mendix.connectionbus.RequestAnalyzer.doRequest(RequestAnalyzer.scala:45)
	at com.mendix.connectionbus.ConnectionBusImpl.doRequest(ConnectionBusImpl.scala:483)
	at com.mendix.basis.action.user.CommitAction.commit(CommitAction.scala:160)
	at com.mendix.basis.action.user.CommitAction.$anonfun$commitPersistableObjects$5(CommitAction.scala:112)
	at scala.runtime.java8.JFunction0$mcV$sp.apply(JFunction0$mcV$sp.scala:18)
	at scala.util.Try$.apply(Try.scala:217)
	at com.mendix.basis.action.user.CommitAction.commitPersistableObjects(CommitAction.scala:112)
	at com.mendix.basis.action.user.CommitAction.executeAction(CommitAction.scala:58)
	at com.mendix.basis.action.user.CommitAction.executeAction(CommitAction.scala:32)
	at com.mendix.systemwideinterfaces.core.UserAction.execute(UserAction.java:73)
	at com.mendix.basis.actionmanagement.CoreActionHandlerImpl.doCall(CoreActionHandlerImpl.scala:73)
	at com.mendix.basis.actionmanagement.CoreActionHandlerImpl.call(CoreActionHandlerImpl.scala:49)
	at com.mendix.core.actionmanagement.internal.InternalCoreAction.call(InternalCoreAction.java:81)
	at com.mendix.basis.actionmanagement.ActionManager.$anonfun$executeSync$2(ActionManager.scala:123)
	at com.mendix.util.classloading.Runner$.withContextClassLoader(Runner.scala:20)
	at com.mendix.basis.actionmanagement.ActionManager.executeSync(ActionManager.scala:123)
	at com.mendix.basis.actionmanagement.SyncEventExtendedAction.executeAction(SyncEventExtendedAction.scala:28)
	at com.mendix.basis.actionmanagement.EventExtendedAction.execute(EventExtendedAction.scala:62)
	at com.mendix.basis.actionmanagement.CoreActionHandlerImpl.doCall(CoreActionHandlerImpl.scala:73)
	at com.mendix.basis.actionmanagement.CoreActionHandlerImpl.call(CoreActionHandlerImpl.scala:49)
	at com.mendix.core.actionmanagement.internal.InternalCoreAction.call(InternalCoreAction.java:81)
	at com.mendix.basis.actionmanagement.CoreActionHandlerImpl.$anonfun$runMonitoredAction$1(CoreActionHandlerImpl.scala:60)
	at com.mendix.basis.actionmanagement.ActionMonitoring$.$anonfun$monitor$1(ActionMonitoring.scala:52)
	at com.mendix.util.classloading.Runner$.withContextClassLoader(Runner.scala:20)
	at com.mendix.basis.actionmanagement.ActionMonitoring$.monitor(ActionMonitoring.scala:52)
	at com.mendix.basis.actionmanagement.CoreActionHandlerImpl.runMonitoredAction(CoreActionHandlerImpl.scala:60)
	at com.mendix.basis.actionmanagement.CoreActionHandlerImpl.call(CoreActionHandlerImpl.scala:47)
	at com.mendix.core.actionmanagement.internal.InternalCoreAction.call(InternalCoreAction.java:81)
	at com.mendix.basis.actionmanagement.ActionManager.$anonfun$executeSync$2(ActionManager.scala:123)
	at com.mendix.util.classloading.Runner$.withContextClassLoader(Runner.scala:20)
	at com.mendix.basis.actionmanagement.ActionManager.executeSync(ActionManager.scala:123)
	at com.mendix.basis.actionmanagement.ActionManager.$anonfun$executeInTransactionSync$1(ActionManager.scala:131)
	at scala.util.Try$.apply(Try.scala:217)
	at com.mendix.basis.actionmanagement.ActionManager.tryExecute$1(ActionManager.scala:131)
	at com.mendix.basis.actionmanagement.ActionManager.executeInTransactionSync(ActionManager.scala:132)
	at com.mendix.basis.component.TransactionCore.doStore$1(TransactionCore.scala:207)
	at com.mendix.basis.component.TransactionCore.storeObjectsAndAutoCommittedObjects(TransactionCore.scala:215)
	at com.mendix.basis.component.TransactionCore.doCommit(TransactionCore.scala:144)
	at com.mendix.basis.component.TransactionCore.commit(TransactionCore.scala:117)
	at com.mendix.basis.component.TransactionCore.commit$(TransactionCore.scala:111)
	at com.mendix.basis.component.InternalCore.commit(InternalCore.scala:22)
	at com.mendix.basis.component.TransactionCore.commitWithEvents(TransactionCore.scala:67)
	at com.mendix.basis.component.TransactionCore.commit(TransactionCore.scala:26)
	at com.mendix.basis.component.TransactionCore.commit$(TransactionCore.scala:25)
	at com.mendix.basis.component.InternalCore.commit(InternalCore.scala:22)
	at com.mendix.basis.component.TransactionCore.commit(TransactionCore.scala:21)
	at com.mendix.basis.component.TransactionCore.commit$(TransactionCore.scala:21)
	at com.mendix.basis.component.InternalCore.commit(InternalCore.scala:22)
	at com.mendix.modules.queue.TaskQueue.$anonfun$copyToProcessedTasks$1(TaskQueue.scala:321)
	at scala.runtime.java8.JFunction0$mcV$sp.apply(JFunction0$mcV$sp.scala:18)
	at scala.util.Try$.apply(Try.scala:217)
	at com.mendix.modules.queue.TaskQueue.copyToProcessedTasks(TaskQueue.scala:319)
	at com.mendix.modules.queue.TaskQueue.moveToProcessedTasks(TaskQueue.scala:314)
	at com.mendix.modules.queue.TaskQueue.$anonfun$doRemove$2(TaskQueue.scala:186)
	at scala.util.Success.flatMap(Try.scala:266)
	at com.mendix.modules.queue.TaskQueue.$anonfun$doRemove$1(TaskQueue.scala:186)
	at com.mendix.util.ContextUtil$RichContext$.withTransaction$extension(ContextUtil.scala:17)
	at com.mendix.modules.queue.TaskQueue.doRemove(TaskQueue.scala:186)
	at com.mendix.modules.queue.TaskQueue.tryRemove$1(TaskQueue.scala:159)
	at com.mendix.modules.queue.TaskQueue.remove(TaskQueue.scala:171)
	at com.mendix.modules.queue.TaskDispatcher.executeTask(TaskDispatcher.scala:268)
	at com.mendix.modules.queue.TaskDispatcher.$anonfun$dispatchTask$3(TaskDispatcher.scala:226)
	at com.mendix.modules.queue.MendixTaskQueueMetrics$QueueBasedMetricsImpl.$anonfun$timeTaskExecution$1(TaskQueueMetrics.scala:44)
	at io.micrometer.core.instrument.composite.CompositeTimer.record(CompositeTimer.java:69)
	at com.mendix.metrics.micrometer.MicrometerTimer.record(MicrometerTimer.scala:29)
	at com.mendix.modules.queue.MendixTaskQueueMetrics$QueueBasedMetricsImpl.timeTaskExecution(TaskQueueMetrics.scala:44)
	at com.mendix.modules.queue.TaskDispatcher.$anonfun$dispatchTask$2(TaskDispatcher.scala:226)
	at com.mendix.modules.opentelemetry.OpenTelemetryUtil$.$anonfun$usingSpanWithCustomStatus$2(OpenTelemetryUtil.scala:37)
	at scala.util.Using$.apply(Using.scala:296)
	at com.mendix.modules.opentelemetry.OpenTelemetryUtil$.usingSpanWithCustomStatus(OpenTelemetryUtil.scala:36)
	at com.mendix.modules.opentelemetry.OpenTelemetryUtil$.usingSpanWithCustomStatus(OpenTelemetryUtil.scala:53)
	at com.mendix.modules.opentelemetry.OpenTelemetryUtil$.withSpanWithCustomStatus(OpenTelemetryUtil.scala:15)
	at com.mendix.modules.queue.TaskDispatcher.$anonfun$dispatchTask$1(TaskDispatcher.scala:213)
	at java.base/java.util.concurrent.ThreadPoolExecutor.runWorker(ThreadPoolExecutor.java:1144)
	at java.base/java.util.concurrent.ThreadPoolExecutor$Worker.run(ThreadPoolExecutor.java:642)
	at java.base/java.lang.Thread.run(Thread.java:1583)

Caused by: com.microsoft.sqlserver.jdbc.SQLServerException: Transaction (Process ID 103) was deadlocked on lock resources with another process and has been chosen as the deadlock victim. Rerun the transaction.
	at com.microsoft.sqlserver.jdbc.SQLServerException.makeFromDatabaseError(SQLServerException.java:270)
	at com.microsoft.sqlserver.jdbc.SQLServerStatement.getNextResult(SQLServerStatement.java:1735)
	at com.microsoft.sqlserver.jdbc.SQLServerPreparedStatement.doExecutePreparedStatement(SQLServerPreparedStatement.java:675)
	at com.microsoft.sqlserver.jdbc.SQLServerPreparedStatement$PrepStmtExecCmd.doExecute(SQLServerPreparedStatement.java:594)
	at com.microsoft.sqlserver.jdbc.TDSCommand.execute(IOBuffer.java:7745)
	at com.microsoft.sqlserver.jdbc.SQLServerConnection.executeCommand(SQLServerConnection.java:4391)
	at com.microsoft.sqlserver.jdbc.SQLServerStatement.executeCommand(SQLServerStatement.java:276)
	at com.microsoft.sqlserver.jdbc.SQLServerStatement.executeStatement(SQLServerStatement.java:246)
	at com.microsoft.sqlserver.jdbc.SQLServerPreparedStatement.executeUpdate(SQLServerPreparedStatement.java:537)
	at org.apache.commons.dbcp2.DelegatingPreparedStatement.executeUpdate(DelegatingPreparedStatement.java:137)
	at org.apache.commons.dbcp2.DelegatingPreparedStatement.executeUpdate(DelegatingPreparedStatement.java:137)
	at com.mendix.connectionbus.connections.jdbc.JdbcDataStore.doModification(JdbcDataStore.scala:950)
	at com.mendix.connectionbus.connections.jdbc.JdbcDataStore.doInsert(JdbcDataStore.scala:825)
	at com.mendix.connectionbus.connections.jdbc.JdbcDataStore.$anonfun$execCreateQueries$2(JdbcDataStore.scala:819)
	at com.mendix.connectionbus.connections.jdbc.JdbcDataStore.$anonfun$execCreateQueries$2$adapted(JdbcDataStore.scala:819)
	at com.mendix.connectionbus.connections.jdbc.JdbcDataStore.$anonfun$execModificationQueries$2(JdbcDataStore.scala:905)
	at com.mendix.connectionbus.connections.jdbc.JdbcDataStore.$anonfun$execModificationQueries$2$adapted(JdbcDataStore.scala:905)
	at com.mendix.connectionbus.connections.jdbc.JdbcDataStore.$anonfun$executeWithUcViolationHandling$2(JdbcDataStore.scala:1077)
	at com.mendix.connectionbus.connections.jdbc.JdbcDataStore.$anonfun$executeWithUcViolationHandling$2$adapted(JdbcDataStore.scala:1077)
	at com.mendix.connectionbus.connections.jdbc.JdbcDataStore.$anonfun$withPreparedStatement$1(JdbcDataStore.scala:1147)
	at scala.util.Try$.apply(Try.scala:217)
	at com.mendix.connectionbus.connections.jdbc.JdbcDataStore$.withLogging(JdbcDataStore.scala:71)
	at com.mendix.connectionbus.connections.jdbc.JdbcDataStore.withPreparedStatement(JdbcDataStore.scala:1147)
	at com.mendix.connectionbus.connections.jdbc.JdbcDataStore.$anonfun$execModificationQueries$1(JdbcDataStore.scala:904)
	at com.mendix.connectionbus.connections.jdbc.JdbcDataStore.$anonfun$execModificationQueries$1$adapted(JdbcDataStore.scala:904)
	at com.mendix.connectionbus.connections.jdbc.JdbcDataStore.$anonfun$executeWithUcViolationHandling$1(JdbcDataStore.scala:1077)
	at scala.runtime.java8.JFunction0$mcZ$sp.apply(JFunction0$mcZ$sp.scala:17)
	at scala.util.Try$.apply(Try.scala:217)
	at com.mendix.connectionbus.connections.jdbc.JdbcDataStore.executeWithUcViolationHandling(JdbcDataStore.scala:1077)
	at com.mendix.connectionbus.connections.jdbc.JdbcDataStore.doModificationQueries$1(JdbcDataStore.scala:907)
	at com.mendix.connectionbus.connections.jdbc.JdbcDataStore.$anonfun$execModificationQueries$3(JdbcDataStore.scala:910)
	at com.mendix.connectionbus.connections.jdbc.JdbcDataStore.executeWithRetry(JdbcDataStore.scala:923)
	at com.mendix.connectionbus.connections.jdbc.JdbcDataStore.execModificationQueries(JdbcDataStore.scala:910)
	at com.mendix.connectionbus.connections.jdbc.JdbcDataStore.execCreateQueries(JdbcDataStore.scala:819)
	at com.mendix.connectionbus.connections.jdbc.JdbcDataStore.$anonfun$store$1(JdbcDataStore.scala:389)
	at com.mendix.connectionbus.connections.jdbc.JdbcDataStore.$anonfun$store$1$adapted(JdbcDataStore.scala:387)
	at scala.collection.immutable.List.map(List.scala:247)
	at scala.collection.immutable.List.map(List.scala:79)
	at com.mendix.connectionbus.connections.jdbc.JdbcDataStore.store(JdbcDataStore.scala:387)
	at com.mendix.connectionbus.store.EntityStorer.storeDataSetInstance(EntityStorer.scala:179)
	at com.mendix.connectionbus.store.EntityStorer.handleCreateRequest(EntityStorer.scala:144)
	at com.mendix.connectionbus.store.EntityStorer.handleRequest(EntityStorer.scala:113)
	at com.mendix.connectionbus.store.EntityStorer.store(EntityStorer.scala:40)
	at com.mendix.connectionbus.RequestAnalyzer.doRequest(RequestAnalyzer.scala:45)
	at com.mendix.connectionbus.ConnectionBusImpl.doRequest(ConnectionBusImpl.scala:483)
	at com.mendix.basis.action.user.CommitAction.commit(CommitAction.scala:160)
	at com.mendix.basis.action.user.CommitAction.$anonfun$commitPersistableObjects$5(CommitAction.scala:112)
	at scala.runtime.java8.JFunction0$mcV$sp.apply(JFunction0$mcV$sp.scala:18)
	at scala.util.Try$.apply(Try.scala:217)
	at com.mendix.basis.action.user.CommitAction.commitPersistableObjects(CommitAction.scala:112)
	at com.mendix.basis.action.user.CommitAction.executeAction(CommitAction.scala:58)
	at com.mendix.basis.action.user.CommitAction.executeAction(CommitAction.scala:32)
	at com.mendix.systemwideinterfaces.core.UserAction.execute(UserAction.java:73)
	at com.mendix.basis.actionmanagement.CoreActionHandlerImpl.doCall(CoreActionHandlerImpl.scala:73)
	at com.mendix.basis.actionmanagement.CoreActionHandlerImpl.call(CoreActionHandlerImpl.scala:49)
	at com.mendix.core.actionmanagement.internal.InternalCoreAction.call(InternalCoreAction.java:81)
	at com.mendix.basis.actionmanagement.ActionManager.$anonfun$executeSync$2(ActionManager.scala:123)
	at com.mendix.util.classloading.Runner$.withContextClassLoader(Runner.scala:20)
	at com.mendix.basis.actionmanagement.ActionManager.executeSync(ActionManager.scala:123)
	at com.mendix.basis.actionmanagement.SyncEventExtendedAction.executeAction(SyncEventExtendedAction.scala:28)
	at com.mendix.basis.actionmanagement.EventExtendedAction.execute(EventExtendedAction.scala:62)
	at com.mendix.basis.actionmanagement.CoreActionHandlerImpl.doCall(CoreActionHandlerImpl.scala:73)
	at com.mendix.basis.actionmanagement.CoreActionHandlerImpl.call(CoreActionHandlerImpl.scala:49)
	at com.mendix.core.actionmanagement.internal.InternalCoreAction.call(InternalCoreAction.java:81)
	at com.mendix.basis.actionmanagement.CoreActionHandlerImpl.$anonfun$runMonitoredAction$1(CoreActionHandlerImpl.scala:60)
	at com.mendix.basis.actionmanagement.ActionMonitoring$.$anonfun$monitor$1(ActionMonitoring.scala:52)
	at com.mendix.util.classloading.Runner$.withContextClassLoader(Runner.scala:20)
	at com.mendix.basis.actionmanagement.ActionMonitoring$.monitor(ActionMonitoring.scala:52)
	at com.mendix.basis.actionmanagement.CoreActionHandlerImpl.runMonitoredAction(CoreActionHandlerImpl.scala:60)
	at com.mendix.basis.actionmanagement.CoreActionHandlerImpl.call(CoreActionHandlerImpl.scala:47)
	at com.mendix.core.actionmanagement.internal.InternalCoreAction.call(InternalCoreAction.java:81)
	at com.mendix.basis.actionmanagement.ActionManager.$anonfun$executeSync$2(ActionManager.scala:123)
	at com.mendix.util.classloading.Runner$.withContextClassLoader(Runner.scala:20)
	at com.mendix.basis.actionmanagement.ActionManager.executeSync(ActionManager.scala:123)
	at com.mendix.basis.actionmanagement.ActionManager.$anonfun$executeInTransactionSync$1(ActionManager.scala:131)
	at scala.util.Try$.apply(Try.scala:217)
	at com.mendix.basis.actionmanagement.ActionManager.tryExecute$1(ActionManager.scala:131)
	at com.mendix.basis.actionmanagement.ActionManager.executeInTransactionSync(ActionManager.scala:132)
	at com.mendix.basis.component.TransactionCore.doStore$1(TransactionCore.scala:207)
	at com.mendix.basis.component.TransactionCore.storeObjectsAndAutoCommittedObjects(TransactionCore.scala:215)
	at com.mendix.basis.component.TransactionCore.doCommit(TransactionCore.scala:144)
	at com.mendix.basis.component.TransactionCore.commit(TransactionCore.scala:117)
	at com.mendix.basis.component.TransactionCore.commit$(TransactionCore.scala:111)
	at com.mendix.basis.component.InternalCore.commit(InternalCore.scala:22)
	at com.mendix.basis.component.TransactionCore.commitWithEvents(TransactionCore.scala:67)
	at com.mendix.basis.component.TransactionCore.commit(TransactionCore.scala:26)
	at com.mendix.basis.component.TransactionCore.commit$(TransactionCore.scala:25)
	at com.mendix.basis.component.InternalCore.commit(InternalCore.scala:22)
	at com.mendix.basis.component.TransactionCore.commit(TransactionCore.scala:21)
	at com.mendix.basis.component.TransactionCore.commit$(TransactionCore.scala:21)
	at com.mendix.basis.component.InternalCore.commit(InternalCore.scala:22)
	at com.mendix.modules.queue.TaskQueue.$anonfun$copyToProcessedTasks$1(TaskQueue.scala:321)
	at scala.runtime.java8.JFunction0$mcV$sp.apply(JFunction0$mcV$sp.scala:18)
	at scala.util.Try$.apply(Try.scala:217)
	at com.mendix.modules.queue.TaskQueue.copyToProcessedTasks(TaskQueue.scala:319)
	at com.mendix.modules.queue.TaskQueue.moveToProcessedTasks(TaskQueue.scala:314)
	at com.mendix.modules.queue.TaskQueue.$anonfun$doRemove$2(TaskQueue.scala:186)
	at scala.util.Success.flatMap(Try.scala:266)
	at com.mendix.modules.queue.TaskQueue.$anonfun$doRemove$1(TaskQueue.scala:186)
	at com.mendix.util.ContextUtil$RichContext$.withTransaction$extension(ContextUtil.scala:17)
	at com.mendix.modules.queue.TaskQueue.doRemove(TaskQueue.scala:186)
	at com.mendix.modules.queue.TaskQueue.tryRemove$1(TaskQueue.scala:159)
	at com.mendix.modules.queue.TaskQueue.remove(TaskQueue.scala:171)
	at com.mendix.modules.queue.TaskDispatcher.executeTask(TaskDispatcher.scala:268)
	at com.mendix.modules.queue.TaskDispatcher.$anonfun$dispatchTask$3(TaskDispatcher.scala:226)
	at com.mendix.modules.queue.MendixTaskQueueMetrics$QueueBasedMetricsImpl.$anonfun$timeTaskExecution$1(TaskQueueMetrics.scala:44)
	at io.micrometer.core.instrument.composite.CompositeTimer.record(CompositeTimer.java:69)
	at com.mendix.metrics.micrometer.MicrometerTimer.record(MicrometerTimer.scala:29)
	at com.mendix.modules.queue.MendixTaskQueueMetrics$QueueBasedMetricsImpl.timeTaskExecution(TaskQueueMetrics.scala:44)
	at com.mendix.modules.queue.TaskDispatcher.$anonfun$dispatchTask$2(TaskDispatcher.scala:226)
	at com.mendix.modules.opentelemetry.OpenTelemetryUtil$.$anonfun$usingSpanWithCustomStatus$2(OpenTelemetryUtil.scala:37)
	at scala.util.Using$.apply(Using.scala:296)
	at com.mendix.modules.opentelemetry.OpenTelemetryUtil$.usingSpanWithCustomStatus(OpenTelemetryUtil.scala:36)
	at com.mendix.modules.opentelemetry.OpenTelemetryUtil$.usingSpanWithCustomStatus(OpenTelemetryUtil.scala:53)
	at com.mendix.modules.opentelemetry.OpenTelemetryUtil$.withSpanWithCustomStatus(OpenTelemetryUtil.scala:15)
	at com.mendix.modules.queue.TaskDispatcher.$anonfun$dispatchTask$1(TaskDispatcher.scala:213)
	at java.base/java.util.concurrent.ThreadPoolExecutor.runWorker(ThreadPoolExecutor.java:1144)
	at java.base/java.util.concurrent.ThreadPoolExecutor$Worker.run(ThreadPoolExecutor.java:642)
	at java.base/java.lang.Thread.run(Thread.java:1583)

2026-06-05 09:05:53.453 WARNING - TaskQueue: Cannot move task 'ClusterManagement-CleanupTmpDocuments()' from task queue 'System.ScheduledEventsQueue' with id 392376117537745953 to processed tasks log. The status is Running. Starting to retry now.
com.mendix.core.CoreRuntimeException: Failed to commit
	at com.mendix.basis.component.TransactionCore.doCommit(TransactionCore.scala:165)

Caused by: com.mendix.core.CoreRuntimeException: com.mendix.systemwideinterfaces.MendixRuntimeException: com.mendix.core.CoreRuntimeException: Exception occurred in action '{"before":[{}],"action":{"type":"CommitAction"},"after":[],"type":"EventExtendedAction"}', all database changes executed by this action were rolled back
	at com.mendix.basis.actionmanagement.ActionManager.executeSync(ActionManager.scala:126)

Caused by: com.mendix.systemwideinterfaces.MendixRuntimeException: com.mendix.core.CoreRuntimeException: Exception occurred in action '{"before":[{}],"action":{"type":"CommitAction"},"after":[],"type":"EventExtendedAction"}', all database changes executed by this action were rolled back
	at com.mendix.util.classloading.Runner$.withContextClassLoader(Runner.scala:23)

Caused by: com.mendix.core.CoreRuntimeException: Exception occurred in action '{"before":[{}],"action":{"type":"CommitAction"},"after":[],"type":"EventExtendedAction"}', all database changes executed by this action were rolled back
	at com.mendix.basis.actionmanagement.CoreActionHandlerImpl.processErrorState(CoreActionHandlerImpl.scala:155)

Caused by: com.mendix.core.CoreException: com.mendix.core.CoreRuntimeException: com.mendix.systemwideinterfaces.MendixRuntimeException: com.mendix.datastorage.exception.UpdateConflictException
	at com.mendix.basis.actionmanagement.SyncEventExtendedAction.executeAction(SyncEventExtendedAction.scala:31)

Caused by: com.mendix.core.CoreRuntimeException: com.mendix.systemwideinterfaces.MendixRuntimeException: com.mendix.datastorage.exception.UpdateConflictException
	at com.mendix.basis.actionmanagement.ActionManager.executeSync(ActionManager.scala:126)

Caused by: com.mendix.systemwideinterfaces.MendixRuntimeException: com.mendix.datastorage.exception.UpdateConflictException
	at com.mendix.util.classloading.Runner$.withContextClassLoader(Runner.scala:23)

Caused by: com.mendix.datastorage.exception.UpdateConflictException: null
	at com.mendix.connectionbus.connections.jdbc.JdbcDataStore.withPreparedStatement(JdbcDataStore.scala:1169)
	at com.mendix.connectionbus.connections.jdbc.JdbcDataStore.$anonfun$execModificationQueries$1(JdbcDataStore.scala:904)
	at com.mendix.connectionbus.connections.jdbc.JdbcDataStore.$anonfun$execModificationQueries$1$adapted(JdbcDataStore.scala:904)
	at com.mendix.connectionbus.connections.jdbc.JdbcDataStore.$anonfun$executeWithUcViolationHandling$1(JdbcDataStore.scala:1077)
	at scala.runtime.java8.JFunction0$mcZ$sp.apply(JFunction0$mcZ$sp.scala:17)
	at scala.util.Try$.apply(Try.scala:217)
	at com.mendix.connectionbus.connections.jdbc.JdbcDataStore.executeWithUcViolationHandling(JdbcDataStore.scala:1077)
	at com.mendix.connectionbus.connections.jdbc.JdbcDataStore.doModificationQueries$1(JdbcDataStore.scala:907)
	at com.mendix.connectionbus.connections.jdbc.JdbcDataStore.$anonfun$execModificationQueries$3(JdbcDataStore.scala:910)
	at com.mendix.connectionbus.connections.jdbc.JdbcDataStore.executeWithRetry(JdbcDataStore.scala:923)
	at com.mendix.connectionbus.connections.jdbc.JdbcDataStore.execModificationQueries(JdbcDataStore.scala:910)
	at com.mendix.connectionbus.connections.jdbc.JdbcDataStore.execCreateQueries(JdbcDataStore.scala:819)
	at com.mendix.connectionbus.connections.jdbc.JdbcDataStore.$anonfun$store$1(JdbcDataStore.scala:389)
	at com.mendix.connectionbus.connections.jdbc.JdbcDataStore.$anonfun$store$1$adapted(JdbcDataStore.scala:387)
	at scala.collection.immutable.List.map(List.scala:247)
	at scala.collection.immutable.List.map(List.scala:79)
	at com.mendix.connectionbus.connections.jdbc.JdbcDataStore.store(JdbcDataStore.scala:387)
	at com.mendix.connectionbus.store.EntityStorer.storeDataSetInstance(EntityStorer.scala:179)
	at com.mendix.connectionbus.store.EntityStorer.handleCreateRequest(EntityStorer.scala:144)
	at com.mendix.connectionbus.store.EntityStorer.handleRequest(EntityStorer.scala:113)
	at com.mendix.connectionbus.store.EntityStorer.store(EntityStorer.scala:40)
	at com.mendix.connectionbus.RequestAnalyzer.doRequest(RequestAnalyzer.scala:45)
	at com.mendix.connectionbus.ConnectionBusImpl.doRequest(ConnectionBusImpl.scala:483)
	at com.mendix.basis.action.user.CommitAction.commit(CommitAction.scala:160)
	at com.mendix.basis.action.user.CommitAction.$anonfun$commitPersistableObjects$5(CommitAction.scala:112)
	at scala.runtime.java8.JFunction0$mcV$sp.apply(JFunction0$mcV$sp.scala:18)
	at scala.util.Try$.apply(Try.scala:217)
	at com.mendix.basis.action.user.CommitAction.commitPersistableObjects(CommitAction.scala:112)
	at com.mendix.basis.action.user.CommitAction.executeAction(CommitAction.scala:58)
	at com.mendix.basis.action.user.CommitAction.executeAction(CommitAction.scala:32)
	at com.mendix.systemwideinterfaces.core.UserAction.execute(UserAction.java:73)
	at com.mendix.basis.actionmanagement.CoreActionHandlerImpl.doCall(CoreActionHandlerImpl.scala:73)
	at com.mendix.basis.actionmanagement.CoreActionHandlerImpl.call(CoreActionHandlerImpl.scala:49)
	at com.mendix.core.actionmanagement.internal.InternalCoreAction.call(InternalCoreAction.java:81)
	at com.mendix.basis.actionmanagement.ActionManager.$anonfun$executeSync$2(ActionManager.scala:123)
	at com.mendix.util.classloading.Runner$.withContextClassLoader(Runner.scala:20)
	at com.mendix.basis.actionmanagement.ActionManager.executeSync(ActionManager.scala:123)
	at com.mendix.basis.actionmanagement.SyncEventExtendedAction.executeAction(SyncEventExtendedAction.scala:28)
	at com.mendix.basis.actionmanagement.EventExtendedAction.execute(EventExtendedAction.scala:62)
	at com.mendix.basis.actionmanagement.CoreActionHandlerImpl.doCall(CoreActionHandlerImpl.scala:73)
	at com.mendix.basis.actionmanagement.CoreActionHandlerImpl.call(CoreActionHandlerImpl.scala:49)
	at com.mendix.core.actionmanagement.internal.InternalCoreAction.call(InternalCoreAction.java:81)
	at com.mendix.basis.actionmanagement.CoreActionHandlerImpl.$anonfun$runMonitoredAction$1(CoreActionHandlerImpl.scala:60)
	at com.mendix.basis.actionmanagement.ActionMonitoring$.$anonfun$monitor$1(ActionMonitoring.scala:52)
	at com.mendix.util.classloading.Runner$.withContextClassLoader(Runner.scala:20)
	at com.mendix.basis.actionmanagement.ActionMonitoring$.monitor(ActionMonitoring.scala:52)
	at com.mendix.basis.actionmanagement.CoreActionHandlerImpl.runMonitoredAction(CoreActionHandlerImpl.scala:60)
	at com.mendix.basis.actionmanagement.CoreActionHandlerImpl.call(CoreActionHandlerImpl.scala:47)
	at com.mendix.core.actionmanagement.internal.InternalCoreAction.call(InternalCoreAction.java:81)
	at com.mendix.basis.actionmanagement.ActionManager.$anonfun$executeSync$2(ActionManager.scala:123)
	at com.mendix.util.classloading.Runner$.withContextClassLoader(Runner.scala:20)
	at com.mendix.basis.actionmanagement.ActionManager.executeSync(ActionManager.scala:123)
	at com.mendix.basis.actionmanagement.ActionManager.$anonfun$executeInTransactionSync$1(ActionManager.scala:131)
	at scala.util.Try$.apply(Try.scala:217)
	at com.mendix.basis.actionmanagement.ActionManager.tryExecute$1(ActionManager.scala:131)
	at com.mendix.basis.actionmanagement.ActionManager.executeInTransactionSync(ActionManager.scala:132)
	at com.mendix.basis.component.TransactionCore.doStore$1(TransactionCore.scala:207)
	at com.mendix.basis.component.TransactionCore.storeObjectsAndAutoCommittedObjects(TransactionCore.scala:215)
	at com.mendix.basis.component.TransactionCore.doCommit(TransactionCore.scala:144)
	at com.mendix.basis.component.TransactionCore.commit(TransactionCore.scala:117)
	at com.mendix.basis.component.TransactionCore.commit$(TransactionCore.scala:111)
	at com.mendix.basis.component.InternalCore.commit(InternalCore.scala:22)
	at com.mendix.basis.component.TransactionCore.commitWithEvents(TransactionCore.scala:67)
	at com.mendix.basis.component.TransactionCore.commit(TransactionCore.scala:26)
	at com.mendix.basis.component.TransactionCore.commit$(TransactionCore.scala:25)
	at com.mendix.basis.component.InternalCore.commit(InternalCore.scala:22)
	at com.mendix.basis.component.TransactionCore.commit(TransactionCore.scala:21)
	at com.mendix.basis.component.TransactionCore.commit$(TransactionCore.scala:21)
	at com.mendix.basis.component.InternalCore.commit(InternalCore.scala:22)
	at com.mendix.modules.queue.TaskQueue.$anonfun$copyToProcessedTasks$1(TaskQueue.scala:321)
	at scala.runtime.java8.JFunction0$mcV$sp.apply(JFunction0$mcV$sp.scala:18)
	at scala.util.Try$.apply(Try.scala:217)
	at com.mendix.modules.queue.TaskQueue.copyToProcessedTasks(TaskQueue.scala:319)
	at com.mendix.modules.queue.TaskQueue.moveToProcessedTasks(TaskQueue.scala:314)
	at com.mendix.modules.queue.TaskQueue.$anonfun$doRemove$2(TaskQueue.scala:186)
	at scala.util.Success.flatMap(Try.scala:266)
	at com.mendix.modules.queue.TaskQueue.$anonfun$doRemove$1(TaskQueue.scala:186)
	at com.mendix.util.ContextUtil$RichContext$.withTransaction$extension(ContextUtil.scala:17)
	at com.mendix.modules.queue.TaskQueue.doRemove(TaskQueue.scala:186)
	at com.mendix.modules.queue.TaskQueue.tryRemove$1(TaskQueue.scala:159)
	at com.mendix.modules.queue.TaskQueue.remove(TaskQueue.scala:171)
	at com.mendix.modules.queue.TaskDispatcher.executeTask(TaskDispatcher.scala:268)
	at com.mendix.modules.queue.TaskDispatcher.$anonfun$dispatchTask$3(TaskDispatcher.scala:226)
	at com.mendix.modules.queue.MendixTaskQueueMetrics$QueueBasedMetricsImpl.$anonfun$timeTaskExecution$1(TaskQueueMetrics.scala:44)
	at io.micrometer.core.instrument.composite.CompositeTimer.record(CompositeTimer.java:69)
	at com.mendix.metrics.micrometer.MicrometerTimer.record(MicrometerTimer.scala:29)
	at com.mendix.modules.queue.MendixTaskQueueMetrics$QueueBasedMetricsImpl.timeTaskExecution(TaskQueueMetrics.scala:44)
	at com.mendix.modules.queue.TaskDispatcher.$anonfun$dispatchTask$2(TaskDispatcher.scala:226)
	at com.mendix.modules.opentelemetry.OpenTelemetryUtil$.$anonfun$usingSpanWithCustomStatus$2(OpenTelemetryUtil.scala:37)
	at scala.util.Using$.apply(Using.scala:296)
	at com.mendix.modules.opentelemetry.OpenTelemetryUtil$.usingSpanWithCustomStatus(OpenTelemetryUtil.scala:36)
	at com.mendix.modules.opentelemetry.OpenTelemetryUtil$.usingSpanWithCustomStatus(OpenTelemetryUtil.scala:53)
	at com.mendix.modules.opentelemetry.OpenTelemetryUtil$.withSpanWithCustomStatus(OpenTelemetryUtil.scala:15)
	at com.mendix.modules.queue.TaskDispatcher.$anonfun$dispatchTask$1(TaskDispatcher.scala:213)
	at java.base/java.util.concurrent.ThreadPoolExecutor.runWorker(ThreadPoolExecutor.java:1144)
	at java.base/java.util.concurrent.ThreadPoolExecutor$Worker.run(ThreadPoolExecutor.java:642)
	at java.base/java.lang.Thread.run(Thread.java:1583)

Caused by: com.microsoft.sqlserver.jdbc.SQLServerException: Transaction (Process ID 106) was deadlocked on lock resources with another process and has been chosen as the deadlock victim. Rerun the transaction.
	at com.microsoft.sqlserver.jdbc.SQLServerException.makeFromDatabaseError(SQLServerException.java:270)
	at com.microsoft.sqlserver.jdbc.SQLServerStatement.getNextResult(SQLServerStatement.java:1735)
	at com.microsoft.sqlserver.jdbc.SQLServerPreparedStatement.doExecutePreparedStatement(SQLServerPreparedStatement.java:675)
	at com.microsoft.sqlserver.jdbc.SQLServerPreparedStatement$PrepStmtExecCmd.doExecute(SQLServerPreparedStatement.java:594)
	at com.microsoft.sqlserver.jdbc.TDSCommand.execute(IOBuffer.java:7745)
	at com.microsoft.sqlserver.jdbc.SQLServerConnection.executeCommand(SQLServerConnection.java:4391)
	at com.microsoft.sqlserver.jdbc.SQLServerStatement.executeCommand(SQLServerStatement.java:276)
	at com.microsoft.sqlserver.jdbc.SQLServerStatement.executeStatement(SQLServerStatement.java:246)
	at com.microsoft.sqlserver.jdbc.SQLServerPreparedStatement.executeUpdate(SQLServerPreparedStatement.java:537)
	at org.apache.commons.dbcp2.DelegatingPreparedStatement.executeUpdate(DelegatingPreparedStatement.java:137)
	at org.apache.commons.dbcp2.DelegatingPreparedStatement.executeUpdate(DelegatingPreparedStatement.java:137)
	at com.mendix.connectionbus.connections.jdbc.JdbcDataStore.doModification(JdbcDataStore.scala:950)
	at com.mendix.connectionbus.connections.jdbc.JdbcDataStore.doInsert(JdbcDataStore.scala:825)
	at com.mendix.connectionbus.connections.jdbc.JdbcDataStore.$anonfun$execCreateQueries$2(JdbcDataStore.scala:819)
	at com.mendix.connectionbus.connections.jdbc.JdbcDataStore.$anonfun$execCreateQueries$2$adapted(JdbcDataStore.scala:819)
	at com.mendix.connectionbus.connections.jdbc.JdbcDataStore.$anonfun$execModificationQueries$2(JdbcDataStore.scala:905)
	at com.mendix.connectionbus.connections.jdbc.JdbcDataStore.$anonfun$execModificationQueries$2$adapted(JdbcDataStore.scala:905)
	at com.mendix.connectionbus.connections.jdbc.JdbcDataStore.$anonfun$executeWithUcViolationHandling$2(JdbcDataStore.scala:1077)
	at com.mendix.connectionbus.connections.jdbc.JdbcDataStore.$anonfun$executeWithUcViolationHandling$2$adapted(JdbcDataStore.scala:1077)
	at com.mendix.connectionbus.connections.jdbc.JdbcDataStore.$anonfun$withPreparedStatement$1(JdbcDataStore.scala:1147)
	at scala.util.Try$.apply(Try.scala:217)
	at com.mendix.connectionbus.connections.jdbc.JdbcDataStore$.withLogging(JdbcDataStore.scala:71)
	at com.mendix.connectionbus.connections.jdbc.JdbcDataStore.withPreparedStatement(JdbcDataStore.scala:1147)
	at com.mendix.connectionbus.connections.jdbc.JdbcDataStore.$anonfun$execModificationQueries$1(JdbcDataStore.scala:904)
	at com.mendix.connectionbus.connections.jdbc.JdbcDataStore.$anonfun$execModificationQueries$1$adapted(JdbcDataStore.scala:904)
	at com.mendix.connectionbus.connections.jdbc.JdbcDataStore.$anonfun$executeWithUcViolationHandling$1(JdbcDataStore.scala:1077)
	at scala.runtime.java8.JFunction0$mcZ$sp.apply(JFunction0$mcZ$sp.scala:17)
	at scala.util.Try$.apply(Try.scala:217)
	at com.mendix.connectionbus.connections.jdbc.JdbcDataStore.executeWithUcViolationHandling(JdbcDataStore.scala:1077)
	at com.mendix.connectionbus.connections.jdbc.JdbcDataStore.doModificationQueries$1(JdbcDataStore.scala:907)
	at com.mendix.connectionbus.connections.jdbc.JdbcDataStore.$anonfun$execModificationQueries$3(JdbcDataStore.scala:910)
	at com.mendix.connectionbus.connections.jdbc.JdbcDataStore.executeWithRetry(JdbcDataStore.scala:923)
	at com.mendix.connectionbus.connections.jdbc.JdbcDataStore.execModificationQueries(JdbcDataStore.scala:910)
	at com.mendix.connectionbus.connections.jdbc.JdbcDataStore.execCreateQueries(JdbcDataStore.scala:819)
	at com.mendix.connectionbus.connections.jdbc.JdbcDataStore.$anonfun$store$1(JdbcDataStore.scala:389)
	at com.mendix.connectionbus.connections.jdbc.JdbcDataStore.$anonfun$store$1$adapted(JdbcDataStore.scala:387)
	at scala.collection.immutable.List.map(List.scala:247)
	at scala.collection.immutable.List.map(List.scala:79)
	at com.mendix.connectionbus.connections.jdbc.JdbcDataStore.store(JdbcDataStore.scala:387)
	at com.mendix.connectionbus.store.EntityStorer.storeDataSetInstance(EntityStorer.scala:179)
	at com.mendix.connectionbus.store.EntityStorer.handleCreateRequest(EntityStorer.scala:144)
	at com.mendix.connectionbus.store.EntityStorer.handleRequest(EntityStorer.scala:113)
	at com.mendix.connectionbus.store.EntityStorer.store(EntityStorer.scala:40)
	at com.mendix.connectionbus.RequestAnalyzer.doRequest(RequestAnalyzer.scala:45)
	at com.mendix.connectionbus.ConnectionBusImpl.doRequest(ConnectionBusImpl.scala:483)
	at com.mendix.basis.action.user.CommitAction.commit(CommitAction.scala:160)
	at com.mendix.basis.action.user.CommitAction.$anonfun$commitPersistableObjects$5(CommitAction.scala:112)
	at scala.runtime.java8.JFunction0$mcV$sp.apply(JFunction0$mcV$sp.scala:18)
	at scala.util.Try$.apply(Try.scala:217)
	at com.mendix.basis.action.user.CommitAction.commitPersistableObjects(CommitAction.scala:112)
	at com.mendix.basis.action.user.CommitAction.executeAction(CommitAction.scala:58)
	at com.mendix.basis.action.user.CommitAction.executeAction(CommitAction.scala:32)
	at com.mendix.systemwideinterfaces.core.UserAction.execute(UserAction.java:73)
	at com.mendix.basis.actionmanagement.CoreActionHandlerImpl.doCall(CoreActionHandlerImpl.scala:73)
	at com.mendix.basis.actionmanagement.CoreActionHandlerImpl.call(CoreActionHandlerImpl.scala:49)
	at com.mendix.core.actionmanagement.internal.InternalCoreAction.call(InternalCoreAction.java:81)
	at com.mendix.basis.actionmanagement.ActionManager.$anonfun$executeSync$2(ActionManager.scala:123)
	at com.mendix.util.classloading.Runner$.withContextClassLoader(Runner.scala:20)
	at com.mendix.basis.actionmanagement.ActionManager.executeSync(ActionManager.scala:123)
	at com.mendix.basis.actionmanagement.SyncEventExtendedAction.executeAction(SyncEventExtendedAction.scala:28)
	at com.mendix.basis.actionmanagement.EventExtendedAction.execute(EventExtendedAction.scala:62)
	at com.mendix.basis.actionmanagement.CoreActionHandlerImpl.doCall(CoreActionHandlerImpl.scala:73)
	at com.mendix.basis.actionmanagement.CoreActionHandlerImpl.call(CoreActionHandlerImpl.scala:49)
	at com.mendix.core.actionmanagement.internal.InternalCoreAction.call(InternalCoreAction.java:81)
	at com.mendix.basis.actionmanagement.CoreActionHandlerImpl.$anonfun$runMonitoredAction$1(CoreActionHandlerImpl.scala:60)
	at com.mendix.basis.actionmanagement.ActionMonitoring$.$anonfun$monitor$1(ActionMonitoring.scala:52)
	at com.mendix.util.classloading.Runner$.withContextClassLoader(Runner.scala:20)
	at com.mendix.basis.actionmanagement.ActionMonitoring$.monitor(ActionMonitoring.scala:52)
	at com.mendix.basis.actionmanagement.CoreActionHandlerImpl.runMonitoredAction(CoreActionHandlerImpl.scala:60)
	at com.mendix.basis.actionmanagement.CoreActionHandlerImpl.call(CoreActionHandlerImpl.scala:47)
	at com.mendix.core.actionmanagement.internal.InternalCoreAction.call(InternalCoreAction.java:81)
	at com.mendix.basis.actionmanagement.ActionManager.$anonfun$executeSync$2(ActionManager.scala:123)
	at com.mendix.util.classloading.Runner$.withContextClassLoader(Runner.scala:20)
	at com.mendix.basis.actionmanagement.ActionManager.executeSync(ActionManager.scala:123)
	at com.mendix.basis.actionmanagement.ActionManager.$anonfun$executeInTransactionSync$1(ActionManager.scala:131)
	at scala.util.Try$.apply(Try.scala:217)
	at com.mendix.basis.actionmanagement.ActionManager.tryExecute$1(ActionManager.scala:131)
	at com.mendix.basis.actionmanagement.ActionManager.executeInTransactionSync(ActionManager.scala:132)
	at com.mendix.basis.component.TransactionCore.doStore$1(TransactionCore.scala:207)
	at com.mendix.basis.component.TransactionCore.storeObjectsAndAutoCommittedObjects(TransactionCore.scala:215)
	at com.mendix.basis.component.TransactionCore.doCommit(TransactionCore.scala:144)
	at com.mendix.basis.component.TransactionCore.commit(TransactionCore.scala:117)
	at com.mendix.basis.component.TransactionCore.commit$(TransactionCore.scala:111)
	at com.mendix.basis.component.InternalCore.commit(InternalCore.scala:22)
	at com.mendix.basis.component.TransactionCore.commitWithEvents(TransactionCore.scala:67)
	at com.mendix.basis.component.TransactionCore.commit(TransactionCore.scala:26)
	at com.mendix.basis.component.TransactionCore.commit$(TransactionCore.scala:25)
	at com.mendix.basis.component.InternalCore.commit(InternalCore.scala:22)
	at com.mendix.basis.component.TransactionCore.commit(TransactionCore.scala:21)
	at com.mendix.basis.component.TransactionCore.commit$(TransactionCore.scala:21)
	at com.mendix.basis.component.InternalCore.commit(InternalCore.scala:22)
	at com.mendix.modules.queue.TaskQueue.$anonfun$copyToProcessedTasks$1(TaskQueue.scala:321)
	at scala.runtime.java8.JFunction0$mcV$sp.apply(JFunction0$mcV$sp.scala:18)
	at scala.util.Try$.apply(Try.scala:217)
	at com.mendix.modules.queue.TaskQueue.copyToProcessedTasks(TaskQueue.scala:319)
	at com.mendix.modules.queue.TaskQueue.moveToProcessedTasks(TaskQueue.scala:314)
	at com.mendix.modules.queue.TaskQueue.$anonfun$doRemove$2(TaskQueue.scala:186)
	at scala.util.Success.flatMap(Try.scala:266)
	at com.mendix.modules.queue.TaskQueue.$anonfun$doRemove$1(TaskQueue.scala:186)
	at com.mendix.util.ContextUtil$RichContext$.withTransaction$extension(ContextUtil.scala:17)
	at com.mendix.modules.queue.TaskQueue.doRemove(TaskQueue.scala:186)
	at com.mendix.modules.queue.TaskQueue.tryRemove$1(TaskQueue.scala:159)
	at com.mendix.modules.queue.TaskQueue.remove(TaskQueue.scala:171)
	at com.mendix.modules.queue.TaskDispatcher.executeTask(TaskDispatcher.scala:268)
	at com.mendix.modules.queue.TaskDispatcher.$anonfun$dispatchTask$3(TaskDispatcher.scala:226)
	at com.mendix.modules.queue.MendixTaskQueueMetrics$QueueBasedMetricsImpl.$anonfun$timeTaskExecution$1(TaskQueueMetrics.scala:44)
	at io.micrometer.core.instrument.composite.CompositeTimer.record(CompositeTimer.java:69)
	at com.mendix.metrics.micrometer.MicrometerTimer.record(MicrometerTimer.scala:29)
	at com.mendix.modules.queue.MendixTaskQueueMetrics$QueueBasedMetricsImpl.timeTaskExecution(TaskQueueMetrics.scala:44)
	at com.mendix.modules.queue.TaskDispatcher.$anonfun$dispatchTask$2(TaskDispatcher.scala:226)
	at com.mendix.modules.opentelemetry.OpenTelemetryUtil$.$anonfun$usingSpanWithCustomStatus$2(OpenTelemetryUtil.scala:37)
	at scala.util.Using$.apply(Using.scala:296)
	at com.mendix.modules.opentelemetry.OpenTelemetryUtil$.usingSpanWithCustomStatus(OpenTelemetryUtil.scala:36)
	at com.mendix.modules.opentelemetry.OpenTelemetryUtil$.usingSpanWithCustomStatus(OpenTelemetryUtil.scala:53)
	at com.mendix.modules.opentelemetry.OpenTelemetryUtil$.withSpanWithCustomStatus(OpenTelemetryUtil.scala:15)
	at com.mendix.modules.queue.TaskDispatcher.$anonfun$dispatchTask$1(TaskDispatcher.scala:213)
	at java.base/java.util.concurrent.ThreadPoolExecutor.runWorker(ThreadPoolExecutor.java:1144)
	at java.base/java.util.concurrent.ThreadPoolExecutor$Worker.run(ThreadPoolExecutor.java:642)
	at java.base/java.lang.Thread.run(Thread.java:1583)

2026-06-05 09:05:55.948 WARNING - TaskQueue: Cannot move task 'ClusterManagement-CleanupUnreferencedFiles()' from task queue 'System.ScheduledEventsQueue' with id 392376117537746609 to processed tasks log. The status is Running. Starting to retry now.
com.mendix.core.CoreRuntimeException: Failed to commit
	at com.mendix.basis.component.TransactionCore.doCommit(TransactionCore.scala:165)

Caused by: com.mendix.core.CoreRuntimeException: com.mendix.systemwideinterfaces.MendixRuntimeException: com.mendix.core.CoreRuntimeException: Exception occurred in action '{"before":[{}],"action":{"type":"CommitAction"},"after":[],"type":"EventExtendedAction"}', all database changes executed by this action were rolled back
	at com.mendix.basis.actionmanagement.ActionManager.executeSync(ActionManager.scala:126)

Caused by: com.mendix.systemwideinterfaces.MendixRuntimeException: com.mendix.core.CoreRuntimeException: Exception occurred in action '{"before":[{}],"action":{"type":"CommitAction"},"after":[],"type":"EventExtendedAction"}', all database changes executed by this action were rolled back
	at com.mendix.util.classloading.Runner$.withContextClassLoader(Runner.scala:23)

Caused by: com.mendix.core.CoreRuntimeException: Exception occurred in action '{"before":[{}],"action":{"type":"CommitAction"},"after":[],"type":"EventExtendedAction"}', all database changes executed by this action were rolled back
	at com.mendix.basis.actionmanagement.CoreActionHandlerImpl.processErrorState(CoreActionHandlerImpl.scala:155)

Caused by: com.mendix.core.CoreException: com.mendix.core.CoreRuntimeException: com.mendix.systemwideinterfaces.MendixRuntimeException: com.mendix.datastorage.exception.UpdateConflictException
	at com.mendix.basis.actionmanagement.SyncEventExtendedAction.executeAction(SyncEventExtendedAction.scala:31)

Caused by: com.mendix.core.CoreRuntimeException: com.mendix.systemwideinterfaces.MendixRuntimeException: com.mendix.datastorage.exception.UpdateConflictException
	at com.mendix.basis.actionmanagement.ActionManager.executeSync(ActionManager.scala:126)

Caused by: com.mendix.systemwideinterfaces.MendixRuntimeException: com.mendix.datastorage.exception.UpdateConflictException
	at com.mendix.util.classloading.Runner$.withContextClassLoader(Runner.scala:23)

Caused by: com.mendix.datastorage.exception.UpdateConflictException: null
	at com.mendix.connectionbus.connections.jdbc.JdbcDataStore.withPreparedStatement(JdbcDataStore.scala:1169)
	at com.mendix.connectionbus.connections.jdbc.JdbcDataStore.$anonfun$execModificationQueries$1(JdbcDataStore.scala:904)
	at com.mendix.connectionbus.connections.jdbc.JdbcDataStore.$anonfun$execModificationQueries$1$adapted(JdbcDataStore.scala:904)
	at com.mendix.connectionbus.connections.jdbc.JdbcDataStore.$anonfun$executeWithUcViolationHandling$1(JdbcDataStore.scala:1077)
	at scala.runtime.java8.JFunction0$mcZ$sp.apply(JFunction0$mcZ$sp.scala:17)
	at scala.util.Try$.apply(Try.scala:217)
	at com.mendix.connectionbus.connections.jdbc.JdbcDataStore.executeWithUcViolationHandling(JdbcDataStore.scala:1077)
	at com.mendix.connectionbus.connections.jdbc.JdbcDataStore.doModificationQueries$1(JdbcDataStore.scala:907)
	at com.mendix.connectionbus.connections.jdbc.JdbcDataStore.$anonfun$execModificationQueries$3(JdbcDataStore.scala:910)
	at com.mendix.connectionbus.connections.jdbc.JdbcDataStore.executeWithRetry(JdbcDataStore.scala:923)
	at com.mendix.connectionbus.connections.jdbc.JdbcDataStore.execModificationQueries(JdbcDataStore.scala:910)
	at com.mendix.connectionbus.connections.jdbc.JdbcDataStore.execCreateQueries(JdbcDataStore.scala:819)
	at com.mendix.connectionbus.connections.jdbc.JdbcDataStore.$anonfun$store$1(JdbcDataStore.scala:389)
	at com.mendix.connectionbus.connections.jdbc.JdbcDataStore.$anonfun$store$1$adapted(JdbcDataStore.scala:387)
	at scala.collection.immutable.List.map(List.scala:247)
	at scala.collection.immutable.List.map(List.scala:79)
	at com.mendix.connectionbus.connections.jdbc.JdbcDataStore.store(JdbcDataStore.scala:387)
	at com.mendix.connectionbus.store.EntityStorer.storeDataSetInstance(EntityStorer.scala:179)
	at com.mendix.connectionbus.store.EntityStorer.handleCreateRequest(EntityStorer.scala:144)
	at com.mendix.connectionbus.store.EntityStorer.handleRequest(EntityStorer.scala:113)
	at com.mendix.connectionbus.store.EntityStorer.store(EntityStorer.scala:40)
	at com.mendix.connectionbus.RequestAnalyzer.doRequest(RequestAnalyzer.scala:45)
	at com.mendix.connectionbus.ConnectionBusImpl.doRequest(ConnectionBusImpl.scala:483)
	at com.mendix.basis.action.user.CommitAction.commit(CommitAction.scala:160)
	at com.mendix.basis.action.user.CommitAction.$anonfun$commitPersistableObjects$5(CommitAction.scala:112)
	at scala.runtime.java8.JFunction0$mcV$sp.apply(JFunction0$mcV$sp.scala:18)
	at scala.util.Try$.apply(Try.scala:217)
	at com.mendix.basis.action.user.CommitAction.commitPersistableObjects(CommitAction.scala:112)
	at com.mendix.basis.action.user.CommitAction.executeAction(CommitAction.scala:58)
	at com.mendix.basis.action.user.CommitAction.executeAction(CommitAction.scala:32)
	at com.mendix.systemwideinterfaces.core.UserAction.execute(UserAction.java:73)
	at com.mendix.basis.actionmanagement.CoreActionHandlerImpl.doCall(CoreActionHandlerImpl.scala:73)
	at com.mendix.basis.actionmanagement.CoreActionHandlerImpl.call(CoreActionHandlerImpl.scala:49)
	at com.mendix.core.actionmanagement.internal.InternalCoreAction.call(InternalCoreAction.java:81)
	at com.mendix.basis.actionmanagement.ActionManager.$anonfun$executeSync$2(ActionManager.scala:123)
	at com.mendix.util.classloading.Runner$.withContextClassLoader(Runner.scala:20)
	at com.mendix.basis.actionmanagement.ActionManager.executeSync(ActionManager.scala:123)
	at com.mendix.basis.actionmanagement.SyncEventExtendedAction.executeAction(SyncEventExtendedAction.scala:28)
	at com.mendix.basis.actionmanagement.EventExtendedAction.execute(EventExtendedAction.scala:62)
	at com.mendix.basis.actionmanagement.CoreActionHandlerImpl.doCall(CoreActionHandlerImpl.scala:73)
	at com.mendix.basis.actionmanagement.CoreActionHandlerImpl.call(CoreActionHandlerImpl.scala:49)
	at com.mendix.core.actionmanagement.internal.InternalCoreAction.call(InternalCoreAction.java:81)
	at com.mendix.basis.actionmanagement.CoreActionHandlerImpl.$anonfun$runMonitoredAction$1(CoreActionHandlerImpl.scala:60)
	at com.mendix.basis.actionmanagement.ActionMonitoring$.$anonfun$monitor$1(ActionMonitoring.scala:52)
	at com.mendix.util.classloading.Runner$.withContextClassLoader(Runner.scala:20)
	at com.mendix.basis.actionmanagement.ActionMonitoring$.monitor(ActionMonitoring.scala:52)
	at com.mendix.basis.actionmanagement.CoreActionHandlerImpl.runMonitoredAction(CoreActionHandlerImpl.scala:60)
	at com.mendix.basis.actionmanagement.CoreActionHandlerImpl.call(CoreActionHandlerImpl.scala:47)
	at com.mendix.core.actionmanagement.internal.InternalCoreAction.call(InternalCoreAction.java:81)
	at com.mendix.basis.actionmanagement.ActionManager.$anonfun$executeSync$2(ActionManager.scala:123)
	at com.mendix.util.classloading.Runner$.withContextClassLoader(Runner.scala:20)
	at com.mendix.basis.actionmanagement.ActionManager.executeSync(ActionManager.scala:123)
	at com.mendix.basis.actionmanagement.ActionManager.$anonfun$executeInTransactionSync$1(ActionManager.scala:131)
	at scala.util.Try$.apply(Try.scala:217)
	at com.mendix.basis.actionmanagement.ActionManager.tryExecute$1(ActionManager.scala:131)
	at com.mendix.basis.actionmanagement.ActionManager.executeInTransactionSync(ActionManager.scala:132)
	at com.mendix.basis.component.TransactionCore.doStore$1(TransactionCore.scala:207)
	at com.mendix.basis.component.TransactionCore.storeObjectsAndAutoCommittedObjects(TransactionCore.scala:215)
	at com.mendix.basis.component.TransactionCore.doCommit(TransactionCore.scala:144)
	at com.mendix.basis.component.TransactionCore.commit(TransactionCore.scala:117)
	at com.mendix.basis.component.TransactionCore.commit$(TransactionCore.scala:111)
	at com.mendix.basis.component.InternalCore.commit(InternalCore.scala:22)
	at com.mendix.basis.component.TransactionCore.commitWithEvents(TransactionCore.scala:67)
	at com.mendix.basis.component.TransactionCore.commit(TransactionCore.scala:26)
	at com.mendix.basis.component.TransactionCore.commit$(TransactionCore.scala:25)
	at com.mendix.basis.component.InternalCore.commit(InternalCore.scala:22)
	at com.mendix.basis.component.TransactionCore.commit(TransactionCore.scala:21)
	at com.mendix.basis.component.TransactionCore.commit$(TransactionCore.scala:21)
	at com.mendix.basis.component.InternalCore.commit(InternalCore.scala:22)
	at com.mendix.modules.queue.TaskQueue.$anonfun$copyToProcessedTasks$1(TaskQueue.scala:321)
	at scala.runtime.java8.JFunction0$mcV$sp.apply(JFunction0$mcV$sp.scala:18)
	at scala.util.Try$.apply(Try.scala:217)
	at com.mendix.modules.queue.TaskQueue.copyToProcessedTasks(TaskQueue.scala:319)
	at com.mendix.modules.queue.TaskQueue.moveToProcessedTasks(TaskQueue.scala:314)
	at com.mendix.modules.queue.TaskQueue.$anonfun$doRemove$2(TaskQueue.scala:186)
	at scala.util.Success.flatMap(Try.scala:266)
	at com.mendix.modules.queue.TaskQueue.$anonfun$doRemove$1(TaskQueue.scala:186)
	at com.mendix.util.ContextUtil$RichContext$.withTransaction$extension(ContextUtil.scala:17)
	at com.mendix.modules.queue.TaskQueue.doRemove(TaskQueue.scala:186)
	at com.mendix.modules.queue.TaskQueue.tryRemove$1(TaskQueue.scala:159)
	at com.mendix.modules.queue.TaskQueue.remove(TaskQueue.scala:171)
	at com.mendix.modules.queue.TaskDispatcher.executeTask(TaskDispatcher.scala:268)
	at com.mendix.modules.queue.TaskDispatcher.$anonfun$dispatchTask$3(TaskDispatcher.scala:226)
	at com.mendix.modules.queue.MendixTaskQueueMetrics$QueueBasedMetricsImpl.$anonfun$timeTaskExecution$1(TaskQueueMetrics.scala:44)
	at io.micrometer.core.instrument.composite.CompositeTimer.record(CompositeTimer.java:69)
	at com.mendix.metrics.micrometer.MicrometerTimer.record(MicrometerTimer.scala:29)
	at com.mendix.modules.queue.MendixTaskQueueMetrics$QueueBasedMetricsImpl.timeTaskExecution(TaskQueueMetrics.scala:44)
	at com.mendix.modules.queue.TaskDispatcher.$anonfun$dispatchTask$2(TaskDispatcher.scala:226)
	at com.mendix.modules.opentelemetry.OpenTelemetryUtil$.$anonfun$usingSpanWithCustomStatus$2(OpenTelemetryUtil.scala:37)
	at scala.util.Using$.apply(Using.scala:296)
	at com.mendix.modules.opentelemetry.OpenTelemetryUtil$.usingSpanWithCustomStatus(OpenTelemetryUtil.scala:36)
	at com.mendix.modules.opentelemetry.OpenTelemetryUtil$.usingSpanWithCustomStatus(OpenTelemetryUtil.scala:53)
	at com.mendix.modules.opentelemetry.OpenTelemetryUtil$.withSpanWithCustomStatus(OpenTelemetryUtil.scala:15)
	at com.mendix.modules.queue.TaskDispatcher.$anonfun$dispatchTask$1(TaskDispatcher.scala:213)
	at java.base/java.util.concurrent.ThreadPoolExecutor.runWorker(ThreadPoolExecutor.java:1144)
	at java.base/java.util.concurrent.ThreadPoolExecutor$Worker.run(ThreadPoolExecutor.java:642)
	at java.base/java.lang.Thread.run(Thread.java:1583)

Caused by: com.microsoft.sqlserver.jdbc.SQLServerException: Transaction (Process ID 53) was deadlocked on lock resources with another process and has been chosen as the deadlock victim. Rerun the transaction.
	at com.microsoft.sqlserver.jdbc.SQLServerException.makeFromDatabaseError(SQLServerException.java:270)
	at com.microsoft.sqlserver.jdbc.SQLServerStatement.getNextResult(SQLServerStatement.java:1735)
	at com.microsoft.sqlserver.jdbc.SQLServerPreparedStatement.doExecutePreparedStatement(SQLServerPreparedStatement.java:675)
	at com.microsoft.sqlserver.jdbc.SQLServerPreparedStatement$PrepStmtExecCmd.doExecute(SQLServerPreparedStatement.java:594)
	at com.microsoft.sqlserver.jdbc.TDSCommand.execute(IOBuffer.java:7745)
	at com.microsoft.sqlserver.jdbc.SQLServerConnection.executeCommand(SQLServerConnection.java:4391)
	at com.microsoft.sqlserver.jdbc.SQLServerStatement.executeCommand(SQLServerStatement.java:276)
	at com.microsoft.sqlserver.jdbc.SQLServerStatement.executeStatement(SQLServerStatement.java:246)
	at com.microsoft.sqlserver.jdbc.SQLServerPreparedStatement.executeUpdate(SQLServerPreparedStatement.java:537)
	at org.apache.commons.dbcp2.DelegatingPreparedStatement.executeUpdate(DelegatingPreparedStatement.java:137)
	at org.apache.commons.dbcp2.DelegatingPreparedStatement.executeUpdate(DelegatingPreparedStatement.java:137)
	at com.mendix.connectionbus.connections.jdbc.JdbcDataStore.doModification(JdbcDataStore.scala:950)
	at com.mendix.connectionbus.connections.jdbc.JdbcDataStore.doInsert(JdbcDataStore.scala:825)
	at com.mendix.connectionbus.connections.jdbc.JdbcDataStore.$anonfun$execCreateQueries$2(JdbcDataStore.scala:819)
	at com.mendix.connectionbus.connections.jdbc.JdbcDataStore.$anonfun$execCreateQueries$2$adapted(JdbcDataStore.scala:819)
	at com.mendix.connectionbus.connections.jdbc.JdbcDataStore.$anonfun$execModificationQueries$2(JdbcDataStore.scala:905)
	at com.mendix.connectionbus.connections.jdbc.JdbcDataStore.$anonfun$execModificationQueries$2$adapted(JdbcDataStore.scala:905)
	at com.mendix.connectionbus.connections.jdbc.JdbcDataStore.$anonfun$executeWithUcViolationHandling$2(JdbcDataStore.scala:1077)
	at com.mendix.connectionbus.connections.jdbc.JdbcDataStore.$anonfun$executeWithUcViolationHandling$2$adapted(JdbcDataStore.scala:1077)
	at com.mendix.connectionbus.connections.jdbc.JdbcDataStore.$anonfun$withPreparedStatement$1(JdbcDataStore.scala:1147)
	at scala.util.Try$.apply(Try.scala:217)
	at com.mendix.connectionbus.connections.jdbc.JdbcDataStore$.withLogging(JdbcDataStore.scala:71)
	at com.mendix.connectionbus.connections.jdbc.JdbcDataStore.withPreparedStatement(JdbcDataStore.scala:1147)
	at com.mendix.connectionbus.connections.jdbc.JdbcDataStore.$anonfun$execModificationQueries$1(JdbcDataStore.scala:904)
	at com.mendix.connectionbus.connections.jdbc.JdbcDataStore.$anonfun$execModificationQueries$1$adapted(JdbcDataStore.scala:904)
	at com.mendix.connectionbus.connections.jdbc.JdbcDataStore.$anonfun$executeWithUcViolationHandling$1(JdbcDataStore.scala:1077)
	at scala.runtime.java8.JFunction0$mcZ$sp.apply(JFunction0$mcZ$sp.scala:17)
	at scala.util.Try$.apply(Try.scala:217)
	at com.mendix.connectionbus.connections.jdbc.JdbcDataStore.executeWithUcViolationHandling(JdbcDataStore.scala:1077)
	at com.mendix.connectionbus.connections.jdbc.JdbcDataStore.doModificationQueries$1(JdbcDataStore.scala:907)
	at com.mendix.connectionbus.connections.jdbc.JdbcDataStore.$anonfun$execModificationQueries$3(JdbcDataStore.scala:910)
	at com.mendix.connectionbus.connections.jdbc.JdbcDataStore.executeWithRetry(JdbcDataStore.scala:923)
	at com.mendix.connectionbus.connections.jdbc.JdbcDataStore.execModificationQueries(JdbcDataStore.scala:910)
	at com.mendix.connectionbus.connections.jdbc.JdbcDataStore.execCreateQueries(JdbcDataStore.scala:819)
	at com.mendix.connectionbus.connections.jdbc.JdbcDataStore.$anonfun$store$1(JdbcDataStore.scala:389)
	at com.mendix.connectionbus.connections.jdbc.JdbcDataStore.$anonfun$store$1$adapted(JdbcDataStore.scala:387)
	at scala.collection.immutable.List.map(List.scala:247)
	at scala.collection.immutable.List.map(List.scala:79)
	at com.mendix.connectionbus.connections.jdbc.JdbcDataStore.store(JdbcDataStore.scala:387)
	at com.mendix.connectionbus.store.EntityStorer.storeDataSetInstance(EntityStorer.scala:179)
	at com.mendix.connectionbus.store.EntityStorer.handleCreateRequest(EntityStorer.scala:144)
	at com.mendix.connectionbus.store.EntityStorer.handleRequest(EntityStorer.scala:113)
	at com.mendix.connectionbus.store.EntityStorer.store(EntityStorer.scala:40)
	at com.mendix.connectionbus.RequestAnalyzer.doRequest(RequestAnalyzer.scala:45)
	at com.mendix.connectionbus.ConnectionBusImpl.doRequest(ConnectionBusImpl.scala:483)
	at com.mendix.basis.action.user.CommitAction.commit(CommitAction.scala:160)
	at com.mendix.basis.action.user.CommitAction.$anonfun$commitPersistableObjects$5(CommitAction.scala:112)
	at scala.runtime.java8.JFunction0$mcV$sp.apply(JFunction0$mcV$sp.scala:18)
	at scala.util.Try$.apply(Try.scala:217)
	at com.mendix.basis.action.user.CommitAction.commitPersistableObjects(CommitAction.scala:112)
	at com.mendix.basis.action.user.CommitAction.executeAction(CommitAction.scala:58)
	at com.mendix.basis.action.user.CommitAction.executeAction(CommitAction.scala:32)
	at com.mendix.systemwideinterfaces.core.UserAction.execute(UserAction.java:73)
	at com.mendix.basis.actionmanagement.CoreActionHandlerImpl.doCall(CoreActionHandlerImpl.scala:73)
	at com.mendix.basis.actionmanagement.CoreActionHandlerImpl.call(CoreActionHandlerImpl.scala:49)
	at com.mendix.core.actionmanagement.internal.InternalCoreAction.call(InternalCoreAction.java:81)
	at com.mendix.basis.actionmanagement.ActionManager.$anonfun$executeSync$2(ActionManager.scala:123)
	at com.mendix.util.classloading.Runner$.withContextClassLoader(Runner.scala:20)
	at com.mendix.basis.actionmanagement.ActionManager.executeSync(ActionManager.scala:123)
	at com.mendix.basis.actionmanagement.SyncEventExtendedAction.executeAction(SyncEventExtendedAction.scala:28)
	at com.mendix.basis.actionmanagement.EventExtendedAction.execute(EventExtendedAction.scala:62)
	at com.mendix.basis.actionmanagement.CoreActionHandlerImpl.doCall(CoreActionHandlerImpl.scala:73)
	at com.mendix.basis.actionmanagement.CoreActionHandlerImpl.call(CoreActionHandlerImpl.scala:49)
	at com.mendix.core.actionmanagement.internal.InternalCoreAction.call(InternalCoreAction.java:81)
	at com.mendix.basis.actionmanagement.CoreActionHandlerImpl.$anonfun$runMonitoredAction$1(CoreActionHandlerImpl.scala:60)
	at com.mendix.basis.actionmanagement.ActionMonitoring$.$anonfun$monitor$1(ActionMonitoring.scala:52)
	at com.mendix.util.classloading.Runner$.withContextClassLoader(Runner.scala:20)
	at com.mendix.basis.actionmanagement.ActionMonitoring$.monitor(ActionMonitoring.scala:52)
	at com.mendix.basis.actionmanagement.CoreActionHandlerImpl.runMonitoredAction(CoreActionHandlerImpl.scala:60)
	at com.mendix.basis.actionmanagement.CoreActionHandlerImpl.call(CoreActionHandlerImpl.scala:47)
	at com.mendix.core.actionmanagement.internal.InternalCoreAction.call(InternalCoreAction.java:81)
	at com.mendix.basis.actionmanagement.ActionManager.$anonfun$executeSync$2(ActionManager.scala:123)
	at com.mendix.util.classloading.Runner$.withContextClassLoader(Runner.scala:20)
	at com.mendix.basis.actionmanagement.ActionManager.executeSync(ActionManager.scala:123)
	at com.mendix.basis.actionmanagement.ActionManager.$anonfun$executeInTransactionSync$1(ActionManager.scala:131)
	at scala.util.Try$.apply(Try.scala:217)
	at com.mendix.basis.actionmanagement.ActionManager.tryExecute$1(ActionManager.scala:131)
	at com.mendix.basis.actionmanagement.ActionManager.executeInTransactionSync(ActionManager.scala:132)
	at com.mendix.basis.component.TransactionCore.doStore$1(TransactionCore.scala:207)
	at com.mendix.basis.component.TransactionCore.storeObjectsAndAutoCommittedObjects(TransactionCore.scala:215)
	at com.mendix.basis.component.TransactionCore.doCommit(TransactionCore.scala:144)
	at com.mendix.basis.component.TransactionCore.commit(TransactionCore.scala:117)
	at com.mendix.basis.component.TransactionCore.commit$(TransactionCore.scala:111)
	at com.mendix.basis.component.InternalCore.commit(InternalCore.scala:22)
	at com.mendix.basis.component.TransactionCore.commitWithEvents(TransactionCore.scala:67)
	at com.mendix.basis.component.TransactionCore.commit(TransactionCore.scala:26)
	at com.mendix.basis.component.TransactionCore.commit$(TransactionCore.scala:25)
	at com.mendix.basis.component.InternalCore.commit(InternalCore.scala:22)
	at com.mendix.basis.component.TransactionCore.commit(TransactionCore.scala:21)
	at com.mendix.basis.component.TransactionCore.commit$(TransactionCore.scala:21)
	at com.mendix.basis.component.InternalCore.commit(InternalCore.scala:22)
	at com.mendix.modules.queue.TaskQueue.$anonfun$copyToProcessedTasks$1(TaskQueue.scala:321)
	at scala.runtime.java8.JFunction0$mcV$sp.apply(JFunction0$mcV$sp.scala:18)
	at scala.util.Try$.apply(Try.scala:217)
	at com.mendix.modules.queue.TaskQueue.copyToProcessedTasks(TaskQueue.scala:319)
	at com.mendix.modules.queue.TaskQueue.moveToProcessedTasks(TaskQueue.scala:314)
	at com.mendix.modules.queue.TaskQueue.$anonfun$doRemove$2(TaskQueue.scala:186)
	at scala.util.Success.flatMap(Try.scala:266)
	at com.mendix.modules.queue.TaskQueue.$anonfun$doRemove$1(TaskQueue.scala:186)
	at com.mendix.util.ContextUtil$RichContext$.withTransaction$extension(ContextUtil.scala:17)
	at com.mendix.modules.queue.TaskQueue.doRemove(TaskQueue.scala:186)
	at com.mendix.modules.queue.TaskQueue.tryRemove$1(TaskQueue.scala:159)
	at com.mendix.modules.queue.TaskQueue.remove(TaskQueue.scala:171)
	at com.mendix.modules.queue.TaskDispatcher.executeTask(TaskDispatcher.scala:268)
	at com.mendix.modules.queue.TaskDispatcher.$anonfun$dispatchTask$3(TaskDispatcher.scala:226)
	at com.mendix.modules.queue.MendixTaskQueueMetrics$QueueBasedMetricsImpl.$anonfun$timeTaskExecution$1(TaskQueueMetrics.scala:44)
	at io.micrometer.core.instrument.composite.CompositeTimer.record(CompositeTimer.java:69)
	at com.mendix.metrics.micrometer.MicrometerTimer.record(MicrometerTimer.scala:29)
	at com.mendix.modules.queue.MendixTaskQueueMetrics$QueueBasedMetricsImpl.timeTaskExecution(TaskQueueMetrics.scala:44)
	at com.mendix.modules.queue.TaskDispatcher.$anonfun$dispatchTask$2(TaskDispatcher.scala:226)
	at com.mendix.modules.opentelemetry.OpenTelemetryUtil$.$anonfun$usingSpanWithCustomStatus$2(OpenTelemetryUtil.scala:37)
	at scala.util.Using$.apply(Using.scala:296)
	at com.mendix.modules.opentelemetry.OpenTelemetryUtil$.usingSpanWithCustomStatus(OpenTelemetryUtil.scala:36)
	at com.mendix.modules.opentelemetry.OpenTelemetryUtil$.usingSpanWithCustomStatus(OpenTelemetryUtil.scala:53)
	at com.mendix.modules.opentelemetry.OpenTelemetryUtil$.withSpanWithCustomStatus(OpenTelemetryUtil.scala:15)
	at com.mendix.modules.queue.TaskDispatcher.$anonfun$dispatchTask$1(TaskDispatcher.scala:213)
	at java.base/java.util.concurrent.ThreadPoolExecutor.runWorker(ThreadPoolExecutor.java:1144)
	at java.base/java.util.concurrent.ThreadPoolExecutor$Worker.run(ThreadPoolExecutor.java:642)
	at java.base/java.lang.Thread.run(Thread.java:1583)

2026-06-05 09:05:57.255 WARNING - TaskQueue: Cannot move task 'ClusterManagement-MigrateOldFiles()' from task queue 'System.ScheduledEventsQueue' with id 392376117537746288 to processed tasks log. The status is Running. Starting to retry now.
com.mendix.core.CoreRuntimeException: Failed to commit
	at com.mendix.basis.component.TransactionCore.doCommit(TransactionCore.scala:165)

Caused by: com.mendix.core.CoreRuntimeException: com.mendix.systemwideinterfaces.MendixRuntimeException: com.mendix.core.CoreRuntimeException: Exception occurred in action '{"before":[{}],"action":{"type":"CommitAction"},"after":[],"type":"EventExtendedAction"}', all database changes executed by this action were rolled back
	at com.mendix.basis.actionmanagement.ActionManager.executeSync(ActionManager.scala:126)

Caused by: com.mendix.systemwideinterfaces.MendixRuntimeException: com.mendix.core.CoreRuntimeException: Exception occurred in action '{"before":[{}],"action":{"type":"CommitAction"},"after":[],"type":"EventExtendedAction"}', all database changes executed by this action were rolled back
	at com.mendix.util.classloading.Runner$.withContextClassLoader(Runner.scala:23)

Caused by: com.mendix.core.CoreRuntimeException: Exception occurred in action '{"before":[{}],"action":{"type":"CommitAction"},"after":[],"type":"EventExtendedAction"}', all database changes executed by this action were rolled back
	at com.mendix.basis.actionmanagement.CoreActionHandlerImpl.processErrorState(CoreActionHandlerImpl.scala:155)

Caused by: com.mendix.core.CoreException: com.mendix.core.CoreRuntimeException: com.mendix.systemwideinterfaces.MendixRuntimeException: com.mendix.datastorage.exception.UpdateConflictException
	at com.mendix.basis.actionmanagement.SyncEventExtendedAction.executeAction(SyncEventExtendedAction.scala:31)

Caused by: com.mendix.core.CoreRuntimeException: com.mendix.systemwideinterfaces.MendixRuntimeException: com.mendix.datastorage.exception.UpdateConflictException
	at com.mendix.basis.actionmanagement.ActionManager.executeSync(ActionManager.scala:126)

Caused by: com.mendix.systemwideinterfaces.MendixRuntimeException: com.mendix.datastorage.exception.UpdateConflictException
	at com.mendix.util.classloading.Runner$.withContextClassLoader(Runner.scala:23)

Caused by: com.mendix.datastorage.exception.UpdateConflictException: null
	at com.mendix.connectionbus.connections.jdbc.JdbcDataStore.withPreparedStatement(JdbcDataStore.scala:1169)
	at com.mendix.connectionbus.connections.jdbc.JdbcDataStore.$anonfun$execModificationQueries$1(JdbcDataStore.scala:904)
	at com.mendix.connectionbus.connections.jdbc.JdbcDataStore.$anonfun$execModificationQueries$1$adapted(JdbcDataStore.scala:904)
	at com.mendix.connectionbus.connections.jdbc.JdbcDataStore.$anonfun$executeWithUcViolationHandling$1(JdbcDataStore.scala:1077)
	at scala.runtime.java8.JFunction0$mcZ$sp.apply(JFunction0$mcZ$sp.scala:17)
	at scala.util.Try$.apply(Try.scala:217)
	at com.mendix.connectionbus.connections.jdbc.JdbcDataStore.executeWithUcViolationHandling(JdbcDataStore.scala:1077)
	at com.mendix.connectionbus.connections.jdbc.JdbcDataStore.doModificationQueries$1(JdbcDataStore.scala:907)
	at com.mendix.connectionbus.connections.jdbc.JdbcDataStore.$anonfun$execModificationQueries$3(JdbcDataStore.scala:910)
	at com.mendix.connectionbus.connections.jdbc.JdbcDataStore.executeWithRetry(JdbcDataStore.scala:923)
	at com.mendix.connectionbus.connections.jdbc.JdbcDataStore.execModificationQueries(JdbcDataStore.scala:910)
	at com.mendix.connectionbus.connections.jdbc.JdbcDataStore.execCreateQueries(JdbcDataStore.scala:819)
	at com.mendix.connectionbus.connections.jdbc.JdbcDataStore.$anonfun$store$1(JdbcDataStore.scala:389)
	at com.mendix.connectionbus.connections.jdbc.JdbcDataStore.$anonfun$store$1$adapted(JdbcDataStore.scala:387)
	at scala.collection.immutable.List.map(List.scala:247)
	at scala.collection.immutable.List.map(List.scala:79)
	at com.mendix.connectionbus.connections.jdbc.JdbcDataStore.store(JdbcDataStore.scala:387)
	at com.mendix.connectionbus.store.EntityStorer.storeDataSetInstance(EntityStorer.scala:179)
	at com.mendix.connectionbus.store.EntityStorer.handleCreateRequest(EntityStorer.scala:144)
	at com.mendix.connectionbus.store.EntityStorer.handleRequest(EntityStorer.scala:113)
	at com.mendix.connectionbus.store.EntityStorer.store(EntityStorer.scala:40)
	at com.mendix.connectionbus.RequestAnalyzer.doRequest(RequestAnalyzer.scala:45)
	at com.mendix.connectionbus.ConnectionBusImpl.doRequest(ConnectionBusImpl.scala:483)
	at com.mendix.basis.action.user.CommitAction.commit(CommitAction.scala:160)
	at com.mendix.basis.action.user.CommitAction.$anonfun$commitPersistableObjects$5(CommitAction.scala:112)
	at scala.runtime.java8.JFunction0$mcV$sp.apply(JFunction0$mcV$sp.scala:18)
	at scala.util.Try$.apply(Try.scala:217)
	at com.mendix.basis.action.user.CommitAction.commitPersistableObjects(CommitAction.scala:112)
	at com.mendix.basis.action.user.CommitAction.executeAction(CommitAction.scala:58)
	at com.mendix.basis.action.user.CommitAction.executeAction(CommitAction.scala:32)
	at com.mendix.systemwideinterfaces.core.UserAction.execute(UserAction.java:73)
	at com.mendix.basis.actionmanagement.CoreActionHandlerImpl.doCall(CoreActionHandlerImpl.scala:73)
	at com.mendix.basis.actionmanagement.CoreActionHandlerImpl.call(CoreActionHandlerImpl.scala:49)
	at com.mendix.core.actionmanagement.internal.InternalCoreAction.call(InternalCoreAction.java:81)
	at com.mendix.basis.actionmanagement.ActionManager.$anonfun$executeSync$2(ActionManager.scala:123)
	at com.mendix.util.classloading.Runner$.withContextClassLoader(Runner.scala:20)
	at com.mendix.basis.actionmanagement.ActionManager.executeSync(ActionManager.scala:123)
	at com.mendix.basis.actionmanagement.SyncEventExtendedAction.executeAction(SyncEventExtendedAction.scala:28)
	at com.mendix.basis.actionmanagement.EventExtendedAction.execute(EventExtendedAction.scala:62)
	at com.mendix.basis.actionmanagement.CoreActionHandlerImpl.doCall(CoreActionHandlerImpl.scala:73)
	at com.mendix.basis.actionmanagement.CoreActionHandlerImpl.call(CoreActionHandlerImpl.scala:49)
	at com.mendix.core.actionmanagement.internal.InternalCoreAction.call(InternalCoreAction.java:81)
	at com.mendix.basis.actionmanagement.CoreActionHandlerImpl.$anonfun$runMonitoredAction$1(CoreActionHandlerImpl.scala:60)
	at com.mendix.basis.actionmanagement.ActionMonitoring$.$anonfun$monitor$1(ActionMonitoring.scala:52)
	at com.mendix.util.classloading.Runner$.withContextClassLoader(Runner.scala:20)
	at com.mendix.basis.actionmanagement.ActionMonitoring$.monitor(ActionMonitoring.scala:52)
	at com.mendix.basis.actionmanagement.CoreActionHandlerImpl.runMonitoredAction(CoreActionHandlerImpl.scala:60)
	at com.mendix.basis.actionmanagement.CoreActionHandlerImpl.call(CoreActionHandlerImpl.scala:47)
	at com.mendix.core.actionmanagement.internal.InternalCoreAction.call(InternalCoreAction.java:81)
	at com.mendix.basis.actionmanagement.ActionManager.$anonfun$executeSync$2(ActionManager.scala:123)
	at com.mendix.util.classloading.Runner$.withContextClassLoader(Runner.scala:20)
	at com.mendix.basis.actionmanagement.ActionManager.executeSync(ActionManager.scala:123)
	at com.mendix.basis.actionmanagement.ActionManager.$anonfun$executeInTransactionSync$1(ActionManager.scala:131)
	at scala.util.Try$.apply(Try.scala:217)
	at com.mendix.basis.actionmanagement.ActionManager.tryExecute$1(ActionManager.scala:131)
	at com.mendix.basis.actionmanagement.ActionManager.executeInTransactionSync(ActionManager.scala:132)
	at com.mendix.basis.component.TransactionCore.doStore$1(TransactionCore.scala:207)
	at com.mendix.basis.component.TransactionCore.storeObjectsAndAutoCommittedObjects(TransactionCore.scala:215)
	at com.mendix.basis.component.TransactionCore.doCommit(TransactionCore.scala:144)
	at com.mendix.basis.component.TransactionCore.commit(TransactionCore.scala:117)
	at com.mendix.basis.component.TransactionCore.commit$(TransactionCore.scala:111)
	at com.mendix.basis.component.InternalCore.commit(InternalCore.scala:22)
	at com.mendix.basis.component.TransactionCore.commitWithEvents(TransactionCore.scala:67)
	at com.mendix.basis.component.TransactionCore.commit(TransactionCore.scala:26)
	at com.mendix.basis.component.TransactionCore.commit$(TransactionCore.scala:25)
	at com.mendix.basis.component.InternalCore.commit(InternalCore.scala:22)
	at com.mendix.basis.component.TransactionCore.commit(TransactionCore.scala:21)
	at com.mendix.basis.component.TransactionCore.commit$(TransactionCore.scala:21)
	at com.mendix.basis.component.InternalCore.commit(InternalCore.scala:22)
	at com.mendix.modules.queue.TaskQueue.$anonfun$copyToProcessedTasks$1(TaskQueue.scala:321)
	at scala.runtime.java8.JFunction0$mcV$sp.apply(JFunction0$mcV$sp.scala:18)
	at scala.util.Try$.apply(Try.scala:217)
	at com.mendix.modules.queue.TaskQueue.copyToProcessedTasks(TaskQueue.scala:319)
	at com.mendix.modules.queue.TaskQueue.moveToProcessedTasks(TaskQueue.scala:314)
	at com.mendix.modules.queue.TaskQueue.$anonfun$doRemove$2(TaskQueue.scala:186)
	at scala.util.Success.flatMap(Try.scala:266)
	at com.mendix.modules.queue.TaskQueue.$anonfun$doRemove$1(TaskQueue.scala:186)
	at com.mendix.util.ContextUtil$RichContext$.withTransaction$extension(ContextUtil.scala:17)
	at com.mendix.modules.queue.TaskQueue.doRemove(TaskQueue.scala:186)
	at com.mendix.modules.queue.TaskQueue.tryRemove$1(TaskQueue.scala:159)
	at com.mendix.modules.queue.TaskQueue.remove(TaskQueue.scala:171)
	at com.mendix.modules.queue.TaskDispatcher.executeTask(TaskDispatcher.scala:268)
	at com.mendix.modules.queue.TaskDispatcher.$anonfun$dispatchTask$3(TaskDispatcher.scala:226)
	at com.mendix.modules.queue.MendixTaskQueueMetrics$QueueBasedMetricsImpl.$anonfun$timeTaskExecution$1(TaskQueueMetrics.scala:44)
	at io.micrometer.core.instrument.composite.CompositeTimer.record(CompositeTimer.java:69)
	at com.mendix.metrics.micrometer.MicrometerTimer.record(MicrometerTimer.scala:29)
	at com.mendix.modules.queue.MendixTaskQueueMetrics$QueueBasedMetricsImpl.timeTaskExecution(TaskQueueMetrics.scala:44)
	at com.mendix.modules.queue.TaskDispatcher.$anonfun$dispatchTask$2(TaskDispatcher.scala:226)
	at com.mendix.modules.opentelemetry.OpenTelemetryUtil$.$anonfun$usingSpanWithCustomStatus$2(OpenTelemetryUtil.scala:37)
	at scala.util.Using$.apply(Using.scala:296)
	at com.mendix.modules.opentelemetry.OpenTelemetryUtil$.usingSpanWithCustomStatus(OpenTelemetryUtil.scala:36)
	at com.mendix.modules.opentelemetry.OpenTelemetryUtil$.usingSpanWithCustomStatus(OpenTelemetryUtil.scala:53)
	at com.mendix.modules.opentelemetry.OpenTelemetryUtil$.withSpanWithCustomStatus(OpenTelemetryUtil.scala:15)
	at com.mendix.modules.queue.TaskDispatcher.$anonfun$dispatchTask$1(TaskDispatcher.scala:213)
	at java.base/java.util.concurrent.ThreadPoolExecutor.runWorker(ThreadPoolExecutor.java:1144)
	at java.base/java.util.concurrent.ThreadPoolExecutor$Worker.run(ThreadPoolExecutor.java:642)
	at java.base/java.lang.Thread.run(Thread.java:1583)

Caused by: com.microsoft.sqlserver.jdbc.SQLServerException: Transaction (Process ID 104) was deadlocked on lock resources with another process and has been chosen as the deadlock victim. Rerun the transaction.
	at com.microsoft.sqlserver.jdbc.SQLServerException.makeFromDatabaseError(SQLServerException.java:270)
	at com.microsoft.sqlserver.jdbc.SQLServerStatement.getNextResult(SQLServerStatement.java:1735)
	at com.microsoft.sqlserver.jdbc.SQLServerPreparedStatement.doExecutePreparedStatement(SQLServerPreparedStatement.java:675)
	at com.microsoft.sqlserver.jdbc.SQLServerPreparedStatement$PrepStmtExecCmd.doExecute(SQLServerPreparedStatement.java:594)
	at com.microsoft.sqlserver.jdbc.TDSCommand.execute(IOBuffer.java:7745)
	at com.microsoft.sqlserver.jdbc.SQLServerConnection.executeCommand(SQLServerConnection.java:4391)
	at com.microsoft.sqlserver.jdbc.SQLServerStatement.executeCommand(SQLServerStatement.java:276)
	at com.microsoft.sqlserver.jdbc.SQLServerStatement.executeStatement(SQLServerStatement.java:246)
	at com.microsoft.sqlserver.jdbc.SQLServerPreparedStatement.executeUpdate(SQLServerPreparedStatement.java:537)
	at org.apache.commons.dbcp2.DelegatingPreparedStatement.executeUpdate(DelegatingPreparedStatement.java:137)
	at org.apache.commons.dbcp2.DelegatingPreparedStatement.executeUpdate(DelegatingPreparedStatement.java:137)
	at com.mendix.connectionbus.connections.jdbc.JdbcDataStore.doModification(JdbcDataStore.scala:950)
	at com.mendix.connectionbus.connections.jdbc.JdbcDataStore.doInsert(JdbcDataStore.scala:825)
	at com.mendix.connectionbus.connections.jdbc.JdbcDataStore.$anonfun$execCreateQueries$2(JdbcDataStore.scala:819)
	at com.mendix.connectionbus.connections.jdbc.JdbcDataStore.$anonfun$execCreateQueries$2$adapted(JdbcDataStore.scala:819)
	at com.mendix.connectionbus.connections.jdbc.JdbcDataStore.$anonfun$execModificationQueries$2(JdbcDataStore.scala:905)
	at com.mendix.connectionbus.connections.jdbc.JdbcDataStore.$anonfun$execModificationQueries$2$adapted(JdbcDataStore.scala:905)
	at com.mendix.connectionbus.connections.jdbc.JdbcDataStore.$anonfun$executeWithUcViolationHandling$2(JdbcDataStore.scala:1077)
	at com.mendix.connectionbus.connections.jdbc.JdbcDataStore.$anonfun$executeWithUcViolationHandling$2$adapted(JdbcDataStore.scala:1077)
	at com.mendix.connectionbus.connections.jdbc.JdbcDataStore.$anonfun$withPreparedStatement$1(JdbcDataStore.scala:1147)
	at scala.util.Try$.apply(Try.scala:217)
	at com.mendix.connectionbus.connections.jdbc.JdbcDataStore$.withLogging(JdbcDataStore.scala:71)
	at com.mendix.connectionbus.connections.jdbc.JdbcDataStore.withPreparedStatement(JdbcDataStore.scala:1147)
	at com.mendix.connectionbus.connections.jdbc.JdbcDataStore.$anonfun$execModificationQueries$1(JdbcDataStore.scala:904)
	at com.mendix.connectionbus.connections.jdbc.JdbcDataStore.$anonfun$execModificationQueries$1$adapted(JdbcDataStore.scala:904)
	at com.mendix.connectionbus.connections.jdbc.JdbcDataStore.$anonfun$executeWithUcViolationHandling$1(JdbcDataStore.scala:1077)
	at scala.runtime.java8.JFunction0$mcZ$sp.apply(JFunction0$mcZ$sp.scala:17)
	at scala.util.Try$.apply(Try.scala:217)
	at com.mendix.connectionbus.connections.jdbc.JdbcDataStore.executeWithUcViolationHandling(JdbcDataStore.scala:1077)
	at com.mendix.connectionbus.connections.jdbc.JdbcDataStore.doModificationQueries$1(JdbcDataStore.scala:907)
	at com.mendix.connectionbus.connections.jdbc.JdbcDataStore.$anonfun$execModificationQueries$3(JdbcDataStore.scala:910)
	at com.mendix.connectionbus.connections.jdbc.JdbcDataStore.executeWithRetry(JdbcDataStore.scala:923)
	at com.mendix.connectionbus.connections.jdbc.JdbcDataStore.execModificationQueries(JdbcDataStore.scala:910)
	at com.mendix.connectionbus.connections.jdbc.JdbcDataStore.execCreateQueries(JdbcDataStore.scala:819)
	at com.mendix.connectionbus.connections.jdbc.JdbcDataStore.$anonfun$store$1(JdbcDataStore.scala:389)
	at com.mendix.connectionbus.connections.jdbc.JdbcDataStore.$anonfun$store$1$adapted(JdbcDataStore.scala:387)
	at scala.collection.immutable.List.map(List.scala:247)
	at scala.collection.immutable.List.map(List.scala:79)
	at com.mendix.connectionbus.connections.jdbc.JdbcDataStore.store(JdbcDataStore.scala:387)
	at com.mendix.connectionbus.store.EntityStorer.storeDataSetInstance(EntityStorer.scala:179)
	at com.mendix.connectionbus.store.EntityStorer.handleCreateRequest(EntityStorer.scala:144)
	at com.mendix.connectionbus.store.EntityStorer.handleRequest(EntityStorer.scala:113)
	at com.mendix.connectionbus.store.EntityStorer.store(EntityStorer.scala:40)
	at com.mendix.connectionbus.RequestAnalyzer.doRequest(RequestAnalyzer.scala:45)
	at com.mendix.connectionbus.ConnectionBusImpl.doRequest(ConnectionBusImpl.scala:483)
	at com.mendix.basis.action.user.CommitAction.commit(CommitAction.scala:160)
	at com.mendix.basis.action.user.CommitAction.$anonfun$commitPersistableObjects$5(CommitAction.scala:112)
	at scala.runtime.java8.JFunction0$mcV$sp.apply(JFunction0$mcV$sp.scala:18)
	at scala.util.Try$.apply(Try.scala:217)
	at com.mendix.basis.action.user.CommitAction.commitPersistableObjects(CommitAction.scala:112)
	at com.mendix.basis.action.user.CommitAction.executeAction(CommitAction.scala:58)
	at com.mendix.basis.action.user.CommitAction.executeAction(CommitAction.scala:32)
	at com.mendix.systemwideinterfaces.core.UserAction.execute(UserAction.java:73)
	at com.mendix.basis.actionmanagement.CoreActionHandlerImpl.doCall(CoreActionHandlerImpl.scala:73)
	at com.mendix.basis.actionmanagement.CoreActionHandlerImpl.call(CoreActionHandlerImpl.scala:49)
	at com.mendix.core.actionmanagement.internal.InternalCoreAction.call(InternalCoreAction.java:81)
	at com.mendix.basis.actionmanagement.ActionManager.$anonfun$executeSync$2(ActionManager.scala:123)
	at com.mendix.util.classloading.Runner$.withContextClassLoader(Runner.scala:20)
	at com.mendix.basis.actionmanagement.ActionManager.executeSync(ActionManager.scala:123)
	at com.mendix.basis.actionmanagement.SyncEventExtendedAction.executeAction(SyncEventExtendedAction.scala:28)
	at com.mendix.basis.actionmanagement.EventExtendedAction.execute(EventExtendedAction.scala:62)
	at com.mendix.basis.actionmanagement.CoreActionHandlerImpl.doCall(CoreActionHandlerImpl.scala:73)
	at com.mendix.basis.actionmanagement.CoreActionHandlerImpl.call(CoreActionHandlerImpl.scala:49)
	at com.mendix.core.actionmanagement.internal.InternalCoreAction.call(InternalCoreAction.java:81)
	at com.mendix.basis.actionmanagement.CoreActionHandlerImpl.$anonfun$runMonitoredAction$1(CoreActionHandlerImpl.scala:60)
	at com.mendix.basis.actionmanagement.ActionMonitoring$.$anonfun$monitor$1(ActionMonitoring.scala:52)
	at com.mendix.util.classloading.Runner$.withContextClassLoader(Runner.scala:20)
	at com.mendix.basis.actionmanagement.ActionMonitoring$.monitor(ActionMonitoring.scala:52)
	at com.mendix.basis.actionmanagement.CoreActionHandlerImpl.runMonitoredAction(CoreActionHandlerImpl.scala:60)
	at com.mendix.basis.actionmanagement.CoreActionHandlerImpl.call(CoreActionHandlerImpl.scala:47)
	at com.mendix.core.actionmanagement.internal.InternalCoreAction.call(InternalCoreAction.java:81)
	at com.mendix.basis.actionmanagement.ActionManager.$anonfun$executeSync$2(ActionManager.scala:123)
	at com.mendix.util.classloading.Runner$.withContextClassLoader(Runner.scala:20)
	at com.mendix.basis.actionmanagement.ActionManager.executeSync(ActionManager.scala:123)
	at com.mendix.basis.actionmanagement.ActionManager.$anonfun$executeInTransactionSync$1(ActionManager.scala:131)
	at scala.util.Try$.apply(Try.scala:217)
	at com.mendix.basis.actionmanagement.ActionManager.tryExecute$1(ActionManager.scala:131)
	at com.mendix.basis.actionmanagement.ActionManager.executeInTransactionSync(ActionManager.scala:132)
	at com.mendix.basis.component.TransactionCore.doStore$1(TransactionCore.scala:207)
	at com.mendix.basis.component.TransactionCore.storeObjectsAndAutoCommittedObjects(TransactionCore.scala:215)
	at com.mendix.basis.component.TransactionCore.doCommit(TransactionCore.scala:144)
	at com.mendix.basis.component.TransactionCore.commit(TransactionCore.scala:117)
	at com.mendix.basis.component.TransactionCore.commit$(TransactionCore.scala:111)
	at com.mendix.basis.component.InternalCore.commit(InternalCore.scala:22)
	at com.mendix.basis.component.TransactionCore.commitWithEvents(TransactionCore.scala:67)
	at com.mendix.basis.component.TransactionCore.commit(TransactionCore.scala:26)
	at com.mendix.basis.component.TransactionCore.commit$(TransactionCore.scala:25)
	at com.mendix.basis.component.InternalCore.commit(InternalCore.scala:22)
	at com.mendix.basis.component.TransactionCore.commit(TransactionCore.scala:21)
	at com.mendix.basis.component.TransactionCore.commit$(TransactionCore.scala:21)
	at com.mendix.basis.component.InternalCore.commit(InternalCore.scala:22)
	at com.mendix.modules.queue.TaskQueue.$anonfun$copyToProcessedTasks$1(TaskQueue.scala:321)
	at scala.runtime.java8.JFunction0$mcV$sp.apply(JFunction0$mcV$sp.scala:18)
	at scala.util.Try$.apply(Try.scala:217)
	at com.mendix.modules.queue.TaskQueue.copyToProcessedTasks(TaskQueue.scala:319)
	at com.mendix.modules.queue.TaskQueue.moveToProcessedTasks(TaskQueue.scala:314)
	at com.mendix.modules.queue.TaskQueue.$anonfun$doRemove$2(TaskQueue.scala:186)
	at scala.util.Success.flatMap(Try.scala:266)
	at com.mendix.modules.queue.TaskQueue.$anonfun$doRemove$1(TaskQueue.scala:186)
	at com.mendix.util.ContextUtil$RichContext$.withTransaction$extension(ContextUtil.scala:17)
	at com.mendix.modules.queue.TaskQueue.doRemove(TaskQueue.scala:186)
	at com.mendix.modules.queue.TaskQueue.tryRemove$1(TaskQueue.scala:159)
	at com.mendix.modules.queue.TaskQueue.remove(TaskQueue.scala:171)
	at com.mendix.modules.queue.TaskDispatcher.executeTask(TaskDispatcher.scala:268)
	at com.mendix.modules.queue.TaskDispatcher.$anonfun$dispatchTask$3(TaskDispatcher.scala:226)
	at com.mendix.modules.queue.MendixTaskQueueMetrics$QueueBasedMetricsImpl.$anonfun$timeTaskExecution$1(TaskQueueMetrics.scala:44)
	at io.micrometer.core.instrument.composite.CompositeTimer.record(CompositeTimer.java:69)
	at com.mendix.metrics.micrometer.MicrometerTimer.record(MicrometerTimer.scala:29)
	at com.mendix.modules.queue.MendixTaskQueueMetrics$QueueBasedMetricsImpl.timeTaskExecution(TaskQueueMetrics.scala:44)
	at com.mendix.modules.queue.TaskDispatcher.$anonfun$dispatchTask$2(TaskDispatcher.scala:226)
	at com.mendix.modules.opentelemetry.OpenTelemetryUtil$.$anonfun$usingSpanWithCustomStatus$2(OpenTelemetryUtil.scala:37)
	at scala.util.Using$.apply(Using.scala:296)
	at com.mendix.modules.opentelemetry.OpenTelemetryUtil$.usingSpanWithCustomStatus(OpenTelemetryUtil.scala:36)
	at com.mendix.modules.opentelemetry.OpenTelemetryUtil$.usingSpanWithCustomStatus(OpenTelemetryUtil.scala:53)
	at com.mendix.modules.opentelemetry.OpenTelemetryUtil$.withSpanWithCustomStatus(OpenTelemetryUtil.scala:15)
	at com.mendix.modules.queue.TaskDispatcher.$anonfun$dispatchTask$1(TaskDispatcher.scala:213)
	at java.base/java.util.concurrent.ThreadPoolExecutor.runWorker(ThreadPoolExecutor.java:1144)
	at java.base/java.util.concurrent.ThreadPoolExecutor$Worker.run(ThreadPoolExecutor.java:642)
	at java.base/java.lang.Thread.run(Thread.java:1583)

2026-06-05 09:05:57.948 WARNING - TaskQueue: Cannot move task 'ClusterManagement-CleanupScheduledEvents()' from task queue 'System.ScheduledEventsQueue' with id 392376117537746448 to processed tasks log. The status is Running. Starting to retry now.
com.mendix.core.CoreRuntimeException: Failed to commit
	at com.mendix.basis.component.TransactionCore.doCommit(TransactionCore.scala:165)

Caused by: com.mendix.core.CoreRuntimeException: com.mendix.systemwideinterfaces.MendixRuntimeException: com.mendix.core.CoreRuntimeException: Exception occurred in action '{"before":[{}],"action":{"type":"CommitAction"},"after":[],"type":"EventExtendedAction"}', all database changes executed by this action were rolled back
	at com.mendix.basis.actionmanagement.ActionManager.executeSync(ActionManager.scala:126)

Caused by: com.mendix.systemwideinterfaces.MendixRuntimeException: com.mendix.core.CoreRuntimeException: Exception occurred in action '{"before":[{}],"action":{"type":"CommitAction"},"after":[],"type":"EventExtendedAction"}', all database changes executed by this action were rolled back
	at com.mendix.util.classloading.Runner$.withContextClassLoader(Runner.scala:23)

Caused by: com.mendix.core.CoreRuntimeException: Exception occurred in action '{"before":[{}],"action":{"type":"CommitAction"},"after":[],"type":"EventExtendedAction"}', all database changes executed by this action were rolled back
	at com.mendix.basis.actionmanagement.CoreActionHandlerImpl.processErrorState(CoreActionHandlerImpl.scala:155)

Caused by: com.mendix.core.CoreException: com.mendix.core.CoreRuntimeException: com.mendix.systemwideinterfaces.MendixRuntimeException: com.mendix.datastorage.exception.UpdateConflictException
	at com.mendix.basis.actionmanagement.SyncEventExtendedAction.executeAction(SyncEventExtendedAction.scala:31)

Caused by: com.mendix.core.CoreRuntimeException: com.mendix.systemwideinterfaces.MendixRuntimeException: com.mendix.datastorage.exception.UpdateConflictException
	at com.mendix.basis.actionmanagement.ActionManager.executeSync(ActionManager.scala:126)

Caused by: com.mendix.systemwideinterfaces.MendixRuntimeException: com.mendix.datastorage.exception.UpdateConflictException
	at com.mendix.util.classloading.Runner$.withContextClassLoader(Runner.scala:23)

Caused by: com.mendix.datastorage.exception.UpdateConflictException: null
	at com.mendix.connectionbus.connections.jdbc.JdbcDataStore.withPreparedStatement(JdbcDataStore.scala:1169)
	at com.mendix.connectionbus.connections.jdbc.JdbcDataStore.$anonfun$execModificationQueries$1(JdbcDataStore.scala:904)
	at com.mendix.connectionbus.connections.jdbc.JdbcDataStore.$anonfun$execModificationQueries$1$adapted(JdbcDataStore.scala:904)
	at com.mendix.connectionbus.connections.jdbc.JdbcDataStore.$anonfun$executeWithUcViolationHandling$1(JdbcDataStore.scala:1077)
	at scala.runtime.java8.JFunction0$mcZ$sp.apply(JFunction0$mcZ$sp.scala:17)
	at scala.util.Try$.apply(Try.scala:217)
	at com.mendix.connectionbus.connections.jdbc.JdbcDataStore.executeWithUcViolationHandling(JdbcDataStore.scala:1077)
	at com.mendix.connectionbus.connections.jdbc.JdbcDataStore.doModificationQueries$1(JdbcDataStore.scala:907)
	at com.mendix.connectionbus.connections.jdbc.JdbcDataStore.$anonfun$execModificationQueries$3(JdbcDataStore.scala:910)
	at com.mendix.connectionbus.connections.jdbc.JdbcDataStore.executeWithRetry(JdbcDataStore.scala:923)
	at com.mendix.connectionbus.connections.jdbc.JdbcDataStore.execModificationQueries(JdbcDataStore.scala:910)
	at com.mendix.connectionbus.connections.jdbc.JdbcDataStore.execCreateQueries(JdbcDataStore.scala:819)
	at com.mendix.connectionbus.connections.jdbc.JdbcDataStore.$anonfun$store$1(JdbcDataStore.scala:389)
	at com.mendix.connectionbus.connections.jdbc.JdbcDataStore.$anonfun$store$1$adapted(JdbcDataStore.scala:387)
	at scala.collection.immutable.List.map(List.scala:247)
	at scala.collection.immutable.List.map(List.scala:79)
	at com.mendix.connectionbus.connections.jdbc.JdbcDataStore.store(JdbcDataStore.scala:387)
	at com.mendix.connectionbus.store.EntityStorer.storeDataSetInstance(EntityStorer.scala:179)
	at com.mendix.connectionbus.store.EntityStorer.handleCreateRequest(EntityStorer.scala:144)
	at com.mendix.connectionbus.store.EntityStorer.handleRequest(EntityStorer.scala:113)
	at com.mendix.connectionbus.store.EntityStorer.store(EntityStorer.scala:40)
	at com.mendix.connectionbus.RequestAnalyzer.doRequest(RequestAnalyzer.scala:45)
	at com.mendix.connectionbus.ConnectionBusImpl.doRequest(ConnectionBusImpl.scala:483)
	at com.mendix.basis.action.user.CommitAction.commit(CommitAction.scala:160)
	at com.mendix.basis.action.user.CommitAction.$anonfun$commitPersistableObjects$5(CommitAction.scala:112)
	at scala.runtime.java8.JFunction0$mcV$sp.apply(JFunction0$mcV$sp.scala:18)
	at scala.util.Try$.apply(Try.scala:217)
	at com.mendix.basis.action.user.CommitAction.commitPersistableObjects(CommitAction.scala:112)
	at com.mendix.basis.action.user.CommitAction.executeAction(CommitAction.scala:58)
	at com.mendix.basis.action.user.CommitAction.executeAction(CommitAction.scala:32)
	at com.mendix.systemwideinterfaces.core.UserAction.execute(UserAction.java:73)
	at com.mendix.basis.actionmanagement.CoreActionHandlerImpl.doCall(CoreActionHandlerImpl.scala:73)
	at com.mendix.basis.actionmanagement.CoreActionHandlerImpl.call(CoreActionHandlerImpl.scala:49)
	at com.mendix.core.actionmanagement.internal.InternalCoreAction.call(InternalCoreAction.java:81)
	at com.mendix.basis.actionmanagement.ActionManager.$anonfun$executeSync$2(ActionManager.scala:123)
	at com.mendix.util.classloading.Runner$.withContextClassLoader(Runner.scala:20)
	at com.mendix.basis.actionmanagement.ActionManager.executeSync(ActionManager.scala:123)
	at com.mendix.basis.actionmanagement.SyncEventExtendedAction.executeAction(SyncEventExtendedAction.scala:28)
	at com.mendix.basis.actionmanagement.EventExtendedAction.execute(EventExtendedAction.scala:62)
	at com.mendix.basis.actionmanagement.CoreActionHandlerImpl.doCall(CoreActionHandlerImpl.scala:73)
	at com.mendix.basis.actionmanagement.CoreActionHandlerImpl.call(CoreActionHandlerImpl.scala:49)
	at com.mendix.core.actionmanagement.internal.InternalCoreAction.call(InternalCoreAction.java:81)
	at com.mendix.basis.actionmanagement.CoreActionHandlerImpl.$anonfun$runMonitoredAction$1(CoreActionHandlerImpl.scala:60)
	at com.mendix.basis.actionmanagement.ActionMonitoring$.$anonfun$monitor$1(ActionMonitoring.scala:52)
	at com.mendix.util.classloading.Runner$.withContextClassLoader(Runner.scala:20)
	at com.mendix.basis.actionmanagement.ActionMonitoring$.monitor(ActionMonitoring.scala:52)
	at com.mendix.basis.actionmanagement.CoreActionHandlerImpl.runMonitoredAction(CoreActionHandlerImpl.scala:60)
	at com.mendix.basis.actionmanagement.CoreActionHandlerImpl.call(CoreActionHandlerImpl.scala:47)
	at com.mendix.core.actionmanagement.internal.InternalCoreAction.call(InternalCoreAction.java:81)
	at com.mendix.basis.actionmanagement.ActionManager.$anonfun$executeSync$2(ActionManager.scala:123)
	at com.mendix.util.classloading.Runner$.withContextClassLoader(Runner.scala:20)
	at com.mendix.basis.actionmanagement.ActionManager.executeSync(ActionManager.scala:123)
	at com.mendix.basis.actionmanagement.ActionManager.$anonfun$executeInTransactionSync$1(ActionManager.scala:131)
	at scala.util.Try$.apply(Try.scala:217)
	at com.mendix.basis.actionmanagement.ActionManager.tryExecute$1(ActionManager.scala:131)
	at com.mendix.basis.actionmanagement.ActionManager.executeInTransactionSync(ActionManager.scala:132)
	at com.mendix.basis.component.TransactionCore.doStore$1(TransactionCore.scala:207)
	at com.mendix.basis.component.TransactionCore.storeObjectsAndAutoCommittedObjects(TransactionCore.scala:215)
	at com.mendix.basis.component.TransactionCore.doCommit(TransactionCore.scala:144)
	at com.mendix.basis.component.TransactionCore.commit(TransactionCore.scala:117)
	at com.mendix.basis.component.TransactionCore.commit$(TransactionCore.scala:111)
	at com.mendix.basis.component.InternalCore.commit(InternalCore.scala:22)
	at com.mendix.basis.component.TransactionCore.commitWithEvents(TransactionCore.scala:67)
	at com.mendix.basis.component.TransactionCore.commit(TransactionCore.scala:26)
	at com.mendix.basis.component.TransactionCore.commit$(TransactionCore.scala:25)
	at com.mendix.basis.component.InternalCore.commit(InternalCore.scala:22)
	at com.mendix.basis.component.TransactionCore.commit(TransactionCore.scala:21)
	at com.mendix.basis.component.TransactionCore.commit$(TransactionCore.scala:21)
	at com.mendix.basis.component.InternalCore.commit(InternalCore.scala:22)
	at com.mendix.modules.queue.TaskQueue.$anonfun$copyToProcessedTasks$1(TaskQueue.scala:321)
	at scala.runtime.java8.JFunction0$mcV$sp.apply(JFunction0$mcV$sp.scala:18)
	at scala.util.Try$.apply(Try.scala:217)
	at com.mendix.modules.queue.TaskQueue.copyToProcessedTasks(TaskQueue.scala:319)
	at com.mendix.modules.queue.TaskQueue.moveToProcessedTasks(TaskQueue.scala:314)
	at com.mendix.modules.queue.TaskQueue.$anonfun$doRemove$2(TaskQueue.scala:186)
	at scala.util.Success.flatMap(Try.scala:266)
	at com.mendix.modules.queue.TaskQueue.$anonfun$doRemove$1(TaskQueue.scala:186)
	at com.mendix.util.ContextUtil$RichContext$.withTransaction$extension(ContextUtil.scala:17)
	at com.mendix.modules.queue.TaskQueue.doRemove(TaskQueue.scala:186)
	at com.mendix.modules.queue.TaskQueue.tryRemove$1(TaskQueue.scala:159)
	at com.mendix.modules.queue.TaskQueue.remove(TaskQueue.scala:171)
	at com.mendix.modules.queue.TaskDispatcher.executeTask(TaskDispatcher.scala:268)
	at com.mendix.modules.queue.TaskDispatcher.$anonfun$dispatchTask$3(TaskDispatcher.scala:226)
	at com.mendix.modules.queue.MendixTaskQueueMetrics$QueueBasedMetricsImpl.$anonfun$timeTaskExecution$1(TaskQueueMetrics.scala:44)
	at io.micrometer.core.instrument.composite.CompositeTimer.record(CompositeTimer.java:69)
	at com.mendix.metrics.micrometer.MicrometerTimer.record(MicrometerTimer.scala:29)
	at com.mendix.modules.queue.MendixTaskQueueMetrics$QueueBasedMetricsImpl.timeTaskExecution(TaskQueueMetrics.scala:44)
	at com.mendix.modules.queue.TaskDispatcher.$anonfun$dispatchTask$2(TaskDispatcher.scala:226)
	at com.mendix.modules.opentelemetry.OpenTelemetryUtil$.$anonfun$usingSpanWithCustomStatus$2(OpenTelemetryUtil.scala:37)
	at scala.util.Using$.apply(Using.scala:296)
	at com.mendix.modules.opentelemetry.OpenTelemetryUtil$.usingSpanWithCustomStatus(OpenTelemetryUtil.scala:36)
	at com.mendix.modules.opentelemetry.OpenTelemetryUtil$.usingSpanWithCustomStatus(OpenTelemetryUtil.scala:53)
	at com.mendix.modules.opentelemetry.OpenTelemetryUtil$.withSpanWithCustomStatus(OpenTelemetryUtil.scala:15)
	at com.mendix.modules.queue.TaskDispatcher.$anonfun$dispatchTask$1(TaskDispatcher.scala:213)
	at java.base/java.util.concurrent.ThreadPoolExecutor.runWorker(ThreadPoolExecutor.java:1144)
	at java.base/java.util.concurrent.ThreadPoolExecutor$Worker.run(ThreadPoolExecutor.java:642)
	at java.base/java.lang.Thread.run(Thread.java:1583)

Caused by: com.microsoft.sqlserver.jdbc.SQLServerException: Transaction (Process ID 78) was deadlocked on lock resources with another process and has been chosen as the deadlock victim. Rerun the transaction.
	at com.microsoft.sqlserver.jdbc.SQLServerException.makeFromDatabaseError(SQLServerException.java:270)
	at com.microsoft.sqlserver.jdbc.SQLServerStatement.getNextResult(SQLServerStatement.java:1735)
	at com.microsoft.sqlserver.jdbc.SQLServerPreparedStatement.doExecutePreparedStatement(SQLServerPreparedStatement.java:675)
	at com.microsoft.sqlserver.jdbc.SQLServerPreparedStatement$PrepStmtExecCmd.doExecute(SQLServerPreparedStatement.java:594)
	at com.microsoft.sqlserver.jdbc.TDSCommand.execute(IOBuffer.java:7745)
	at com.microsoft.sqlserver.jdbc.SQLServerConnection.executeCommand(SQLServerConnection.java:4391)
	at com.microsoft.sqlserver.jdbc.SQLServerStatement.executeCommand(SQLServerStatement.java:276)
	at com.microsoft.sqlserver.jdbc.SQLServerStatement.executeStatement(SQLServerStatement.java:246)
	at com.microsoft.sqlserver.jdbc.SQLServerPreparedStatement.executeUpdate(SQLServerPreparedStatement.java:537)
	at org.apache.commons.dbcp2.DelegatingPreparedStatement.executeUpdate(DelegatingPreparedStatement.java:137)
	at org.apache.commons.dbcp2.DelegatingPreparedStatement.executeUpdate(DelegatingPreparedStatement.java:137)
	at com.mendix.connectionbus.connections.jdbc.JdbcDataStore.doModification(JdbcDataStore.scala:950)
	at com.mendix.connectionbus.connections.jdbc.JdbcDataStore.doInsert(JdbcDataStore.scala:825)
	at com.mendix.connectionbus.connections.jdbc.JdbcDataStore.$anonfun$execCreateQueries$2(JdbcDataStore.scala:819)
	at com.mendix.connectionbus.connections.jdbc.JdbcDataStore.$anonfun$execCreateQueries$2$adapted(JdbcDataStore.scala:819)
	at com.mendix.connectionbus.connections.jdbc.JdbcDataStore.$anonfun$execModificationQueries$2(JdbcDataStore.scala:905)
	at com.mendix.connectionbus.connections.jdbc.JdbcDataStore.$anonfun$execModificationQueries$2$adapted(JdbcDataStore.scala:905)
	at com.mendix.connectionbus.connections.jdbc.JdbcDataStore.$anonfun$executeWithUcViolationHandling$2(JdbcDataStore.scala:1077)
	at com.mendix.connectionbus.connections.jdbc.JdbcDataStore.$anonfun$executeWithUcViolationHandling$2$adapted(JdbcDataStore.scala:1077)
	at com.mendix.connectionbus.connections.jdbc.JdbcDataStore.$anonfun$withPreparedStatement$1(JdbcDataStore.scala:1147)
	at scala.util.Try$.apply(Try.scala:217)
	at com.mendix.connectionbus.connections.jdbc.JdbcDataStore$.withLogging(JdbcDataStore.scala:71)
	at com.mendix.connectionbus.connections.jdbc.JdbcDataStore.withPreparedStatement(JdbcDataStore.scala:1147)
	at com.mendix.connectionbus.connections.jdbc.JdbcDataStore.$anonfun$execModificationQueries$1(JdbcDataStore.scala:904)
	at com.mendix.connectionbus.connections.jdbc.JdbcDataStore.$anonfun$execModificationQueries$1$adapted(JdbcDataStore.scala:904)
	at com.mendix.connectionbus.connections.jdbc.JdbcDataStore.$anonfun$executeWithUcViolationHandling$1(JdbcDataStore.scala:1077)
	at scala.runtime.java8.JFunction0$mcZ$sp.apply(JFunction0$mcZ$sp.scala:17)
	at scala.util.Try$.apply(Try.scala:217)
	at com.mendix.connectionbus.connections.jdbc.JdbcDataStore.executeWithUcViolationHandling(JdbcDataStore.scala:1077)
	at com.mendix.connectionbus.connections.jdbc.JdbcDataStore.doModificationQueries$1(JdbcDataStore.scala:907)
	at com.mendix.connectionbus.connections.jdbc.JdbcDataStore.$anonfun$execModificationQueries$3(JdbcDataStore.scala:910)
	at com.mendix.connectionbus.connections.jdbc.JdbcDataStore.executeWithRetry(JdbcDataStore.scala:923)
	at com.mendix.connectionbus.connections.jdbc.JdbcDataStore.execModificationQueries(JdbcDataStore.scala:910)
	at com.mendix.connectionbus.connections.jdbc.JdbcDataStore.execCreateQueries(JdbcDataStore.scala:819)
	at com.mendix.connectionbus.connections.jdbc.JdbcDataStore.$anonfun$store$1(JdbcDataStore.scala:389)
	at com.mendix.connectionbus.connections.jdbc.JdbcDataStore.$anonfun$store$1$adapted(JdbcDataStore.scala:387)
	at scala.collection.immutable.List.map(List.scala:247)
	at scala.collection.immutable.List.map(List.scala:79)
	at com.mendix.connectionbus.connections.jdbc.JdbcDataStore.store(JdbcDataStore.scala:387)
	at com.mendix.connectionbus.store.EntityStorer.storeDataSetInstance(EntityStorer.scala:179)
	at com.mendix.connectionbus.store.EntityStorer.handleCreateRequest(EntityStorer.scala:144)
	at com.mendix.connectionbus.store.EntityStorer.handleRequest(EntityStorer.scala:113)
	at com.mendix.connectionbus.store.EntityStorer.store(EntityStorer.scala:40)
	at com.mendix.connectionbus.RequestAnalyzer.doRequest(RequestAnalyzer.scala:45)
	at com.mendix.connectionbus.ConnectionBusImpl.doRequest(ConnectionBusImpl.scala:483)
	at com.mendix.basis.action.user.CommitAction.commit(CommitAction.scala:160)
	at com.mendix.basis.action.user.CommitAction.$anonfun$commitPersistableObjects$5(CommitAction.scala:112)
	at scala.runtime.java8.JFunction0$mcV$sp.apply(JFunction0$mcV$sp.scala:18)
	at scala.util.Try$.apply(Try.scala:217)
	at com.mendix.basis.action.user.CommitAction.commitPersistableObjects(CommitAction.scala:112)
	at com.mendix.basis.action.user.CommitAction.executeAction(CommitAction.scala:58)
	at com.mendix.basis.action.user.CommitAction.executeAction(CommitAction.scala:32)
	at com.mendix.systemwideinterfaces.core.UserAction.execute(UserAction.java:73)
	at com.mendix.basis.actionmanagement.CoreActionHandlerImpl.doCall(CoreActionHandlerImpl.scala:73)
	at com.mendix.basis.actionmanagement.CoreActionHandlerImpl.call(CoreActionHandlerImpl.scala:49)
	at com.mendix.core.actionmanagement.internal.InternalCoreAction.call(InternalCoreAction.java:81)
	at com.mendix.basis.actionmanagement.ActionManager.$anonfun$executeSync$2(ActionManager.scala:123)
	at com.mendix.util.classloading.Runner$.withContextClassLoader(Runner.scala:20)
	at com.mendix.basis.actionmanagement.ActionManager.executeSync(ActionManager.scala:123)
	at com.mendix.basis.actionmanagement.SyncEventExtendedAction.executeAction(SyncEventExtendedAction.scala:28)
	at com.mendix.basis.actionmanagement.EventExtendedAction.execute(EventExtendedAction.scala:62)
	at com.mendix.basis.actionmanagement.CoreActionHandlerImpl.doCall(CoreActionHandlerImpl.scala:73)
	at com.mendix.basis.actionmanagement.CoreActionHandlerImpl.call(CoreActionHandlerImpl.scala:49)
	at com.mendix.core.actionmanagement.internal.InternalCoreAction.call(InternalCoreAction.java:81)
	at com.mendix.basis.actionmanagement.CoreActionHandlerImpl.$anonfun$runMonitoredAction$1(CoreActionHandlerImpl.scala:60)
	at com.mendix.basis.actionmanagement.ActionMonitoring$.$anonfun$monitor$1(ActionMonitoring.scala:52)
	at com.mendix.util.classloading.Runner$.withContextClassLoader(Runner.scala:20)
	at com.mendix.basis.actionmanagement.ActionMonitoring$.monitor(ActionMonitoring.scala:52)
	at com.mendix.basis.actionmanagement.CoreActionHandlerImpl.runMonitoredAction(CoreActionHandlerImpl.scala:60)
	at com.mendix.basis.actionmanagement.CoreActionHandlerImpl.call(CoreActionHandlerImpl.scala:47)
	at com.mendix.core.actionmanagement.internal.InternalCoreAction.call(InternalCoreAction.java:81)
	at com.mendix.basis.actionmanagement.ActionManager.$anonfun$executeSync$2(ActionManager.scala:123)
	at com.mendix.util.classloading.Runner$.withContextClassLoader(Runner.scala:20)
	at com.mendix.basis.actionmanagement.ActionManager.executeSync(ActionManager.scala:123)
	at com.mendix.basis.actionmanagement.ActionManager.$anonfun$executeInTransactionSync$1(ActionManager.scala:131)
	at scala.util.Try$.apply(Try.scala:217)
	at com.mendix.basis.actionmanagement.ActionManager.tryExecute$1(ActionManager.scala:131)
	at com.mendix.basis.actionmanagement.ActionManager.executeInTransactionSync(ActionManager.scala:132)
	at com.mendix.basis.component.TransactionCore.doStore$1(TransactionCore.scala:207)
	at com.mendix.basis.component.TransactionCore.storeObjectsAndAutoCommittedObjects(TransactionCore.scala:215)
	at com.mendix.basis.component.TransactionCore.doCommit(TransactionCore.scala:144)
	at com.mendix.basis.component.TransactionCore.commit(TransactionCore.scala:117)
	at com.mendix.basis.component.TransactionCore.commit$(TransactionCore.scala:111)
	at com.mendix.basis.component.InternalCore.commit(InternalCore.scala:22)
	at com.mendix.basis.component.TransactionCore.commitWithEvents(TransactionCore.scala:67)
	at com.mendix.basis.component.TransactionCore.commit(TransactionCore.scala:26)
	at com.mendix.basis.component.TransactionCore.commit$(TransactionCore.scala:25)
	at com.mendix.basis.component.InternalCore.commit(InternalCore.scala:22)
	at com.mendix.basis.component.TransactionCore.commit(TransactionCore.scala:21)
	at com.mendix.basis.component.TransactionCore.commit$(TransactionCore.scala:21)
	at com.mendix.basis.component.InternalCore.commit(InternalCore.scala:22)
	at com.mendix.modules.queue.TaskQueue.$anonfun$copyToProcessedTasks$1(TaskQueue.scala:321)
	at scala.runtime.java8.JFunction0$mcV$sp.apply(JFunction0$mcV$sp.scala:18)
	at scala.util.Try$.apply(Try.scala:217)
	at com.mendix.modules.queue.TaskQueue.copyToProcessedTasks(TaskQueue.scala:319)
	at com.mendix.modules.queue.TaskQueue.moveToProcessedTasks(TaskQueue.scala:314)
	at com.mendix.modules.queue.TaskQueue.$anonfun$doRemove$2(TaskQueue.scala:186)
	at scala.util.Success.flatMap(Try.scala:266)
	at com.mendix.modules.queue.TaskQueue.$anonfun$doRemove$1(TaskQueue.scala:186)
	at com.mendix.util.ContextUtil$RichContext$.withTransaction$extension(ContextUtil.scala:17)
	at com.mendix.modules.queue.TaskQueue.doRemove(TaskQueue.scala:186)
	at com.mendix.modules.queue.TaskQueue.tryRemove$1(TaskQueue.scala:159)
	at com.mendix.modules.queue.TaskQueue.remove(TaskQueue.scala:171)
	at com.mendix.modules.queue.TaskDispatcher.executeTask(TaskDispatcher.scala:268)
	at com.mendix.modules.queue.TaskDispatcher.$anonfun$dispatchTask$3(TaskDispatcher.scala:226)
	at com.mendix.modules.queue.MendixTaskQueueMetrics$QueueBasedMetricsImpl.$anonfun$timeTaskExecution$1(TaskQueueMetrics.scala:44)
	at io.micrometer.core.instrument.composite.CompositeTimer.record(CompositeTimer.java:69)
	at com.mendix.metrics.micrometer.MicrometerTimer.record(MicrometerTimer.scala:29)
	at com.mendix.modules.queue.MendixTaskQueueMetrics$QueueBasedMetricsImpl.timeTaskExecution(TaskQueueMetrics.scala:44)
	at com.mendix.modules.queue.TaskDispatcher.$anonfun$dispatchTask$2(TaskDispatcher.scala:226)
	at com.mendix.modules.opentelemetry.OpenTelemetryUtil$.$anonfun$usingSpanWithCustomStatus$2(OpenTelemetryUtil.scala:37)
	at scala.util.Using$.apply(Using.scala:296)
	at com.mendix.modules.opentelemetry.OpenTelemetryUtil$.usingSpanWithCustomStatus(OpenTelemetryUtil.scala:36)
	at com.mendix.modules.opentelemetry.OpenTelemetryUtil$.usingSpanWithCustomStatus(OpenTelemetryUtil.scala:53)
	at com.mendix.modules.opentelemetry.OpenTelemetryUtil$.withSpanWithCustomStatus(OpenTelemetryUtil.scala:15)
	at com.mendix.modules.queue.TaskDispatcher.$anonfun$dispatchTask$1(TaskDispatcher.scala:213)
	at java.base/java.util.concurrent.ThreadPoolExecutor.runWorker(ThreadPoolExecutor.java:1144)
	at java.base/java.util.concurrent.ThreadPoolExecutor$Worker.run(ThreadPoolExecutor.java:642)
	at java.base/java.lang.Thread.run(Thread.java:1583)

2026-06-05 09:05:58.356 WARNING - TaskQueue: Cannot move task 'ClusterManagement-CleanupBackgroundJobs()' from task queue 'System.ScheduledEventsQueue' with id 392376117537746952 to processed tasks log. The status is Running. Starting to retry now.
com.mendix.core.CoreRuntimeException: Failed to commit
	at com.mendix.basis.component.TransactionCore.doCommit(TransactionCore.scala:165)

Caused by: com.mendix.core.CoreRuntimeException: com.mendix.systemwideinterfaces.MendixRuntimeException: com.mendix.core.CoreRuntimeException: Exception occurred in action '{"before":[{}],"action":{"type":"CommitAction"},"after":[],"type":"EventExtendedAction"}', all database changes executed by this action were rolled back
	at com.mendix.basis.actionmanagement.ActionManager.executeSync(ActionManager.scala:126)

Caused by: com.mendix.systemwideinterfaces.MendixRuntimeException: com.mendix.core.CoreRuntimeException: Exception occurred in action '{"before":[{}],"action":{"type":"CommitAction"},"after":[],"type":"EventExtendedAction"}', all database changes executed by this action were rolled back
	at com.mendix.util.classloading.Runner$.withContextClassLoader(Runner.scala:23)

Caused by: com.mendix.core.CoreRuntimeException: Exception occurred in action '{"before":[{}],"action":{"type":"CommitAction"},"after":[],"type":"EventExtendedAction"}', all database changes executed by this action were rolled back
	at com.mendix.basis.actionmanagement.CoreActionHandlerImpl.processErrorState(CoreActionHandlerImpl.scala:155)

Caused by: com.mendix.core.CoreException: com.mendix.core.CoreRuntimeException: com.mendix.systemwideinterfaces.MendixRuntimeException: com.mendix.datastorage.exception.UpdateConflictException
	at com.mendix.basis.actionmanagement.SyncEventExtendedAction.executeAction(SyncEventExtendedAction.scala:31)

Caused by: com.mendix.core.CoreRuntimeException: com.mendix.systemwideinterfaces.MendixRuntimeException: com.mendix.datastorage.exception.UpdateConflictException
	at com.mendix.basis.actionmanagement.ActionManager.executeSync(ActionManager.scala:126)

Caused by: com.mendix.systemwideinterfaces.MendixRuntimeException: com.mendix.datastorage.exception.UpdateConflictException
	at com.mendix.util.classloading.Runner$.withContextClassLoader(Runner.scala:23)

Caused by: com.mendix.datastorage.exception.UpdateConflictException: null
	at com.mendix.connectionbus.connections.jdbc.JdbcDataStore.withPreparedStatement(JdbcDataStore.scala:1169)
	at com.mendix.connectionbus.connections.jdbc.JdbcDataStore.$anonfun$execModificationQueries$1(JdbcDataStore.scala:904)
	at com.mendix.connectionbus.connections.jdbc.JdbcDataStore.$anonfun$execModificationQueries$1$adapted(JdbcDataStore.scala:904)
	at com.mendix.connectionbus.connections.jdbc.JdbcDataStore.$anonfun$executeWithUcViolationHandling$1(JdbcDataStore.scala:1077)
	at scala.runtime.java8.JFunction0$mcZ$sp.apply(JFunction0$mcZ$sp.scala:17)
	at scala.util.Try$.apply(Try.scala:217)
	at com.mendix.connectionbus.connections.jdbc.JdbcDataStore.executeWithUcViolationHandling(JdbcDataStore.scala:1077)
	at com.mendix.connectionbus.connections.jdbc.JdbcDataStore.doModificationQueries$1(JdbcDataStore.scala:907)
	at com.mendix.connectionbus.connections.jdbc.JdbcDataStore.$anonfun$execModificationQueries$3(JdbcDataStore.scala:910)
	at com.mendix.connectionbus.connections.jdbc.JdbcDataStore.executeWithRetry(JdbcDataStore.scala:923)
	at com.mendix.connectionbus.connections.jdbc.JdbcDataStore.execModificationQueries(JdbcDataStore.scala:910)
	at com.mendix.connectionbus.connections.jdbc.JdbcDataStore.execCreateQueries(JdbcDataStore.scala:819)
	at com.mendix.connectionbus.connections.jdbc.JdbcDataStore.$anonfun$store$1(JdbcDataStore.scala:389)
	at com.mendix.connectionbus.connections.jdbc.JdbcDataStore.$anonfun$store$1$adapted(JdbcDataStore.scala:387)
	at scala.collection.immutable.List.map(List.scala:247)
	at scala.collection.immutable.List.map(List.scala:79)
	at com.mendix.connectionbus.connections.jdbc.JdbcDataStore.store(JdbcDataStore.scala:387)
	at com.mendix.connectionbus.store.EntityStorer.storeDataSetInstance(EntityStorer.scala:179)
	at com.mendix.connectionbus.store.EntityStorer.handleCreateRequest(EntityStorer.scala:144)
	at com.mendix.connectionbus.store.EntityStorer.handleRequest(EntityStorer.scala:113)
	at com.mendix.connectionbus.store.EntityStorer.store(EntityStorer.scala:40)
	at com.mendix.connectionbus.RequestAnalyzer.doRequest(RequestAnalyzer.scala:45)
	at com.mendix.connectionbus.ConnectionBusImpl.doRequest(ConnectionBusImpl.scala:483)
	at com.mendix.basis.action.user.CommitAction.commit(CommitAction.scala:160)
	at com.mendix.basis.action.user.CommitAction.$anonfun$commitPersistableObjects$5(CommitAction.scala:112)
	at scala.runtime.java8.JFunction0$mcV$sp.apply(JFunction0$mcV$sp.scala:18)
	at scala.util.Try$.apply(Try.scala:217)
	at com.mendix.basis.action.user.CommitAction.commitPersistableObjects(CommitAction.scala:112)
	at com.mendix.basis.action.user.CommitAction.executeAction(CommitAction.scala:58)
	at com.mendix.basis.action.user.CommitAction.executeAction(CommitAction.scala:32)
	at com.mendix.systemwideinterfaces.core.UserAction.execute(UserAction.java:73)
	at com.mendix.basis.actionmanagement.CoreActionHandlerImpl.doCall(CoreActionHandlerImpl.scala:73)
	at com.mendix.basis.actionmanagement.CoreActionHandlerImpl.call(CoreActionHandlerImpl.scala:49)
	at com.mendix.core.actionmanagement.internal.InternalCoreAction.call(InternalCoreAction.java:81)
	at com.mendix.basis.actionmanagement.ActionManager.$anonfun$executeSync$2(ActionManager.scala:123)
	at com.mendix.util.classloading.Runner$.withContextClassLoader(Runner.scala:20)
	at com.mendix.basis.actionmanagement.ActionManager.executeSync(ActionManager.scala:123)
	at com.mendix.basis.actionmanagement.SyncEventExtendedAction.executeAction(SyncEventExtendedAction.scala:28)
	at com.mendix.basis.actionmanagement.EventExtendedAction.execute(EventExtendedAction.scala:62)
	at com.mendix.basis.actionmanagement.CoreActionHandlerImpl.doCall(CoreActionHandlerImpl.scala:73)
	at com.mendix.basis.actionmanagement.CoreActionHandlerImpl.call(CoreActionHandlerImpl.scala:49)
	at com.mendix.core.actionmanagement.internal.InternalCoreAction.call(InternalCoreAction.java:81)
	at com.mendix.basis.actionmanagement.CoreActionHandlerImpl.$anonfun$runMonitoredAction$1(CoreActionHandlerImpl.scala:60)
	at com.mendix.basis.actionmanagement.ActionMonitoring$.$anonfun$monitor$1(ActionMonitoring.scala:52)
	at com.mendix.util.classloading.Runner$.withContextClassLoader(Runner.scala:20)
	at com.mendix.basis.actionmanagement.ActionMonitoring$.monitor(ActionMonitoring.scala:52)
	at com.mendix.basis.actionmanagement.CoreActionHandlerImpl.runMonitoredAction(CoreActionHandlerImpl.scala:60)
	at com.mendix.basis.actionmanagement.CoreActionHandlerImpl.call(CoreActionHandlerImpl.scala:47)
	at com.mendix.core.actionmanagement.internal.InternalCoreAction.call(InternalCoreAction.java:81)
	at com.mendix.basis.actionmanagement.ActionManager.$anonfun$executeSync$2(ActionManager.scala:123)
	at com.mendix.util.classloading.Runner$.withContextClassLoader(Runner.scala:20)
	at com.mendix.basis.actionmanagement.ActionManager.executeSync(ActionManager.scala:123)
	at com.mendix.basis.actionmanagement.ActionManager.$anonfun$executeInTransactionSync$1(ActionManager.scala:131)
	at scala.util.Try$.apply(Try.scala:217)
	at com.mendix.basis.actionmanagement.ActionManager.tryExecute$1(ActionManager.scala:131)
	at com.mendix.basis.actionmanagement.ActionManager.executeInTransactionSync(ActionManager.scala:132)
	at com.mendix.basis.component.TransactionCore.doStore$1(TransactionCore.scala:207)
	at com.mendix.basis.component.TransactionCore.storeObjectsAndAutoCommittedObjects(TransactionCore.scala:215)
	at com.mendix.basis.component.TransactionCore.doCommit(TransactionCore.scala:144)
	at com.mendix.basis.component.TransactionCore.commit(TransactionCore.scala:117)
	at com.mendix.basis.component.TransactionCore.commit$(TransactionCore.scala:111)
	at com.mendix.basis.component.InternalCore.commit(InternalCore.scala:22)
	at com.mendix.basis.component.TransactionCore.commitWithEvents(TransactionCore.scala:67)
	at com.mendix.basis.component.TransactionCore.commit(TransactionCore.scala:26)
	at com.mendix.basis.component.TransactionCore.commit$(TransactionCore.scala:25)
	at com.mendix.basis.component.InternalCore.commit(InternalCore.scala:22)
	at com.mendix.basis.component.TransactionCore.commit(TransactionCore.scala:21)
	at com.mendix.basis.component.TransactionCore.commit$(TransactionCore.scala:21)
	at com.mendix.basis.component.InternalCore.commit(InternalCore.scala:22)
	at com.mendix.modules.queue.TaskQueue.$anonfun$copyToProcessedTasks$1(TaskQueue.scala:321)
	at scala.runtime.java8.JFunction0$mcV$sp.apply(JFunction0$mcV$sp.scala:18)
	at scala.util.Try$.apply(Try.scala:217)
	at com.mendix.modules.queue.TaskQueue.copyToProcessedTasks(TaskQueue.scala:319)
	at com.mendix.modules.queue.TaskQueue.moveToProcessedTasks(TaskQueue.scala:314)
	at com.mendix.modules.queue.TaskQueue.$anonfun$doRemove$2(TaskQueue.scala:186)
	at scala.util.Success.flatMap(Try.scala:266)
	at com.mendix.modules.queue.TaskQueue.$anonfun$doRemove$1(TaskQueue.scala:186)
	at com.mendix.util.ContextUtil$RichContext$.withTransaction$extension(ContextUtil.scala:17)
	at com.mendix.modules.queue.TaskQueue.doRemove(TaskQueue.scala:186)
	at com.mendix.modules.queue.TaskQueue.tryRemove$1(TaskQueue.scala:159)
	at com.mendix.modules.queue.TaskQueue.remove(TaskQueue.scala:171)
	at com.mendix.modules.queue.TaskDispatcher.executeTask(TaskDispatcher.scala:268)
	at com.mendix.modules.queue.TaskDispatcher.$anonfun$dispatchTask$3(TaskDispatcher.scala:226)
	at com.mendix.modules.queue.MendixTaskQueueMetrics$QueueBasedMetricsImpl.$anonfun$timeTaskExecution$1(TaskQueueMetrics.scala:44)
	at io.micrometer.core.instrument.composite.CompositeTimer.record(CompositeTimer.java:69)
	at com.mendix.metrics.micrometer.MicrometerTimer.record(MicrometerTimer.scala:29)
	at com.mendix.modules.queue.MendixTaskQueueMetrics$QueueBasedMetricsImpl.timeTaskExecution(TaskQueueMetrics.scala:44)
	at com.mendix.modules.queue.TaskDispatcher.$anonfun$dispatchTask$2(TaskDispatcher.scala:226)
	at com.mendix.modules.opentelemetry.OpenTelemetryUtil$.$anonfun$usingSpanWithCustomStatus$2(OpenTelemetryUtil.scala:37)
	at scala.util.Using$.apply(Using.scala:296)
	at com.mendix.modules.opentelemetry.OpenTelemetryUtil$.usingSpanWithCustomStatus(OpenTelemetryUtil.scala:36)
	at com.mendix.modules.opentelemetry.OpenTelemetryUtil$.usingSpanWithCustomStatus(OpenTelemetryUtil.scala:53)
	at com.mendix.modules.opentelemetry.OpenTelemetryUtil$.withSpanWithCustomStatus(OpenTelemetryUtil.scala:15)
	at com.mendix.modules.queue.TaskDispatcher.$anonfun$dispatchTask$1(TaskDispatcher.scala:213)
	at java.base/java.util.concurrent.ThreadPoolExecutor.runWorker(ThreadPoolExecutor.java:1144)
	at java.base/java.util.concurrent.ThreadPoolExecutor$Worker.run(ThreadPoolExecutor.java:642)
	at java.base/java.lang.Thread.run(Thread.java:1583)

Caused by: com.microsoft.sqlserver.jdbc.SQLServerException: Transaction (Process ID 79) was deadlocked on lock resources with another process and has been chosen as the deadlock victim. Rerun the transaction.
	at com.microsoft.sqlserver.jdbc.SQLServerException.makeFromDatabaseError(SQLServerException.java:270)
	at com.microsoft.sqlserver.jdbc.SQLServerStatement.getNextResult(SQLServerStatement.java:1735)
	at com.microsoft.sqlserver.jdbc.SQLServerPreparedStatement.doExecutePreparedStatement(SQLServerPreparedStatement.java:675)
	at com.microsoft.sqlserver.jdbc.SQLServerPreparedStatement$PrepStmtExecCmd.doExecute(SQLServerPreparedStatement.java:594)
	at com.microsoft.sqlserver.jdbc.TDSCommand.execute(IOBuffer.java:7745)
	at com.microsoft.sqlserver.jdbc.SQLServerConnection.executeCommand(SQLServerConnection.java:4391)
	at com.microsoft.sqlserver.jdbc.SQLServerStatement.executeCommand(SQLServerStatement.java:276)
	at com.microsoft.sqlserver.jdbc.SQLServerStatement.executeStatement(SQLServerStatement.java:246)
	at com.microsoft.sqlserver.jdbc.SQLServerPreparedStatement.executeUpdate(SQLServerPreparedStatement.java:537)
	at org.apache.commons.dbcp2.DelegatingPreparedStatement.executeUpdate(DelegatingPreparedStatement.java:137)
	at org.apache.commons.dbcp2.DelegatingPreparedStatement.executeUpdate(DelegatingPreparedStatement.java:137)
	at com.mendix.connectionbus.connections.jdbc.JdbcDataStore.doModification(JdbcDataStore.scala:950)
	at com.mendix.connectionbus.connections.jdbc.JdbcDataStore.doInsert(JdbcDataStore.scala:825)
	at com.mendix.connectionbus.connections.jdbc.JdbcDataStore.$anonfun$execCreateQueries$2(JdbcDataStore.scala:819)
	at com.mendix.connectionbus.connections.jdbc.JdbcDataStore.$anonfun$execCreateQueries$2$adapted(JdbcDataStore.scala:819)
	at com.mendix.connectionbus.connections.jdbc.JdbcDataStore.$anonfun$execModificationQueries$2(JdbcDataStore.scala:905)
	at com.mendix.connectionbus.connections.jdbc.JdbcDataStore.$anonfun$execModificationQueries$2$adapted(JdbcDataStore.scala:905)
	at com.mendix.connectionbus.connections.jdbc.JdbcDataStore.$anonfun$executeWithUcViolationHandling$2(JdbcDataStore.scala:1077)
	at com.mendix.connectionbus.connections.jdbc.JdbcDataStore.$anonfun$executeWithUcViolationHandling$2$adapted(JdbcDataStore.scala:1077)
	at com.mendix.connectionbus.connections.jdbc.JdbcDataStore.$anonfun$withPreparedStatement$1(JdbcDataStore.scala:1147)
	at scala.util.Try$.apply(Try.scala:217)
	at com.mendix.connectionbus.connections.jdbc.JdbcDataStore$.withLogging(JdbcDataStore.scala:71)
	at com.mendix.connectionbus.connections.jdbc.JdbcDataStore.withPreparedStatement(JdbcDataStore.scala:1147)
	at com.mendix.connectionbus.connections.jdbc.JdbcDataStore.$anonfun$execModificationQueries$1(JdbcDataStore.scala:904)
	at com.mendix.connectionbus.connections.jdbc.JdbcDataStore.$anonfun$execModificationQueries$1$adapted(JdbcDataStore.scala:904)
	at com.mendix.connectionbus.connections.jdbc.JdbcDataStore.$anonfun$executeWithUcViolationHandling$1(JdbcDataStore.scala:1077)
	at scala.runtime.java8.JFunction0$mcZ$sp.apply(JFunction0$mcZ$sp.scala:17)
	at scala.util.Try$.apply(Try.scala:217)
	at com.mendix.connectionbus.connections.jdbc.JdbcDataStore.executeWithUcViolationHandling(JdbcDataStore.scala:1077)
	at com.mendix.connectionbus.connections.jdbc.JdbcDataStore.doModificationQueries$1(JdbcDataStore.scala:907)
	at com.mendix.connectionbus.connections.jdbc.JdbcDataStore.$anonfun$execModificationQueries$3(JdbcDataStore.scala:910)
	at com.mendix.connectionbus.connections.jdbc.JdbcDataStore.executeWithRetry(JdbcDataStore.scala:923)
	at com.mendix.connectionbus.connections.jdbc.JdbcDataStore.execModificationQueries(JdbcDataStore.scala:910)
	at com.mendix.connectionbus.connections.jdbc.JdbcDataStore.execCreateQueries(JdbcDataStore.scala:819)
	at com.mendix.connectionbus.connections.jdbc.JdbcDataStore.$anonfun$store$1(JdbcDataStore.scala:389)
	at com.mendix.connectionbus.connections.jdbc.JdbcDataStore.$anonfun$store$1$adapted(JdbcDataStore.scala:387)
	at scala.collection.immutable.List.map(List.scala:247)
	at scala.collection.immutable.List.map(List.scala:79)
	at com.mendix.connectionbus.connections.jdbc.JdbcDataStore.store(JdbcDataStore.scala:387)
	at com.mendix.connectionbus.store.EntityStorer.storeDataSetInstance(EntityStorer.scala:179)
	at com.mendix.connectionbus.store.EntityStorer.handleCreateRequest(EntityStorer.scala:144)
	at com.mendix.connectionbus.store.EntityStorer.handleRequest(EntityStorer.scala:113)
	at com.mendix.connectionbus.store.EntityStorer.store(EntityStorer.scala:40)
	at com.mendix.connectionbus.RequestAnalyzer.doRequest(RequestAnalyzer.scala:45)
	at com.mendix.connectionbus.ConnectionBusImpl.doRequest(ConnectionBusImpl.scala:483)
	at com.mendix.basis.action.user.CommitAction.commit(CommitAction.scala:160)
	at com.mendix.basis.action.user.CommitAction.$anonfun$commitPersistableObjects$5(CommitAction.scala:112)
	at scala.runtime.java8.JFunction0$mcV$sp.apply(JFunction0$mcV$sp.scala:18)
	at scala.util.Try$.apply(Try.scala:217)
	at com.mendix.basis.action.user.CommitAction.commitPersistableObjects(CommitAction.scala:112)
	at com.mendix.basis.action.user.CommitAction.executeAction(CommitAction.scala:58)
	at com.mendix.basis.action.user.CommitAction.executeAction(CommitAction.scala:32)
	at com.mendix.systemwideinterfaces.core.UserAction.execute(UserAction.java:73)
	at com.mendix.basis.actionmanagement.CoreActionHandlerImpl.doCall(CoreActionHandlerImpl.scala:73)
	at com.mendix.basis.actionmanagement.CoreActionHandlerImpl.call(CoreActionHandlerImpl.scala:49)
	at com.mendix.core.actionmanagement.internal.InternalCoreAction.call(InternalCoreAction.java:81)
	at com.mendix.basis.actionmanagement.ActionManager.$anonfun$executeSync$2(ActionManager.scala:123)
	at com.mendix.util.classloading.Runner$.withContextClassLoader(Runner.scala:20)
	at com.mendix.basis.actionmanagement.ActionManager.executeSync(ActionManager.scala:123)
	at com.mendix.basis.actionmanagement.SyncEventExtendedAction.executeAction(SyncEventExtendedAction.scala:28)
	at com.mendix.basis.actionmanagement.EventExtendedAction.execute(EventExtendedAction.scala:62)
	at com.mendix.basis.actionmanagement.CoreActionHandlerImpl.doCall(CoreActionHandlerImpl.scala:73)
	at com.mendix.basis.actionmanagement.CoreActionHandlerImpl.call(CoreActionHandlerImpl.scala:49)
	at com.mendix.core.actionmanagement.internal.InternalCoreAction.call(InternalCoreAction.java:81)
	at com.mendix.basis.actionmanagement.CoreActionHandlerImpl.$anonfun$runMonitoredAction$1(CoreActionHandlerImpl.scala:60)
	at com.mendix.basis.actionmanagement.ActionMonitoring$.$anonfun$monitor$1(ActionMonitoring.scala:52)
	at com.mendix.util.classloading.Runner$.withContextClassLoader(Runner.scala:20)
	at com.mendix.basis.actionmanagement.ActionMonitoring$.monitor(ActionMonitoring.scala:52)
	at com.mendix.basis.actionmanagement.CoreActionHandlerImpl.runMonitoredAction(CoreActionHandlerImpl.scala:60)
	at com.mendix.basis.actionmanagement.CoreActionHandlerImpl.call(CoreActionHandlerImpl.scala:47)
	at com.mendix.core.actionmanagement.internal.InternalCoreAction.call(InternalCoreAction.java:81)
	at com.mendix.basis.actionmanagement.ActionManager.$anonfun$executeSync$2(ActionManager.scala:123)
	at com.mendix.util.classloading.Runner$.withContextClassLoader(Runner.scala:20)
	at com.mendix.basis.actionmanagement.ActionManager.executeSync(ActionManager.scala:123)
	at com.mendix.basis.actionmanagement.ActionManager.$anonfun$executeInTransactionSync$1(ActionManager.scala:131)
	at scala.util.Try$.apply(Try.scala:217)
	at com.mendix.basis.actionmanagement.ActionManager.tryExecute$1(ActionManager.scala:131)
	at com.mendix.basis.actionmanagement.ActionManager.executeInTransactionSync(ActionManager.scala:132)
	at com.mendix.basis.component.TransactionCore.doStore$1(TransactionCore.scala:207)
	at com.mendix.basis.component.TransactionCore.storeObjectsAndAutoCommittedObjects(TransactionCore.scala:215)
	at com.mendix.basis.component.TransactionCore.doCommit(TransactionCore.scala:144)
	at com.mendix.basis.component.TransactionCore.commit(TransactionCore.scala:117)
	at com.mendix.basis.component.TransactionCore.commit$(TransactionCore.scala:111)
	at com.mendix.basis.component.InternalCore.commit(InternalCore.scala:22)
	at com.mendix.basis.component.TransactionCore.commitWithEvents(TransactionCore.scala:67)
	at com.mendix.basis.component.TransactionCore.commit(TransactionCore.scala:26)
	at com.mendix.basis.component.TransactionCore.commit$(TransactionCore.scala:25)
	at com.mendix.basis.component.InternalCore.commit(InternalCore.scala:22)
	at com.mendix.basis.component.TransactionCore.commit(TransactionCore.scala:21)
	at com.mendix.basis.component.TransactionCore.commit$(TransactionCore.scala:21)
	at com.mendix.basis.component.InternalCore.commit(InternalCore.scala:22)
	at com.mendix.modules.queue.TaskQueue.$anonfun$copyToProcessedTasks$1(TaskQueue.scala:321)
	at scala.runtime.java8.JFunction0$mcV$sp.apply(JFunction0$mcV$sp.scala:18)
	at scala.util.Try$.apply(Try.scala:217)
	at com.mendix.modules.queue.TaskQueue.copyToProcessedTasks(TaskQueue.scala:319)
	at com.mendix.modules.queue.TaskQueue.moveToProcessedTasks(TaskQueue.scala:314)
	at com.mendix.modules.queue.TaskQueue.$anonfun$doRemove$2(TaskQueue.scala:186)
	at scala.util.Success.flatMap(Try.scala:266)
	at com.mendix.modules.queue.TaskQueue.$anonfun$doRemove$1(TaskQueue.scala:186)
	at com.mendix.util.ContextUtil$RichContext$.withTransaction$extension(ContextUtil.scala:17)
	at com.mendix.modules.queue.TaskQueue.doRemove(TaskQueue.scala:186)
	at com.mendix.modules.queue.TaskQueue.tryRemove$1(TaskQueue.scala:159)
	at com.mendix.modules.queue.TaskQueue.remove(TaskQueue.scala:171)
	at com.mendix.modules.queue.TaskDispatcher.executeTask(TaskDispatcher.scala:268)
	at com.mendix.modules.queue.TaskDispatcher.$anonfun$dispatchTask$3(TaskDispatcher.scala:226)
	at com.mendix.modules.queue.MendixTaskQueueMetrics$QueueBasedMetricsImpl.$anonfun$timeTaskExecution$1(TaskQueueMetrics.scala:44)
	at io.micrometer.core.instrument.composite.CompositeTimer.record(CompositeTimer.java:69)
	at com.mendix.metrics.micrometer.MicrometerTimer.record(MicrometerTimer.scala:29)
	at com.mendix.modules.queue.MendixTaskQueueMetrics$QueueBasedMetricsImpl.timeTaskExecution(TaskQueueMetrics.scala:44)
	at com.mendix.modules.queue.TaskDispatcher.$anonfun$dispatchTask$2(TaskDispatcher.scala:226)
	at com.mendix.modules.opentelemetry.OpenTelemetryUtil$.$anonfun$usingSpanWithCustomStatus$2(OpenTelemetryUtil.scala:37)
	at scala.util.Using$.apply(Using.scala:296)
	at com.mendix.modules.opentelemetry.OpenTelemetryUtil$.usingSpanWithCustomStatus(OpenTelemetryUtil.scala:36)
	at com.mendix.modules.opentelemetry.OpenTelemetryUtil$.usingSpanWithCustomStatus(OpenTelemetryUtil.scala:53)
	at com.mendix.modules.opentelemetry.OpenTelemetryUtil$.withSpanWithCustomStatus(OpenTelemetryUtil.scala:15)
	at com.mendix.modules.queue.TaskDispatcher.$anonfun$dispatchTask$1(TaskDispatcher.scala:213)
	at java.base/java.util.concurrent.ThreadPoolExecutor.runWorker(ThreadPoolExecutor.java:1144)
	at java.base/java.util.concurrent.ThreadPoolExecutor$Worker.run(ThreadPoolExecutor.java:642)
	at java.base/java.lang.Thread.run(Thread.java:1583)

2026-06-05 09:05:58.535 WARNING - TaskQueue: Cannot move task 'ClusterManagement-UnblockUsers()' from task queue 'System.ScheduledEventsQueue' with id 392376117537746370 to processed tasks log. The status is Running. Starting to retry now.
com.mendix.core.CoreRuntimeException: Failed to commit
	at com.mendix.basis.component.TransactionCore.doCommit(TransactionCore.scala:165)

Caused by: com.mendix.core.CoreRuntimeException: com.mendix.systemwideinterfaces.MendixRuntimeException: com.mendix.core.CoreRuntimeException: Exception occurred in action '{"before":[{}],"action":{"type":"CommitAction"},"after":[],"type":"EventExtendedAction"}', all database changes executed by this action were rolled back
	at com.mendix.basis.actionmanagement.ActionManager.executeSync(ActionManager.scala:126)

Caused by: com.mendix.systemwideinterfaces.MendixRuntimeException: com.mendix.core.CoreRuntimeException: Exception occurred in action '{"before":[{}],"action":{"type":"CommitAction"},"after":[],"type":"EventExtendedAction"}', all database changes executed by this action were rolled back
	at com.mendix.util.classloading.Runner$.withContextClassLoader(Runner.scala:23)

Caused by: com.mendix.core.CoreRuntimeException: Exception occurred in action '{"before":[{}],"action":{"type":"CommitAction"},"after":[],"type":"EventExtendedAction"}', all database changes executed by this action were rolled back
	at com.mendix.basis.actionmanagement.CoreActionHandlerImpl.processErrorState(CoreActionHandlerImpl.scala:155)

Caused by: com.mendix.core.CoreException: com.mendix.core.CoreRuntimeException: com.mendix.systemwideinterfaces.MendixRuntimeException: com.mendix.datastorage.exception.UpdateConflictException
	at com.mendix.basis.actionmanagement.SyncEventExtendedAction.executeAction(SyncEventExtendedAction.scala:31)

Caused by: com.mendix.core.CoreRuntimeException: com.mendix.systemwideinterfaces.MendixRuntimeException: com.mendix.datastorage.exception.UpdateConflictException
	at com.mendix.basis.actionmanagement.ActionManager.executeSync(ActionManager.scala:126)

Caused by: com.mendix.systemwideinterfaces.MendixRuntimeException: com.mendix.datastorage.exception.UpdateConflictException
	at com.mendix.util.classloading.Runner$.withContextClassLoader(Runner.scala:23)

Caused by: com.mendix.datastorage.exception.UpdateConflictException: null
	at com.mendix.connectionbus.connections.jdbc.JdbcDataStore.withPreparedStatement(JdbcDataStore.scala:1169)
	at com.mendix.connectionbus.connections.jdbc.JdbcDataStore.$anonfun$execModificationQueries$1(JdbcDataStore.scala:904)
	at com.mendix.connectionbus.connections.jdbc.JdbcDataStore.$anonfun$execModificationQueries$1$adapted(JdbcDataStore.scala:904)
	at com.mendix.connectionbus.connections.jdbc.JdbcDataStore.$anonfun$executeWithUcViolationHandling$1(JdbcDataStore.scala:1077)
	at scala.runtime.java8.JFunction0$mcZ$sp.apply(JFunction0$mcZ$sp.scala:17)
	at scala.util.Try$.apply(Try.scala:217)
	at com.mendix.connectionbus.connections.jdbc.JdbcDataStore.executeWithUcViolationHandling(JdbcDataStore.scala:1077)
	at com.mendix.connectionbus.connections.jdbc.JdbcDataStore.doModificationQueries$1(JdbcDataStore.scala:907)
	at com.mendix.connectionbus.connections.jdbc.JdbcDataStore.$anonfun$execModificationQueries$3(JdbcDataStore.scala:910)
	at com.mendix.connectionbus.connections.jdbc.JdbcDataStore.executeWithRetry(JdbcDataStore.scala:923)
	at com.mendix.connectionbus.connections.jdbc.JdbcDataStore.execModificationQueries(JdbcDataStore.scala:910)
	at com.mendix.connectionbus.connections.jdbc.JdbcDataStore.execCreateQueries(JdbcDataStore.scala:819)
	at com.mendix.connectionbus.connections.jdbc.JdbcDataStore.$anonfun$store$1(JdbcDataStore.scala:389)
	at com.mendix.connectionbus.connections.jdbc.JdbcDataStore.$anonfun$store$1$adapted(JdbcDataStore.scala:387)
	at scala.collection.immutable.List.map(List.scala:247)
	at scala.collection.immutable.List.map(List.scala:79)
	at com.mendix.connectionbus.connections.jdbc.JdbcDataStore.store(JdbcDataStore.scala:387)
	at com.mendix.connectionbus.store.EntityStorer.storeDataSetInstance(EntityStorer.scala:179)
	at com.mendix.connectionbus.store.EntityStorer.handleCreateRequest(EntityStorer.scala:144)
	at com.mendix.connectionbus.store.EntityStorer.handleRequest(EntityStorer.scala:113)
	at com.mendix.connectionbus.store.EntityStorer.store(EntityStorer.scala:40)
	at com.mendix.connectionbus.RequestAnalyzer.doRequest(RequestAnalyzer.scala:45)
	at com.mendix.connectionbus.ConnectionBusImpl.doRequest(ConnectionBusImpl.scala:483)
	at com.mendix.basis.action.user.CommitAction.commit(CommitAction.scala:160)
	at com.mendix.basis.action.user.CommitAction.$anonfun$commitPersistableObjects$5(CommitAction.scala:112)
	at scala.runtime.java8.JFunction0$mcV$sp.apply(JFunction0$mcV$sp.scala:18)
	at scala.util.Try$.apply(Try.scala:217)
	at com.mendix.basis.action.user.CommitAction.commitPersistableObjects(CommitAction.scala:112)
	at com.mendix.basis.action.user.CommitAction.executeAction(CommitAction.scala:58)
	at com.mendix.basis.action.user.CommitAction.executeAction(CommitAction.scala:32)
	at com.mendix.systemwideinterfaces.core.UserAction.execute(UserAction.java:73)
	at com.mendix.basis.actionmanagement.CoreActionHandlerImpl.doCall(CoreActionHandlerImpl.scala:73)
	at com.mendix.basis.actionmanagement.CoreActionHandlerImpl.call(CoreActionHandlerImpl.scala:49)
	at com.mendix.core.actionmanagement.internal.InternalCoreAction.call(InternalCoreAction.java:81)
	at com.mendix.basis.actionmanagement.ActionManager.$anonfun$executeSync$2(ActionManager.scala:123)
	at com.mendix.util.classloading.Runner$.withContextClassLoader(Runner.scala:20)
	at com.mendix.basis.actionmanagement.ActionManager.executeSync(ActionManager.scala:123)
	at com.mendix.basis.actionmanagement.SyncEventExtendedAction.executeAction(SyncEventExtendedAction.scala:28)
	at com.mendix.basis.actionmanagement.EventExtendedAction.execute(EventExtendedAction.scala:62)
	at com.mendix.basis.actionmanagement.CoreActionHandlerImpl.doCall(CoreActionHandlerImpl.scala:73)
	at com.mendix.basis.actionmanagement.CoreActionHandlerImpl.call(CoreActionHandlerImpl.scala:49)
	at com.mendix.core.actionmanagement.internal.InternalCoreAction.call(InternalCoreAction.java:81)
	at com.mendix.basis.actionmanagement.CoreActionHandlerImpl.$anonfun$runMonitoredAction$1(CoreActionHandlerImpl.scala:60)
	at com.mendix.basis.actionmanagement.ActionMonitoring$.$anonfun$monitor$1(ActionMonitoring.scala:52)
	at com.mendix.util.classloading.Runner$.withContextClassLoader(Runner.scala:20)
	at com.mendix.basis.actionmanagement.ActionMonitoring$.monitor(ActionMonitoring.scala:52)
	at com.mendix.basis.actionmanagement.CoreActionHandlerImpl.runMonitoredAction(CoreActionHandlerImpl.scala:60)
	at com.mendix.basis.actionmanagement.CoreActionHandlerImpl.call(CoreActionHandlerImpl.scala:47)
	at com.mendix.core.actionmanagement.internal.InternalCoreAction.call(InternalCoreAction.java:81)
	at com.mendix.basis.actionmanagement.ActionManager.$anonfun$executeSync$2(ActionManager.scala:123)
	at com.mendix.util.classloading.Runner$.withContextClassLoader(Runner.scala:20)
	at com.mendix.basis.actionmanagement.ActionManager.executeSync(ActionManager.scala:123)
	at com.mendix.basis.actionmanagement.ActionManager.$anonfun$executeInTransactionSync$1(ActionManager.scala:131)
	at scala.util.Try$.apply(Try.scala:217)
	at com.mendix.basis.actionmanagement.ActionManager.tryExecute$1(ActionManager.scala:131)
	at com.mendix.basis.actionmanagement.ActionManager.executeInTransactionSync(ActionManager.scala:132)
	at com.mendix.basis.component.TransactionCore.doStore$1(TransactionCore.scala:207)
	at com.mendix.basis.component.TransactionCore.storeObjectsAndAutoCommittedObjects(TransactionCore.scala:215)
	at com.mendix.basis.component.TransactionCore.doCommit(TransactionCore.scala:144)
	at com.mendix.basis.component.TransactionCore.commit(TransactionCore.scala:117)
	at com.mendix.basis.component.TransactionCore.commit$(TransactionCore.scala:111)
	at com.mendix.basis.component.InternalCore.commit(InternalCore.scala:22)
	at com.mendix.basis.component.TransactionCore.commitWithEvents(TransactionCore.scala:67)
	at com.mendix.basis.component.TransactionCore.commit(TransactionCore.scala:26)
	at com.mendix.basis.component.TransactionCore.commit$(TransactionCore.scala:25)
	at com.mendix.basis.component.InternalCore.commit(InternalCore.scala:22)
	at com.mendix.basis.component.TransactionCore.commit(TransactionCore.scala:21)
	at com.mendix.basis.component.TransactionCore.commit$(TransactionCore.scala:21)
	at com.mendix.basis.component.InternalCore.commit(InternalCore.scala:22)
	at com.mendix.modules.queue.TaskQueue.$anonfun$copyToProcessedTasks$1(TaskQueue.scala:321)
	at scala.runtime.java8.JFunction0$mcV$sp.apply(JFunction0$mcV$sp.scala:18)
	at scala.util.Try$.apply(Try.scala:217)
	at com.mendix.modules.queue.TaskQueue.copyToProcessedTasks(TaskQueue.scala:319)
	at com.mendix.modules.queue.TaskQueue.moveToProcessedTasks(TaskQueue.scala:314)
	at com.mendix.modules.queue.TaskQueue.$anonfun$doRemove$2(TaskQueue.scala:186)
	at scala.util.Success.flatMap(Try.scala:266)
	at com.mendix.modules.queue.TaskQueue.$anonfun$doRemove$1(TaskQueue.scala:186)
	at com.mendix.util.ContextUtil$RichContext$.withTransaction$extension(ContextUtil.scala:17)
	at com.mendix.modules.queue.TaskQueue.doRemove(TaskQueue.scala:186)
	at com.mendix.modules.queue.TaskQueue.tryRemove$1(TaskQueue.scala:159)
	at com.mendix.modules.queue.TaskQueue.remove(TaskQueue.scala:171)
	at com.mendix.modules.queue.TaskDispatcher.executeTask(TaskDispatcher.scala:268)
	at com.mendix.modules.queue.TaskDispatcher.$anonfun$dispatchTask$3(TaskDispatcher.scala:226)
	at com.mendix.modules.queue.MendixTaskQueueMetrics$QueueBasedMetricsImpl.$anonfun$timeTaskExecution$1(TaskQueueMetrics.scala:44)
	at io.micrometer.core.instrument.composite.CompositeTimer.record(CompositeTimer.java:69)
	at com.mendix.metrics.micrometer.MicrometerTimer.record(MicrometerTimer.scala:29)
	at com.mendix.modules.queue.MendixTaskQueueMetrics$QueueBasedMetricsImpl.timeTaskExecution(TaskQueueMetrics.scala:44)
	at com.mendix.modules.queue.TaskDispatcher.$anonfun$dispatchTask$2(TaskDispatcher.scala:226)
	at com.mendix.modules.opentelemetry.OpenTelemetryUtil$.$anonfun$usingSpanWithCustomStatus$2(OpenTelemetryUtil.scala:37)
	at scala.util.Using$.apply(Using.scala:296)
	at com.mendix.modules.opentelemetry.OpenTelemetryUtil$.usingSpanWithCustomStatus(OpenTelemetryUtil.scala:36)
	at com.mendix.modules.opentelemetry.OpenTelemetryUtil$.usingSpanWithCustomStatus(OpenTelemetryUtil.scala:53)
	at com.mendix.modules.opentelemetry.OpenTelemetryUtil$.withSpanWithCustomStatus(OpenTelemetryUtil.scala:15)
	at com.mendix.modules.queue.TaskDispatcher.$anonfun$dispatchTask$1(TaskDispatcher.scala:213)
	at java.base/java.util.concurrent.ThreadPoolExecutor.runWorker(ThreadPoolExecutor.java:1144)
	at java.base/java.util.concurrent.ThreadPoolExecutor$Worker.run(ThreadPoolExecutor.java:642)
	at java.base/java.lang.Thread.run(Thread.java:1583)

Caused by: com.microsoft.sqlserver.jdbc.SQLServerException: Transaction (Process ID 59) was deadlocked on lock resources with another process and has been chosen as the deadlock victim. Rerun the transaction.
	at com.microsoft.sqlserver.jdbc.SQLServerException.makeFromDatabaseError(SQLServerException.java:270)
	at com.microsoft.sqlserver.jdbc.SQLServerStatement.getNextResult(SQLServerStatement.java:1735)
	at com.microsoft.sqlserver.jdbc.SQLServerPreparedStatement.doExecutePreparedStatement(SQLServerPreparedStatement.java:675)
	at com.microsoft.sqlserver.jdbc.SQLServerPreparedStatement$PrepStmtExecCmd.doExecute(SQLServerPreparedStatement.java:594)
	at com.microsoft.sqlserver.jdbc.TDSCommand.execute(IOBuffer.java:7745)
	at com.microsoft.sqlserver.jdbc.SQLServerConnection.executeCommand(SQLServerConnection.java:4391)
	at com.microsoft.sqlserver.jdbc.SQLServerStatement.executeCommand(SQLServerStatement.java:276)
	at com.microsoft.sqlserver.jdbc.SQLServerStatement.executeStatement(SQLServerStatement.java:246)
	at com.microsoft.sqlserver.jdbc.SQLServerPreparedStatement.executeUpdate(SQLServerPreparedStatement.java:537)
	at org.apache.commons.dbcp2.DelegatingPreparedStatement.executeUpdate(DelegatingPreparedStatement.java:137)
	at org.apache.commons.dbcp2.DelegatingPreparedStatement.executeUpdate(DelegatingPreparedStatement.java:137)
	at com.mendix.connectionbus.connections.jdbc.JdbcDataStore.doModification(JdbcDataStore.scala:950)
	at com.mendix.connectionbus.connections.jdbc.JdbcDataStore.doInsert(JdbcDataStore.scala:825)
	at com.mendix.connectionbus.connections.jdbc.JdbcDataStore.$anonfun$execCreateQueries$2(JdbcDataStore.scala:819)
	at com.mendix.connectionbus.connections.jdbc.JdbcDataStore.$anonfun$execCreateQueries$2$adapted(JdbcDataStore.scala:819)
	at com.mendix.connectionbus.connections.jdbc.JdbcDataStore.$anonfun$execModificationQueries$2(JdbcDataStore.scala:905)
	at com.mendix.connectionbus.connections.jdbc.JdbcDataStore.$anonfun$execModificationQueries$2$adapted(JdbcDataStore.scala:905)
	at com.mendix.connectionbus.connections.jdbc.JdbcDataStore.$anonfun$executeWithUcViolationHandling$2(JdbcDataStore.scala:1077)
	at com.mendix.connectionbus.connections.jdbc.JdbcDataStore.$anonfun$executeWithUcViolationHandling$2$adapted(JdbcDataStore.scala:1077)
	at com.mendix.connectionbus.connections.jdbc.JdbcDataStore.$anonfun$withPreparedStatement$1(JdbcDataStore.scala:1147)
	at scala.util.Try$.apply(Try.scala:217)
	at com.mendix.connectionbus.connections.jdbc.JdbcDataStore$.withLogging(JdbcDataStore.scala:71)
	at com.mendix.connectionbus.connections.jdbc.JdbcDataStore.withPreparedStatement(JdbcDataStore.scala:1147)
	at com.mendix.connectionbus.connections.jdbc.JdbcDataStore.$anonfun$execModificationQueries$1(JdbcDataStore.scala:904)
	at com.mendix.connectionbus.connections.jdbc.JdbcDataStore.$anonfun$execModificationQueries$1$adapted(JdbcDataStore.scala:904)
	at com.mendix.connectionbus.connections.jdbc.JdbcDataStore.$anonfun$executeWithUcViolationHandling$1(JdbcDataStore.scala:1077)
	at scala.runtime.java8.JFunction0$mcZ$sp.apply(JFunction0$mcZ$sp.scala:17)
	at scala.util.Try$.apply(Try.scala:217)
	at com.mendix.connectionbus.connections.jdbc.JdbcDataStore.executeWithUcViolationHandling(JdbcDataStore.scala:1077)
	at com.mendix.connectionbus.connections.jdbc.JdbcDataStore.doModificationQueries$1(JdbcDataStore.scala:907)
	at com.mendix.connectionbus.connections.jdbc.JdbcDataStore.$anonfun$execModificationQueries$3(JdbcDataStore.scala:910)
	at com.mendix.connectionbus.connections.jdbc.JdbcDataStore.executeWithRetry(JdbcDataStore.scala:923)
	at com.mendix.connectionbus.connections.jdbc.JdbcDataStore.execModificationQueries(JdbcDataStore.scala:910)
	at com.mendix.connectionbus.connections.jdbc.JdbcDataStore.execCreateQueries(JdbcDataStore.scala:819)
	at com.mendix.connectionbus.connections.jdbc.JdbcDataStore.$anonfun$store$1(JdbcDataStore.scala:389)
	at com.mendix.connectionbus.connections.jdbc.JdbcDataStore.$anonfun$store$1$adapted(JdbcDataStore.scala:387)
	at scala.collection.immutable.List.map(List.scala:247)
	at scala.collection.immutable.List.map(List.scala:79)
	at com.mendix.connectionbus.connections.jdbc.JdbcDataStore.store(JdbcDataStore.scala:387)
	at com.mendix.connectionbus.store.EntityStorer.storeDataSetInstance(EntityStorer.scala:179)
	at com.mendix.connectionbus.store.EntityStorer.handleCreateRequest(EntityStorer.scala:144)
	at com.mendix.connectionbus.store.EntityStorer.handleRequest(EntityStorer.scala:113)
	at com.mendix.connectionbus.store.EntityStorer.store(EntityStorer.scala:40)
	at com.mendix.connectionbus.RequestAnalyzer.doRequest(RequestAnalyzer.scala:45)
	at com.mendix.connectionbus.ConnectionBusImpl.doRequest(ConnectionBusImpl.scala:483)
	at com.mendix.basis.action.user.CommitAction.commit(CommitAction.scala:160)
	at com.mendix.basis.action.user.CommitAction.$anonfun$commitPersistableObjects$5(CommitAction.scala:112)
	at scala.runtime.java8.JFunction0$mcV$sp.apply(JFunction0$mcV$sp.scala:18)
	at scala.util.Try$.apply(Try.scala:217)
	at com.mendix.basis.action.user.CommitAction.commitPersistableObjects(CommitAction.scala:112)
	at com.mendix.basis.action.user.CommitAction.executeAction(CommitAction.scala:58)
	at com.mendix.basis.action.user.CommitAction.executeAction(CommitAction.scala:32)
	at com.mendix.systemwideinterfaces.core.UserAction.execute(UserAction.java:73)
	at com.mendix.basis.actionmanagement.CoreActionHandlerImpl.doCall(CoreActionHandlerImpl.scala:73)
	at com.mendix.basis.actionmanagement.CoreActionHandlerImpl.call(CoreActionHandlerImpl.scala:49)
	at com.mendix.core.actionmanagement.internal.InternalCoreAction.call(InternalCoreAction.java:81)
	at com.mendix.basis.actionmanagement.ActionManager.$anonfun$executeSync$2(ActionManager.scala:123)
	at com.mendix.util.classloading.Runner$.withContextClassLoader(Runner.scala:20)
	at com.mendix.basis.actionmanagement.ActionManager.executeSync(ActionManager.scala:123)
	at com.mendix.basis.actionmanagement.SyncEventExtendedAction.executeAction(SyncEventExtendedAction.scala:28)
	at com.mendix.basis.actionmanagement.EventExtendedAction.execute(EventExtendedAction.scala:62)
	at com.mendix.basis.actionmanagement.CoreActionHandlerImpl.doCall(CoreActionHandlerImpl.scala:73)
	at com.mendix.basis.actionmanagement.CoreActionHandlerImpl.call(CoreActionHandlerImpl.scala:49)
	at com.mendix.core.actionmanagement.internal.InternalCoreAction.call(InternalCoreAction.java:81)
	at com.mendix.basis.actionmanagement.CoreActionHandlerImpl.$anonfun$runMonitoredAction$1(CoreActionHandlerImpl.scala:60)
	at com.mendix.basis.actionmanagement.ActionMonitoring$.$anonfun$monitor$1(ActionMonitoring.scala:52)
	at com.mendix.util.classloading.Runner$.withContextClassLoader(Runner.scala:20)
	at com.mendix.basis.actionmanagement.ActionMonitoring$.monitor(ActionMonitoring.scala:52)
	at com.mendix.basis.actionmanagement.CoreActionHandlerImpl.runMonitoredAction(CoreActionHandlerImpl.scala:60)
	at com.mendix.basis.actionmanagement.CoreActionHandlerImpl.call(CoreActionHandlerImpl.scala:47)
	at com.mendix.core.actionmanagement.internal.InternalCoreAction.call(InternalCoreAction.java:81)
	at com.mendix.basis.actionmanagement.ActionManager.$anonfun$executeSync$2(ActionManager.scala:123)
	at com.mendix.util.classloading.Runner$.withContextClassLoader(Runner.scala:20)
	at com.mendix.basis.actionmanagement.ActionManager.executeSync(ActionManager.scala:123)
	at com.mendix.basis.actionmanagement.ActionManager.$anonfun$executeInTransactionSync$1(ActionManager.scala:131)
	at scala.util.Try$.apply(Try.scala:217)
	at com.mendix.basis.actionmanagement.ActionManager.tryExecute$1(ActionManager.scala:131)
	at com.mendix.basis.actionmanagement.ActionManager.executeInTransactionSync(ActionManager.scala:132)
	at com.mendix.basis.component.TransactionCore.doStore$1(TransactionCore.scala:207)
	at com.mendix.basis.component.TransactionCore.storeObjectsAndAutoCommittedObjects(TransactionCore.scala:215)
	at com.mendix.basis.component.TransactionCore.doCommit(TransactionCore.scala:144)
	at com.mendix.basis.component.TransactionCore.commit(TransactionCore.scala:117)
	at com.mendix.basis.component.TransactionCore.commit$(TransactionCore.scala:111)
	at com.mendix.basis.component.InternalCore.commit(InternalCore.scala:22)
	at com.mendix.basis.component.TransactionCore.commitWithEvents(TransactionCore.scala:67)
	at com.mendix.basis.component.TransactionCore.commit(TransactionCore.scala:26)
	at com.mendix.basis.component.TransactionCore.commit$(TransactionCore.scala:25)
	at com.mendix.basis.component.InternalCore.commit(InternalCore.scala:22)
	at com.mendix.basis.component.TransactionCore.commit(TransactionCore.scala:21)
	at com.mendix.basis.component.TransactionCore.commit$(TransactionCore.scala:21)
	at com.mendix.basis.component.InternalCore.commit(InternalCore.scala:22)
	at com.mendix.modules.queue.TaskQueue.$anonfun$copyToProcessedTasks$1(TaskQueue.scala:321)
	at scala.runtime.java8.JFunction0$mcV$sp.apply(JFunction0$mcV$sp.scala:18)
	at scala.util.Try$.apply(Try.scala:217)
	at com.mendix.modules.queue.TaskQueue.copyToProcessedTasks(TaskQueue.scala:319)
	at com.mendix.modules.queue.TaskQueue.moveToProcessedTasks(TaskQueue.scala:314)
	at com.mendix.modules.queue.TaskQueue.$anonfun$doRemove$2(TaskQueue.scala:186)
	at scala.util.Success.flatMap(Try.scala:266)
	at com.mendix.modules.queue.TaskQueue.$anonfun$doRemove$1(TaskQueue.scala:186)
	at com.mendix.util.ContextUtil$RichContext$.withTransaction$extension(ContextUtil.scala:17)
	at com.mendix.modules.queue.TaskQueue.doRemove(TaskQueue.scala:186)
	at com.mendix.modules.queue.TaskQueue.tryRemove$1(TaskQueue.scala:159)
	at com.mendix.modules.queue.TaskQueue.remove(TaskQueue.scala:171)
	at com.mendix.modules.queue.TaskDispatcher.executeTask(TaskDispatcher.scala:268)
	at com.mendix.modules.queue.TaskDispatcher.$anonfun$dispatchTask$3(TaskDispatcher.scala:226)
	at com.mendix.modules.queue.MendixTaskQueueMetrics$QueueBasedMetricsImpl.$anonfun$timeTaskExecution$1(TaskQueueMetrics.scala:44)
	at io.micrometer.core.instrument.composite.CompositeTimer.record(CompositeTimer.java:69)
	at com.mendix.metrics.micrometer.MicrometerTimer.record(MicrometerTimer.scala:29)
	at com.mendix.modules.queue.MendixTaskQueueMetrics$QueueBasedMetricsImpl.timeTaskExecution(TaskQueueMetrics.scala:44)
	at com.mendix.modules.queue.TaskDispatcher.$anonfun$dispatchTask$2(TaskDispatcher.scala:226)
	at com.mendix.modules.opentelemetry.OpenTelemetryUtil$.$anonfun$usingSpanWithCustomStatus$2(OpenTelemetryUtil.scala:37)
	at scala.util.Using$.apply(Using.scala:296)
	at com.mendix.modules.opentelemetry.OpenTelemetryUtil$.usingSpanWithCustomStatus(OpenTelemetryUtil.scala:36)
	at com.mendix.modules.opentelemetry.OpenTelemetryUtil$.usingSpanWithCustomStatus(OpenTelemetryUtil.scala:53)
	at com.mendix.modules.opentelemetry.OpenTelemetryUtil$.withSpanWithCustomStatus(OpenTelemetryUtil.scala:15)
	at com.mendix.modules.queue.TaskDispatcher.$anonfun$dispatchTask$1(TaskDispatcher.scala:213)
	at java.base/java.util.concurrent.ThreadPoolExecutor.runWorker(ThreadPoolExecutor.java:1144)
	at java.base/java.util.concurrent.ThreadPoolExecutor$Worker.run(ThreadPoolExecutor.java:642)
	at java.base/java.lang.Thread.run(Thread.java:1583)

2026-06-05 09:05:58.662 WARNING - TaskQueue: Cannot move task 'ClusterManagement-CleanupSessions()' from task queue 'System.ScheduledEventsQueue' with id 392376117537746812 to processed tasks log. The status is Running. Starting to retry now.
com.mendix.core.CoreRuntimeException: Failed to commit
	at com.mendix.basis.component.TransactionCore.doCommit(TransactionCore.scala:165)

Caused by: com.mendix.core.CoreRuntimeException: com.mendix.systemwideinterfaces.MendixRuntimeException: com.mendix.core.CoreRuntimeException: Exception occurred in action '{"before":[{}],"action":{"type":"CommitAction"},"after":[],"type":"EventExtendedAction"}', all database changes executed by this action were rolled back
	at com.mendix.basis.actionmanagement.ActionManager.executeSync(ActionManager.scala:126)

Caused by: com.mendix.systemwideinterfaces.MendixRuntimeException: com.mendix.core.CoreRuntimeException: Exception occurred in action '{"before":[{}],"action":{"type":"CommitAction"},"after":[],"type":"EventExtendedAction"}', all database changes executed by this action were rolled back
	at com.mendix.util.classloading.Runner$.withContextClassLoader(Runner.scala:23)

Caused by: com.mendix.core.CoreRuntimeException: Exception occurred in action '{"before":[{}],"action":{"type":"CommitAction"},"after":[],"type":"EventExtendedAction"}', all database changes executed by this action were rolled back
	at com.mendix.basis.actionmanagement.CoreActionHandlerImpl.processErrorState(CoreActionHandlerImpl.scala:155)

Caused by: com.mendix.core.CoreException: com.mendix.core.CoreRuntimeException: com.mendix.systemwideinterfaces.MendixRuntimeException: com.mendix.datastorage.exception.UpdateConflictException
	at com.mendix.basis.actionmanagement.SyncEventExtendedAction.executeAction(SyncEventExtendedAction.scala:31)

Caused by: com.mendix.core.CoreRuntimeException: com.mendix.systemwideinterfaces.MendixRuntimeException: com.mendix.datastorage.exception.UpdateConflictException
	at com.mendix.basis.actionmanagement.ActionManager.executeSync(ActionManager.scala:126)

Caused by: com.mendix.systemwideinterfaces.MendixRuntimeException: com.mendix.datastorage.exception.UpdateConflictException
	at com.mendix.util.classloading.Runner$.withContextClassLoader(Runner.scala:23)

Caused by: com.mendix.datastorage.exception.UpdateConflictException: null
	at com.mendix.connectionbus.connections.jdbc.JdbcDataStore.withPreparedStatement(JdbcDataStore.scala:1169)
	at com.mendix.connectionbus.connections.jdbc.JdbcDataStore.$anonfun$execModificationQueries$1(JdbcDataStore.scala:904)
	at com.mendix.connectionbus.connections.jdbc.JdbcDataStore.$anonfun$execModificationQueries$1$adapted(JdbcDataStore.scala:904)
	at com.mendix.connectionbus.connections.jdbc.JdbcDataStore.$anonfun$executeWithUcViolationHandling$1(JdbcDataStore.scala:1077)
	at scala.runtime.java8.JFunction0$mcZ$sp.apply(JFunction0$mcZ$sp.scala:17)
	at scala.util.Try$.apply(Try.scala:217)
	at com.mendix.connectionbus.connections.jdbc.JdbcDataStore.executeWithUcViolationHandling(JdbcDataStore.scala:1077)
	at com.mendix.connectionbus.connections.jdbc.JdbcDataStore.doModificationQueries$1(JdbcDataStore.scala:907)
	at com.mendix.connectionbus.connections.jdbc.JdbcDataStore.$anonfun$execModificationQueries$3(JdbcDataStore.scala:910)
	at com.mendix.connectionbus.connections.jdbc.JdbcDataStore.executeWithRetry(JdbcDataStore.scala:923)
	at com.mendix.connectionbus.connections.jdbc.JdbcDataStore.execModificationQueries(JdbcDataStore.scala:910)
	at com.mendix.connectionbus.connections.jdbc.JdbcDataStore.execCreateQueries(JdbcDataStore.scala:819)
	at com.mendix.connectionbus.connections.jdbc.JdbcDataStore.$anonfun$store$1(JdbcDataStore.scala:389)
	at com.mendix.connectionbus.connections.jdbc.JdbcDataStore.$anonfun$store$1$adapted(JdbcDataStore.scala:387)
	at scala.collection.immutable.List.map(List.scala:247)
	at scala.collection.immutable.List.map(List.scala:79)
	at com.mendix.connectionbus.connections.jdbc.JdbcDataStore.store(JdbcDataStore.scala:387)
	at com.mendix.connectionbus.store.EntityStorer.storeDataSetInstance(EntityStorer.scala:179)
	at com.mendix.connectionbus.store.EntityStorer.handleCreateRequest(EntityStorer.scala:144)
	at com.mendix.connectionbus.store.EntityStorer.handleRequest(EntityStorer.scala:113)
	at com.mendix.connectionbus.store.EntityStorer.store(EntityStorer.scala:40)
	at com.mendix.connectionbus.RequestAnalyzer.doRequest(RequestAnalyzer.scala:45)
	at com.mendix.connectionbus.ConnectionBusImpl.doRequest(ConnectionBusImpl.scala:483)
	at com.mendix.basis.action.user.CommitAction.commit(CommitAction.scala:160)
	at com.mendix.basis.action.user.CommitAction.$anonfun$commitPersistableObjects$5(CommitAction.scala:112)
	at scala.runtime.java8.JFunction0$mcV$sp.apply(JFunction0$mcV$sp.scala:18)
	at scala.util.Try$.apply(Try.scala:217)
	at com.mendix.basis.action.user.CommitAction.commitPersistableObjects(CommitAction.scala:112)
	at com.mendix.basis.action.user.CommitAction.executeAction(CommitAction.scala:58)
	at com.mendix.basis.action.user.CommitAction.executeAction(CommitAction.scala:32)
	at com.mendix.systemwideinterfaces.core.UserAction.execute(UserAction.java:73)
	at com.mendix.basis.actionmanagement.CoreActionHandlerImpl.doCall(CoreActionHandlerImpl.scala:73)
	at com.mendix.basis.actionmanagement.CoreActionHandlerImpl.call(CoreActionHandlerImpl.scala:49)
	at com.mendix.core.actionmanagement.internal.InternalCoreAction.call(InternalCoreAction.java:81)
	at com.mendix.basis.actionmanagement.ActionManager.$anonfun$executeSync$2(ActionManager.scala:123)
	at com.mendix.util.classloading.Runner$.withContextClassLoader(Runner.scala:20)
	at com.mendix.basis.actionmanagement.ActionManager.executeSync(ActionManager.scala:123)
	at com.mendix.basis.actionmanagement.SyncEventExtendedAction.executeAction(SyncEventExtendedAction.scala:28)
	at com.mendix.basis.actionmanagement.EventExtendedAction.execute(EventExtendedAction.scala:62)
	at com.mendix.basis.actionmanagement.CoreActionHandlerImpl.doCall(CoreActionHandlerImpl.scala:73)
	at com.mendix.basis.actionmanagement.CoreActionHandlerImpl.call(CoreActionHandlerImpl.scala:49)
	at com.mendix.core.actionmanagement.internal.InternalCoreAction.call(InternalCoreAction.java:81)
	at com.mendix.basis.actionmanagement.CoreActionHandlerImpl.$anonfun$runMonitoredAction$1(CoreActionHandlerImpl.scala:60)
	at com.mendix.basis.actionmanagement.ActionMonitoring$.$anonfun$monitor$1(ActionMonitoring.scala:52)
	at com.mendix.util.classloading.Runner$.withContextClassLoader(Runner.scala:20)
	at com.mendix.basis.actionmanagement.ActionMonitoring$.monitor(ActionMonitoring.scala:52)
	at com.mendix.basis.actionmanagement.CoreActionHandlerImpl.runMonitoredAction(CoreActionHandlerImpl.scala:60)
	at com.mendix.basis.actionmanagement.CoreActionHandlerImpl.call(CoreActionHandlerImpl.scala:47)
	at com.mendix.core.actionmanagement.internal.InternalCoreAction.call(InternalCoreAction.java:81)
	at com.mendix.basis.actionmanagement.ActionManager.$anonfun$executeSync$2(ActionManager.scala:123)
	at com.mendix.util.classloading.Runner$.withContextClassLoader(Runner.scala:20)
	at com.mendix.basis.actionmanagement.ActionManager.executeSync(ActionManager.scala:123)
	at com.mendix.basis.actionmanagement.ActionManager.$anonfun$executeInTransactionSync$1(ActionManager.scala:131)
	at scala.util.Try$.apply(Try.scala:217)
	at com.mendix.basis.actionmanagement.ActionManager.tryExecute$1(ActionManager.scala:131)
	at com.mendix.basis.actionmanagement.ActionManager.executeInTransactionSync(ActionManager.scala:132)
	at com.mendix.basis.component.TransactionCore.doStore$1(TransactionCore.scala:207)
	at com.mendix.basis.component.TransactionCore.storeObjectsAndAutoCommittedObjects(TransactionCore.scala:215)
	at com.mendix.basis.component.TransactionCore.doCommit(TransactionCore.scala:144)
	at com.mendix.basis.component.TransactionCore.commit(TransactionCore.scala:117)
	at com.mendix.basis.component.TransactionCore.commit$(TransactionCore.scala:111)
	at com.mendix.basis.component.InternalCore.commit(InternalCore.scala:22)
	at com.mendix.basis.component.TransactionCore.commitWithEvents(TransactionCore.scala:67)
	at com.mendix.basis.component.TransactionCore.commit(TransactionCore.scala:26)
	at com.mendix.basis.component.TransactionCore.commit$(TransactionCore.scala:25)
	at com.mendix.basis.component.InternalCore.commit(InternalCore.scala:22)
	at com.mendix.basis.component.TransactionCore.commit(TransactionCore.scala:21)
	at com.mendix.basis.component.TransactionCore.commit$(TransactionCore.scala:21)
	at com.mendix.basis.component.InternalCore.commit(InternalCore.scala:22)
	at com.mendix.modules.queue.TaskQueue.$anonfun$copyToProcessedTasks$1(TaskQueue.scala:321)
	at scala.runtime.java8.JFunction0$mcV$sp.apply(JFunction0$mcV$sp.scala:18)
	at scala.util.Try$.apply(Try.scala:217)
	at com.mendix.modules.queue.TaskQueue.copyToProcessedTasks(TaskQueue.scala:319)
	at com.mendix.modules.queue.TaskQueue.moveToProcessedTasks(TaskQueue.scala:314)
	at com.mendix.modules.queue.TaskQueue.$anonfun$doRemove$2(TaskQueue.scala:186)
	at scala.util.Success.flatMap(Try.scala:266)
	at com.mendix.modules.queue.TaskQueue.$anonfun$doRemove$1(TaskQueue.scala:186)
	at com.mendix.util.ContextUtil$RichContext$.withTransaction$extension(ContextUtil.scala:17)
	at com.mendix.modules.queue.TaskQueue.doRemove(TaskQueue.scala:186)
	at com.mendix.modules.queue.TaskQueue.tryRemove$1(TaskQueue.scala:159)
	at com.mendix.modules.queue.TaskQueue.remove(TaskQueue.scala:171)
	at com.mendix.modules.queue.TaskDispatcher.executeTask(TaskDispatcher.scala:268)
	at com.mendix.modules.queue.TaskDispatcher.$anonfun$dispatchTask$3(TaskDispatcher.scala:226)
	at com.mendix.modules.queue.MendixTaskQueueMetrics$QueueBasedMetricsImpl.$anonfun$timeTaskExecution$1(TaskQueueMetrics.scala:44)
	at io.micrometer.core.instrument.composite.CompositeTimer.record(CompositeTimer.java:69)
	at com.mendix.metrics.micrometer.MicrometerTimer.record(MicrometerTimer.scala:29)
	at com.mendix.modules.queue.MendixTaskQueueMetrics$QueueBasedMetricsImpl.timeTaskExecution(TaskQueueMetrics.scala:44)
	at com.mendix.modules.queue.TaskDispatcher.$anonfun$dispatchTask$2(TaskDispatcher.scala:226)
	at com.mendix.modules.opentelemetry.OpenTelemetryUtil$.$anonfun$usingSpanWithCustomStatus$2(OpenTelemetryUtil.scala:37)
	at scala.util.Using$.apply(Using.scala:296)
	at com.mendix.modules.opentelemetry.OpenTelemetryUtil$.usingSpanWithCustomStatus(OpenTelemetryUtil.scala:36)
	at com.mendix.modules.opentelemetry.OpenTelemetryUtil$.usingSpanWithCustomStatus(OpenTelemetryUtil.scala:53)
	at com.mendix.modules.opentelemetry.OpenTelemetryUtil$.withSpanWithCustomStatus(OpenTelemetryUtil.scala:15)
	at com.mendix.modules.queue.TaskDispatcher.$anonfun$dispatchTask$1(TaskDispatcher.scala:213)
	at java.base/java.util.concurrent.ThreadPoolExecutor.runWorker(ThreadPoolExecutor.java:1144)
	at java.base/java.util.concurrent.ThreadPoolExecutor$Worker.run(ThreadPoolExecutor.java:642)
	at java.base/java.lang.Thread.run(Thread.java:1583)

Caused by: com.microsoft.sqlserver.jdbc.SQLServerException: Transaction (Process ID 108) was deadlocked on lock resources with another process and has been chosen as the deadlock victim. Rerun the transaction.
	at com.microsoft.sqlserver.jdbc.SQLServerException.makeFromDatabaseError(SQLServerException.java:270)
	at com.microsoft.sqlserver.jdbc.SQLServerStatement.getNextResult(SQLServerStatement.java:1735)
	at com.microsoft.sqlserver.jdbc.SQLServerPreparedStatement.doExecutePreparedStatement(SQLServerPreparedStatement.java:675)
	at com.microsoft.sqlserver.jdbc.SQLServerPreparedStatement$PrepStmtExecCmd.doExecute(SQLServerPreparedStatement.java:594)
	at com.microsoft.sqlserver.jdbc.TDSCommand.execute(IOBuffer.java:7745)
	at com.microsoft.sqlserver.jdbc.SQLServerConnection.executeCommand(SQLServerConnection.java:4391)
	at com.microsoft.sqlserver.jdbc.SQLServerStatement.executeCommand(SQLServerStatement.java:276)
	at com.microsoft.sqlserver.jdbc.SQLServerStatement.executeStatement(SQLServerStatement.java:246)
	at com.microsoft.sqlserver.jdbc.SQLServerPreparedStatement.executeUpdate(SQLServerPreparedStatement.java:537)
	at org.apache.commons.dbcp2.DelegatingPreparedStatement.executeUpdate(DelegatingPreparedStatement.java:137)
	at org.apache.commons.dbcp2.DelegatingPreparedStatement.executeUpdate(DelegatingPreparedStatement.java:137)
	at com.mendix.connectionbus.connections.jdbc.JdbcDataStore.doModification(JdbcDataStore.scala:950)
	at com.mendix.connectionbus.connections.jdbc.JdbcDataStore.doInsert(JdbcDataStore.scala:825)
	at com.mendix.connectionbus.connections.jdbc.JdbcDataStore.$anonfun$execCreateQueries$2(JdbcDataStore.scala:819)
	at com.mendix.connectionbus.connections.jdbc.JdbcDataStore.$anonfun$execCreateQueries$2$adapted(JdbcDataStore.scala:819)
	at com.mendix.connectionbus.connections.jdbc.JdbcDataStore.$anonfun$execModificationQueries$2(JdbcDataStore.scala:905)
	at com.mendix.connectionbus.connections.jdbc.JdbcDataStore.$anonfun$execModificationQueries$2$adapted(JdbcDataStore.scala:905)
	at com.mendix.connectionbus.connections.jdbc.JdbcDataStore.$anonfun$executeWithUcViolationHandling$2(JdbcDataStore.scala:1077)
	at com.mendix.connectionbus.connections.jdbc.JdbcDataStore.$anonfun$executeWithUcViolationHandling$2$adapted(JdbcDataStore.scala:1077)
	at com.mendix.connectionbus.connections.jdbc.JdbcDataStore.$anonfun$withPreparedStatement$1(JdbcDataStore.scala:1147)
	at scala.util.Try$.apply(Try.scala:217)
	at com.mendix.connectionbus.connections.jdbc.JdbcDataStore$.withLogging(JdbcDataStore.scala:71)
	at com.mendix.connectionbus.connections.jdbc.JdbcDataStore.withPreparedStatement(JdbcDataStore.scala:1147)
	at com.mendix.connectionbus.connections.jdbc.JdbcDataStore.$anonfun$execModificationQueries$1(JdbcDataStore.scala:904)
	at com.mendix.connectionbus.connections.jdbc.JdbcDataStore.$anonfun$execModificationQueries$1$adapted(JdbcDataStore.scala:904)
	at com.mendix.connectionbus.connections.jdbc.JdbcDataStore.$anonfun$executeWithUcViolationHandling$1(JdbcDataStore.scala:1077)
	at scala.runtime.java8.JFunction0$mcZ$sp.apply(JFunction0$mcZ$sp.scala:17)
	at scala.util.Try$.apply(Try.scala:217)
	at com.mendix.connectionbus.connections.jdbc.JdbcDataStore.executeWithUcViolationHandling(JdbcDataStore.scala:1077)
	at com.mendix.connectionbus.connections.jdbc.JdbcDataStore.doModificationQueries$1(JdbcDataStore.scala:907)
	at com.mendix.connectionbus.connections.jdbc.JdbcDataStore.$anonfun$execModificationQueries$3(JdbcDataStore.scala:910)
	at com.mendix.connectionbus.connections.jdbc.JdbcDataStore.executeWithRetry(JdbcDataStore.scala:923)
	at com.mendix.connectionbus.connections.jdbc.JdbcDataStore.execModificationQueries(JdbcDataStore.scala:910)
	at com.mendix.connectionbus.connections.jdbc.JdbcDataStore.execCreateQueries(JdbcDataStore.scala:819)
	at com.mendix.connectionbus.connections.jdbc.JdbcDataStore.$anonfun$store$1(JdbcDataStore.scala:389)
	at com.mendix.connectionbus.connections.jdbc.JdbcDataStore.$anonfun$store$1$adapted(JdbcDataStore.scala:387)
	at scala.collection.immutable.List.map(List.scala:247)
	at scala.collection.immutable.List.map(List.scala:79)
	at com.mendix.connectionbus.connections.jdbc.JdbcDataStore.store(JdbcDataStore.scala:387)
	at com.mendix.connectionbus.store.EntityStorer.storeDataSetInstance(EntityStorer.scala:179)
	at com.mendix.connectionbus.store.EntityStorer.handleCreateRequest(EntityStorer.scala:144)
	at com.mendix.connectionbus.store.EntityStorer.handleRequest(EntityStorer.scala:113)
	at com.mendix.connectionbus.store.EntityStorer.store(EntityStorer.scala:40)
	at com.mendix.connectionbus.RequestAnalyzer.doRequest(RequestAnalyzer.scala:45)
	at com.mendix.connectionbus.ConnectionBusImpl.doRequest(ConnectionBusImpl.scala:483)
	at com.mendix.basis.action.user.CommitAction.commit(CommitAction.scala:160)
	at com.mendix.basis.action.user.CommitAction.$anonfun$commitPersistableObjects$5(CommitAction.scala:112)
	at scala.runtime.java8.JFunction0$mcV$sp.apply(JFunction0$mcV$sp.scala:18)
	at scala.util.Try$.apply(Try.scala:217)
	at com.mendix.basis.action.user.CommitAction.commitPersistableObjects(CommitAction.scala:112)
	at com.mendix.basis.action.user.CommitAction.executeAction(CommitAction.scala:58)
	at com.mendix.basis.action.user.CommitAction.executeAction(CommitAction.scala:32)
	at com.mendix.systemwideinterfaces.core.UserAction.execute(UserAction.java:73)
	at com.mendix.basis.actionmanagement.CoreActionHandlerImpl.doCall(CoreActionHandlerImpl.scala:73)
	at com.mendix.basis.actionmanagement.CoreActionHandlerImpl.call(CoreActionHandlerImpl.scala:49)
	at com.mendix.core.actionmanagement.internal.InternalCoreAction.call(InternalCoreAction.java:81)
	at com.mendix.basis.actionmanagement.ActionManager.$anonfun$executeSync$2(ActionManager.scala:123)
	at com.mendix.util.classloading.Runner$.withContextClassLoader(Runner.scala:20)
	at com.mendix.basis.actionmanagement.ActionManager.executeSync(ActionManager.scala:123)
	at com.mendix.basis.actionmanagement.SyncEventExtendedAction.executeAction(SyncEventExtendedAction.scala:28)
	at com.mendix.basis.actionmanagement.EventExtendedAction.execute(EventExtendedAction.scala:62)
	at com.mendix.basis.actionmanagement.CoreActionHandlerImpl.doCall(CoreActionHandlerImpl.scala:73)
	at com.mendix.basis.actionmanagement.CoreActionHandlerImpl.call(CoreActionHandlerImpl.scala:49)
	at com.mendix.core.actionmanagement.internal.InternalCoreAction.call(InternalCoreAction.java:81)
	at com.mendix.basis.actionmanagement.CoreActionHandlerImpl.$anonfun$runMonitoredAction$1(CoreActionHandlerImpl.scala:60)
	at com.mendix.basis.actionmanagement.ActionMonitoring$.$anonfun$monitor$1(ActionMonitoring.scala:52)
	at com.mendix.util.classloading.Runner$.withContextClassLoader(Runner.scala:20)
	at com.mendix.basis.actionmanagement.ActionMonitoring$.monitor(ActionMonitoring.scala:52)
	at com.mendix.basis.actionmanagement.CoreActionHandlerImpl.runMonitoredAction(CoreActionHandlerImpl.scala:60)
	at com.mendix.basis.actionmanagement.CoreActionHandlerImpl.call(CoreActionHandlerImpl.scala:47)
	at com.mendix.core.actionmanagement.internal.InternalCoreAction.call(InternalCoreAction.java:81)
	at com.mendix.basis.actionmanagement.ActionManager.$anonfun$executeSync$2(ActionManager.scala:123)
	at com.mendix.util.classloading.Runner$.withContextClassLoader(Runner.scala:20)
	at com.mendix.basis.actionmanagement.ActionManager.executeSync(ActionManager.scala:123)
	at com.mendix.basis.actionmanagement.ActionManager.$anonfun$executeInTransactionSync$1(ActionManager.scala:131)
	at scala.util.Try$.apply(Try.scala:217)
	at com.mendix.basis.actionmanagement.ActionManager.tryExecute$1(ActionManager.scala:131)
	at com.mendix.basis.actionmanagement.ActionManager.executeInTransactionSync(ActionManager.scala:132)
	at com.mendix.basis.component.TransactionCore.doStore$1(TransactionCore.scala:207)
	at com.mendix.basis.component.TransactionCore.storeObjectsAndAutoCommittedObjects(TransactionCore.scala:215)
	at com.mendix.basis.component.TransactionCore.doCommit(TransactionCore.scala:144)
	at com.mendix.basis.component.TransactionCore.commit(TransactionCore.scala:117)
	at com.mendix.basis.component.TransactionCore.commit$(TransactionCore.scala:111)
	at com.mendix.basis.component.InternalCore.commit(InternalCore.scala:22)
	at com.mendix.basis.component.TransactionCore.commitWithEvents(TransactionCore.scala:67)
	at com.mendix.basis.component.TransactionCore.commit(TransactionCore.scala:26)
	at com.mendix.basis.component.TransactionCore.commit$(TransactionCore.scala:25)
	at com.mendix.basis.component.InternalCore.commit(InternalCore.scala:22)
	at com.mendix.basis.component.TransactionCore.commit(TransactionCore.scala:21)
	at com.mendix.basis.component.TransactionCore.commit$(TransactionCore.scala:21)
	at com.mendix.basis.component.InternalCore.commit(InternalCore.scala:22)
	at com.mendix.modules.queue.TaskQueue.$anonfun$copyToProcessedTasks$1(TaskQueue.scala:321)
	at scala.runtime.java8.JFunction0$mcV$sp.apply(JFunction0$mcV$sp.scala:18)
	at scala.util.Try$.apply(Try.scala:217)
	at com.mendix.modules.queue.TaskQueue.copyToProcessedTasks(TaskQueue.scala:319)
	at com.mendix.modules.queue.TaskQueue.moveToProcessedTasks(TaskQueue.scala:314)
	at com.mendix.modules.queue.TaskQueue.$anonfun$doRemove$2(TaskQueue.scala:186)
	at scala.util.Success.flatMap(Try.scala:266)
	at com.mendix.modules.queue.TaskQueue.$anonfun$doRemove$1(TaskQueue.scala:186)
	at com.mendix.util.ContextUtil$RichContext$.withTransaction$extension(ContextUtil.scala:17)
	at com.mendix.modules.queue.TaskQueue.doRemove(TaskQueue.scala:186)
	at com.mendix.modules.queue.TaskQueue.tryRemove$1(TaskQueue.scala:159)
	at com.mendix.modules.queue.TaskQueue.remove(TaskQueue.scala:171)
	at com.mendix.modules.queue.TaskDispatcher.executeTask(TaskDispatcher.scala:268)
	at com.mendix.modules.queue.TaskDispatcher.$anonfun$dispatchTask$3(TaskDispatcher.scala:226)
	at com.mendix.modules.queue.MendixTaskQueueMetrics$QueueBasedMetricsImpl.$anonfun$timeTaskExecution$1(TaskQueueMetrics.scala:44)
	at io.micrometer.core.instrument.composite.CompositeTimer.record(CompositeTimer.java:69)
	at com.mendix.metrics.micrometer.MicrometerTimer.record(MicrometerTimer.scala:29)
	at com.mendix.modules.queue.MendixTaskQueueMetrics$QueueBasedMetricsImpl.timeTaskExecution(TaskQueueMetrics.scala:44)
	at com.mendix.modules.queue.TaskDispatcher.$anonfun$dispatchTask$2(TaskDispatcher.scala:226)
	at com.mendix.modules.opentelemetry.OpenTelemetryUtil$.$anonfun$usingSpanWithCustomStatus$2(OpenTelemetryUtil.scala:37)
	at scala.util.Using$.apply(Using.scala:296)
	at com.mendix.modules.opentelemetry.OpenTelemetryUtil$.usingSpanWithCustomStatus(OpenTelemetryUtil.scala:36)
	at com.mendix.modules.opentelemetry.OpenTelemetryUtil$.usingSpanWithCustomStatus(OpenTelemetryUtil.scala:53)
	at com.mendix.modules.opentelemetry.OpenTelemetryUtil$.withSpanWithCustomStatus(OpenTelemetryUtil.scala:15)
	at com.mendix.modules.queue.TaskDispatcher.$anonfun$dispatchTask$1(TaskDispatcher.scala:213)
	at java.base/java.util.concurrent.ThreadPoolExecutor.runWorker(ThreadPoolExecutor.java:1144)
	at java.base/java.util.concurrent.ThreadPoolExecutor$Worker.run(ThreadPoolExecutor.java:642)
	at java.base/java.lang.Thread.run(Thread.java:1583)

2026-06-05 09:05:58.783 WARNING - TaskQueue: Cannot move task 'ClusterManagement-CleanupOrphanedFiles()' from task queue 'System.ScheduledEventsQueue' with id 392376117537746879 to processed tasks log. The status is Running. Starting to retry now.
com.mendix.core.CoreRuntimeException: Failed to commit
	at com.mendix.basis.component.TransactionCore.doCommit(TransactionCore.scala:165)

Caused by: com.mendix.core.CoreRuntimeException: com.mendix.systemwideinterfaces.MendixRuntimeException: com.mendix.core.CoreRuntimeException: Exception occurred in action '{"before":[{}],"action":{"type":"CommitAction"},"after":[],"type":"EventExtendedAction"}', all database changes executed by this action were rolled back
	at com.mendix.basis.actionmanagement.ActionManager.executeSync(ActionManager.scala:126)

Caused by: com.mendix.systemwideinterfaces.MendixRuntimeException: com.mendix.core.CoreRuntimeException: Exception occurred in action '{"before":[{}],"action":{"type":"CommitAction"},"after":[],"type":"EventExtendedAction"}', all database changes executed by this action were rolled back
	at com.mendix.util.classloading.Runner$.withContextClassLoader(Runner.scala:23)

Caused by: com.mendix.core.CoreRuntimeException: Exception occurred in action '{"before":[{}],"action":{"type":"CommitAction"},"after":[],"type":"EventExtendedAction"}', all database changes executed by this action were rolled back
	at com.mendix.basis.actionmanagement.CoreActionHandlerImpl.processErrorState(CoreActionHandlerImpl.scala:155)

Caused by: com.mendix.core.CoreException: com.mendix.core.CoreRuntimeException: com.mendix.systemwideinterfaces.MendixRuntimeException: com.mendix.datastorage.exception.UpdateConflictException
	at com.mendix.basis.actionmanagement.SyncEventExtendedAction.executeAction(SyncEventExtendedAction.scala:31)

Caused by: com.mendix.core.CoreRuntimeException: com.mendix.systemwideinterfaces.MendixRuntimeException: com.mendix.datastorage.exception.UpdateConflictException
	at com.mendix.basis.actionmanagement.ActionManager.executeSync(ActionManager.scala:126)

Caused by: com.mendix.systemwideinterfaces.MendixRuntimeException: com.mendix.datastorage.exception.UpdateConflictException
	at com.mendix.util.classloading.Runner$.withContextClassLoader(Runner.scala:23)

Caused by: com.mendix.datastorage.exception.UpdateConflictException: null
	at com.mendix.connectionbus.connections.jdbc.JdbcDataStore.withPreparedStatement(JdbcDataStore.scala:1169)
	at com.mendix.connectionbus.connections.jdbc.JdbcDataStore.$anonfun$execModificationQueries$1(JdbcDataStore.scala:904)
	at com.mendix.connectionbus.connections.jdbc.JdbcDataStore.$anonfun$execModificationQueries$1$adapted(JdbcDataStore.scala:904)
	at com.mendix.connectionbus.connections.jdbc.JdbcDataStore.$anonfun$executeWithUcViolationHandling$1(JdbcDataStore.scala:1077)
	at scala.runtime.java8.JFunction0$mcZ$sp.apply(JFunction0$mcZ$sp.scala:17)
	at scala.util.Try$.apply(Try.scala:217)
	at com.mendix.connectionbus.connections.jdbc.JdbcDataStore.executeWithUcViolationHandling(JdbcDataStore.scala:1077)
	at com.mendix.connectionbus.connections.jdbc.JdbcDataStore.doModificationQueries$1(JdbcDataStore.scala:907)
	at com.mendix.connectionbus.connections.jdbc.JdbcDataStore.$anonfun$execModificationQueries$3(JdbcDataStore.scala:910)
	at com.mendix.connectionbus.connections.jdbc.JdbcDataStore.executeWithRetry(JdbcDataStore.scala:923)
	at com.mendix.connectionbus.connections.jdbc.JdbcDataStore.execModificationQueries(JdbcDataStore.scala:910)
	at com.mendix.connectionbus.connections.jdbc.JdbcDataStore.execCreateQueries(JdbcDataStore.scala:819)
	at com.mendix.connectionbus.connections.jdbc.JdbcDataStore.$anonfun$store$1(JdbcDataStore.scala:389)
	at com.mendix.connectionbus.connections.jdbc.JdbcDataStore.$anonfun$store$1$adapted(JdbcDataStore.scala:387)
	at scala.collection.immutable.List.map(List.scala:247)
	at scala.collection.immutable.List.map(List.scala:79)
	at com.mendix.connectionbus.connections.jdbc.JdbcDataStore.store(JdbcDataStore.scala:387)
	at com.mendix.connectionbus.store.EntityStorer.storeDataSetInstance(EntityStorer.scala:179)
	at com.mendix.connectionbus.store.EntityStorer.handleCreateRequest(EntityStorer.scala:144)
	at com.mendix.connectionbus.store.EntityStorer.handleRequest(EntityStorer.scala:113)
	at com.mendix.connectionbus.store.EntityStorer.store(EntityStorer.scala:40)
	at com.mendix.connectionbus.RequestAnalyzer.doRequest(RequestAnalyzer.scala:45)
	at com.mendix.connectionbus.ConnectionBusImpl.doRequest(ConnectionBusImpl.scala:483)
	at com.mendix.basis.action.user.CommitAction.commit(CommitAction.scala:160)
	at com.mendix.basis.action.user.CommitAction.$anonfun$commitPersistableObjects$5(CommitAction.scala:112)
	at scala.runtime.java8.JFunction0$mcV$sp.apply(JFunction0$mcV$sp.scala:18)
	at scala.util.Try$.apply(Try.scala:217)
	at com.mendix.basis.action.user.CommitAction.commitPersistableObjects(CommitAction.scala:112)
	at com.mendix.basis.action.user.CommitAction.executeAction(CommitAction.scala:58)
	at com.mendix.basis.action.user.CommitAction.executeAction(CommitAction.scala:32)
	at com.mendix.systemwideinterfaces.core.UserAction.execute(UserAction.java:73)
	at com.mendix.basis.actionmanagement.CoreActionHandlerImpl.doCall(CoreActionHandlerImpl.scala:73)
	at com.mendix.basis.actionmanagement.CoreActionHandlerImpl.call(CoreActionHandlerImpl.scala:49)
	at com.mendix.core.actionmanagement.internal.InternalCoreAction.call(InternalCoreAction.java:81)
	at com.mendix.basis.actionmanagement.ActionManager.$anonfun$executeSync$2(ActionManager.scala:123)
	at com.mendix.util.classloading.Runner$.withContextClassLoader(Runner.scala:20)
	at com.mendix.basis.actionmanagement.ActionManager.executeSync(ActionManager.scala:123)
	at com.mendix.basis.actionmanagement.SyncEventExtendedAction.executeAction(SyncEventExtendedAction.scala:28)
	at com.mendix.basis.actionmanagement.EventExtendedAction.execute(EventExtendedAction.scala:62)
	at com.mendix.basis.actionmanagement.CoreActionHandlerImpl.doCall(CoreActionHandlerImpl.scala:73)
	at com.mendix.basis.actionmanagement.CoreActionHandlerImpl.call(CoreActionHandlerImpl.scala:49)
	at com.mendix.core.actionmanagement.internal.InternalCoreAction.call(InternalCoreAction.java:81)
	at com.mendix.basis.actionmanagement.CoreActionHandlerImpl.$anonfun$runMonitoredAction$1(CoreActionHandlerImpl.scala:60)
	at com.mendix.basis.actionmanagement.ActionMonitoring$.$anonfun$monitor$1(ActionMonitoring.scala:52)
	at com.mendix.util.classloading.Runner$.withContextClassLoader(Runner.scala:20)
	at com.mendix.basis.actionmanagement.ActionMonitoring$.monitor(ActionMonitoring.scala:52)
	at com.mendix.basis.actionmanagement.CoreActionHandlerImpl.runMonitoredAction(CoreActionHandlerImpl.scala:60)
	at com.mendix.basis.actionmanagement.CoreActionHandlerImpl.call(CoreActionHandlerImpl.scala:47)
	at com.mendix.core.actionmanagement.internal.InternalCoreAction.call(InternalCoreAction.java:81)
	at com.mendix.basis.actionmanagement.ActionManager.$anonfun$executeSync$2(ActionManager.scala:123)
	at com.mendix.util.classloading.Runner$.withContextClassLoader(Runner.scala:20)
	at com.mendix.basis.actionmanagement.ActionManager.executeSync(ActionManager.scala:123)
	at com.mendix.basis.actionmanagement.ActionManager.$anonfun$executeInTransactionSync$1(ActionManager.scala:131)
	at scala.util.Try$.apply(Try.scala:217)
	at com.mendix.basis.actionmanagement.ActionManager.tryExecute$1(ActionManager.scala:131)
	at com.mendix.basis.actionmanagement.ActionManager.executeInTransactionSync(ActionManager.scala:132)
	at com.mendix.basis.component.TransactionCore.doStore$1(TransactionCore.scala:207)
	at com.mendix.basis.component.TransactionCore.storeObjectsAndAutoCommittedObjects(TransactionCore.scala:215)
	at com.mendix.basis.component.TransactionCore.doCommit(TransactionCore.scala:144)
	at com.mendix.basis.component.TransactionCore.commit(TransactionCore.scala:117)
	at com.mendix.basis.component.TransactionCore.commit$(TransactionCore.scala:111)
	at com.mendix.basis.component.InternalCore.commit(InternalCore.scala:22)
	at com.mendix.basis.component.TransactionCore.commitWithEvents(TransactionCore.scala:67)
	at com.mendix.basis.component.TransactionCore.commit(TransactionCore.scala:26)
	at com.mendix.basis.component.TransactionCore.commit$(TransactionCore.scala:25)
	at com.mendix.basis.component.InternalCore.commit(InternalCore.scala:22)
	at com.mendix.basis.component.TransactionCore.commit(TransactionCore.scala:21)
	at com.mendix.basis.component.TransactionCore.commit$(TransactionCore.scala:21)
	at com.mendix.basis.component.InternalCore.commit(InternalCore.scala:22)
	at com.mendix.modules.queue.TaskQueue.$anonfun$copyToProcessedTasks$1(TaskQueue.scala:321)
	at scala.runtime.java8.JFunction0$mcV$sp.apply(JFunction0$mcV$sp.scala:18)
	at scala.util.Try$.apply(Try.scala:217)
	at com.mendix.modules.queue.TaskQueue.copyToProcessedTasks(TaskQueue.scala:319)
	at com.mendix.modules.queue.TaskQueue.moveToProcessedTasks(TaskQueue.scala:314)
	at com.mendix.modules.queue.TaskQueue.$anonfun$doRemove$2(TaskQueue.scala:186)
	at scala.util.Success.flatMap(Try.scala:266)
	at com.mendix.modules.queue.TaskQueue.$anonfun$doRemove$1(TaskQueue.scala:186)
	at com.mendix.util.ContextUtil$RichContext$.withTransaction$extension(ContextUtil.scala:17)
	at com.mendix.modules.queue.TaskQueue.doRemove(TaskQueue.scala:186)
	at com.mendix.modules.queue.TaskQueue.tryRemove$1(TaskQueue.scala:159)
	at com.mendix.modules.queue.TaskQueue.remove(TaskQueue.scala:171)
	at com.mendix.modules.queue.TaskDispatcher.executeTask(TaskDispatcher.scala:268)
	at com.mendix.modules.queue.TaskDispatcher.$anonfun$dispatchTask$3(TaskDispatcher.scala:226)
	at com.mendix.modules.queue.MendixTaskQueueMetrics$QueueBasedMetricsImpl.$anonfun$timeTaskExecution$1(TaskQueueMetrics.scala:44)
	at io.micrometer.core.instrument.composite.CompositeTimer.record(CompositeTimer.java:69)
	at com.mendix.metrics.micrometer.MicrometerTimer.record(MicrometerTimer.scala:29)
	at com.mendix.modules.queue.MendixTaskQueueMetrics$QueueBasedMetricsImpl.timeTaskExecution(TaskQueueMetrics.scala:44)
	at com.mendix.modules.queue.TaskDispatcher.$anonfun$dispatchTask$2(TaskDispatcher.scala:226)
	at com.mendix.modules.opentelemetry.OpenTelemetryUtil$.$anonfun$usingSpanWithCustomStatus$2(OpenTelemetryUtil.scala:37)
	at scala.util.Using$.apply(Using.scala:296)
	at com.mendix.modules.opentelemetry.OpenTelemetryUtil$.usingSpanWithCustomStatus(OpenTelemetryUtil.scala:36)
	at com.mendix.modules.opentelemetry.OpenTelemetryUtil$.usingSpanWithCustomStatus(OpenTelemetryUtil.scala:53)
	at com.mendix.modules.opentelemetry.OpenTelemetryUtil$.withSpanWithCustomStatus(OpenTelemetryUtil.scala:15)
	at com.mendix.modules.queue.TaskDispatcher.$anonfun$dispatchTask$1(TaskDispatcher.scala:213)
	at java.base/java.util.concurrent.ThreadPoolExecutor.runWorker(ThreadPoolExecutor.java:1144)
	at java.base/java.util.concurrent.ThreadPoolExecutor$Worker.run(ThreadPoolExecutor.java:642)
	at java.base/java.lang.Thread.run(Thread.java:1583)

Caused by: com.microsoft.sqlserver.jdbc.SQLServerException: Transaction (Process ID 105) was deadlocked on lock resources with another process and has been chosen as the deadlock victim. Rerun the transaction.
	at com.microsoft.sqlserver.jdbc.SQLServerException.makeFromDatabaseError(SQLServerException.java:270)
	at com.microsoft.sqlserver.jdbc.SQLServerStatement.getNextResult(SQLServerStatement.java:1735)
	at com.microsoft.sqlserver.jdbc.SQLServerPreparedStatement.doExecutePreparedStatement(SQLServerPreparedStatement.java:675)
	at com.microsoft.sqlserver.jdbc.SQLServerPreparedStatement$PrepStmtExecCmd.doExecute(SQLServerPreparedStatement.java:594)
	at com.microsoft.sqlserver.jdbc.TDSCommand.execute(IOBuffer.java:7745)
	at com.microsoft.sqlserver.jdbc.SQLServerConnection.executeCommand(SQLServerConnection.java:4391)
	at com.microsoft.sqlserver.jdbc.SQLServerStatement.executeCommand(SQLServerStatement.java:276)
	at com.microsoft.sqlserver.jdbc.SQLServerStatement.executeStatement(SQLServerStatement.java:246)
	at com.microsoft.sqlserver.jdbc.SQLServerPreparedStatement.executeUpdate(SQLServerPreparedStatement.java:537)
	at org.apache.commons.dbcp2.DelegatingPreparedStatement.executeUpdate(DelegatingPreparedStatement.java:137)
	at org.apache.commons.dbcp2.DelegatingPreparedStatement.executeUpdate(DelegatingPreparedStatement.java:137)
	at com.mendix.connectionbus.connections.jdbc.JdbcDataStore.doModification(JdbcDataStore.scala:950)
	at com.mendix.connectionbus.connections.jdbc.JdbcDataStore.doInsert(JdbcDataStore.scala:825)
	at com.mendix.connectionbus.connections.jdbc.JdbcDataStore.$anonfun$execCreateQueries$2(JdbcDataStore.scala:819)
	at com.mendix.connectionbus.connections.jdbc.JdbcDataStore.$anonfun$execCreateQueries$2$adapted(JdbcDataStore.scala:819)
	at com.mendix.connectionbus.connections.jdbc.JdbcDataStore.$anonfun$execModificationQueries$2(JdbcDataStore.scala:905)
	at com.mendix.connectionbus.connections.jdbc.JdbcDataStore.$anonfun$execModificationQueries$2$adapted(JdbcDataStore.scala:905)
	at com.mendix.connectionbus.connections.jdbc.JdbcDataStore.$anonfun$executeWithUcViolationHandling$2(JdbcDataStore.scala:1077)
	at com.mendix.connectionbus.connections.jdbc.JdbcDataStore.$anonfun$executeWithUcViolationHandling$2$adapted(JdbcDataStore.scala:1077)
	at com.mendix.connectionbus.connections.jdbc.JdbcDataStore.$anonfun$withPreparedStatement$1(JdbcDataStore.scala:1147)
	at scala.util.Try$.apply(Try.scala:217)
	at com.mendix.connectionbus.connections.jdbc.JdbcDataStore$.withLogging(JdbcDataStore.scala:71)
	at com.mendix.connectionbus.connections.jdbc.JdbcDataStore.withPreparedStatement(JdbcDataStore.scala:1147)
	at com.mendix.connectionbus.connections.jdbc.JdbcDataStore.$anonfun$execModificationQueries$1(JdbcDataStore.scala:904)
	at com.mendix.connectionbus.connections.jdbc.JdbcDataStore.$anonfun$execModificationQueries$1$adapted(JdbcDataStore.scala:904)
	at com.mendix.connectionbus.connections.jdbc.JdbcDataStore.$anonfun$executeWithUcViolationHandling$1(JdbcDataStore.scala:1077)
	at scala.runtime.java8.JFunction0$mcZ$sp.apply(JFunction0$mcZ$sp.scala:17)
	at scala.util.Try$.apply(Try.scala:217)
	at com.mendix.connectionbus.connections.jdbc.JdbcDataStore.executeWithUcViolationHandling(JdbcDataStore.scala:1077)
	at com.mendix.connectionbus.connections.jdbc.JdbcDataStore.doModificationQueries$1(JdbcDataStore.scala:907)
	at com.mendix.connectionbus.connections.jdbc.JdbcDataStore.$anonfun$execModificationQueries$3(JdbcDataStore.scala:910)
	at com.mendix.connectionbus.connections.jdbc.JdbcDataStore.executeWithRetry(JdbcDataStore.scala:923)
	at com.mendix.connectionbus.connections.jdbc.JdbcDataStore.execModificationQueries(JdbcDataStore.scala:910)
	at com.mendix.connectionbus.connections.jdbc.JdbcDataStore.execCreateQueries(JdbcDataStore.scala:819)
	at com.mendix.connectionbus.connections.jdbc.JdbcDataStore.$anonfun$store$1(JdbcDataStore.scala:389)
	at com.mendix.connectionbus.connections.jdbc.JdbcDataStore.$anonfun$store$1$adapted(JdbcDataStore.scala:387)
	at scala.collection.immutable.List.map(List.scala:247)
	at scala.collection.immutable.List.map(List.scala:79)
	at com.mendix.connectionbus.connections.jdbc.JdbcDataStore.store(JdbcDataStore.scala:387)
	at com.mendix.connectionbus.store.EntityStorer.storeDataSetInstance(EntityStorer.scala:179)
	at com.mendix.connectionbus.store.EntityStorer.handleCreateRequest(EntityStorer.scala:144)
	at com.mendix.connectionbus.store.EntityStorer.handleRequest(EntityStorer.scala:113)
	at com.mendix.connectionbus.store.EntityStorer.store(EntityStorer.scala:40)
	at com.mendix.connectionbus.RequestAnalyzer.doRequest(RequestAnalyzer.scala:45)
	at com.mendix.connectionbus.ConnectionBusImpl.doRequest(ConnectionBusImpl.scala:483)
	at com.mendix.basis.action.user.CommitAction.commit(CommitAction.scala:160)
	at com.mendix.basis.action.user.CommitAction.$anonfun$commitPersistableObjects$5(CommitAction.scala:112)
	at scala.runtime.java8.JFunction0$mcV$sp.apply(JFunction0$mcV$sp.scala:18)
	at scala.util.Try$.apply(Try.scala:217)
	at com.mendix.basis.action.user.CommitAction.commitPersistableObjects(CommitAction.scala:112)
	at com.mendix.basis.action.user.CommitAction.executeAction(CommitAction.scala:58)
	at com.mendix.basis.action.user.CommitAction.executeAction(CommitAction.scala:32)
	at com.mendix.systemwideinterfaces.core.UserAction.execute(UserAction.java:73)
	at com.mendix.basis.actionmanagement.CoreActionHandlerImpl.doCall(CoreActionHandlerImpl.scala:73)
	at com.mendix.basis.actionmanagement.CoreActionHandlerImpl.call(CoreActionHandlerImpl.scala:49)
	at com.mendix.core.actionmanagement.internal.InternalCoreAction.call(InternalCoreAction.java:81)
	at com.mendix.basis.actionmanagement.ActionManager.$anonfun$executeSync$2(ActionManager.scala:123)
	at com.mendix.util.classloading.Runner$.withContextClassLoader(Runner.scala:20)
	at com.mendix.basis.actionmanagement.ActionManager.executeSync(ActionManager.scala:123)
	at com.mendix.basis.actionmanagement.SyncEventExtendedAction.executeAction(SyncEventExtendedAction.scala:28)
	at com.mendix.basis.actionmanagement.EventExtendedAction.execute(EventExtendedAction.scala:62)
	at com.mendix.basis.actionmanagement.CoreActionHandlerImpl.doCall(CoreActionHandlerImpl.scala:73)
	at com.mendix.basis.actionmanagement.CoreActionHandlerImpl.call(CoreActionHandlerImpl.scala:49)
	at com.mendix.core.actionmanagement.internal.InternalCoreAction.call(InternalCoreAction.java:81)
	at com.mendix.basis.actionmanagement.CoreActionHandlerImpl.$anonfun$runMonitoredAction$1(CoreActionHandlerImpl.scala:60)
	at com.mendix.basis.actionmanagement.ActionMonitoring$.$anonfun$monitor$1(ActionMonitoring.scala:52)
	at com.mendix.util.classloading.Runner$.withContextClassLoader(Runner.scala:20)
	at com.mendix.basis.actionmanagement.ActionMonitoring$.monitor(ActionMonitoring.scala:52)
	at com.mendix.basis.actionmanagement.CoreActionHandlerImpl.runMonitoredAction(CoreActionHandlerImpl.scala:60)
	at com.mendix.basis.actionmanagement.CoreActionHandlerImpl.call(CoreActionHandlerImpl.scala:47)
	at com.mendix.core.actionmanagement.internal.InternalCoreAction.call(InternalCoreAction.java:81)
	at com.mendix.basis.actionmanagement.ActionManager.$anonfun$executeSync$2(ActionManager.scala:123)
	at com.mendix.util.classloading.Runner$.withContextClassLoader(Runner.scala:20)
	at com.mendix.basis.actionmanagement.ActionManager.executeSync(ActionManager.scala:123)
	at com.mendix.basis.actionmanagement.ActionManager.$anonfun$executeInTransactionSync$1(ActionManager.scala:131)
	at scala.util.Try$.apply(Try.scala:217)
	at com.mendix.basis.actionmanagement.ActionManager.tryExecute$1(ActionManager.scala:131)
	at com.mendix.basis.actionmanagement.ActionManager.executeInTransactionSync(ActionManager.scala:132)
	at com.mendix.basis.component.TransactionCore.doStore$1(TransactionCore.scala:207)
	at com.mendix.basis.component.TransactionCore.storeObjectsAndAutoCommittedObjects(TransactionCore.scala:215)
	at com.mendix.basis.component.TransactionCore.doCommit(TransactionCore.scala:144)
	at com.mendix.basis.component.TransactionCore.commit(TransactionCore.scala:117)
	at com.mendix.basis.component.TransactionCore.commit$(TransactionCore.scala:111)
	at com.mendix.basis.component.InternalCore.commit(InternalCore.scala:22)
	at com.mendix.basis.component.TransactionCore.commitWithEvents(TransactionCore.scala:67)
	at com.mendix.basis.component.TransactionCore.commit(TransactionCore.scala:26)
	at com.mendix.basis.component.TransactionCore.commit$(TransactionCore.scala:25)
	at com.mendix.basis.component.InternalCore.commit(InternalCore.scala:22)
	at com.mendix.basis.component.TransactionCore.commit(TransactionCore.scala:21)
	at com.mendix.basis.component.TransactionCore.commit$(TransactionCore.scala:21)
	at com.mendix.basis.component.InternalCore.commit(InternalCore.scala:22)
	at com.mendix.modules.queue.TaskQueue.$anonfun$copyToProcessedTasks$1(TaskQueue.scala:321)
	at scala.runtime.java8.JFunction0$mcV$sp.apply(JFunction0$mcV$sp.scala:18)
	at scala.util.Try$.apply(Try.scala:217)
	at com.mendix.modules.queue.TaskQueue.copyToProcessedTasks(TaskQueue.scala:319)
	at com.mendix.modules.queue.TaskQueue.moveToProcessedTasks(TaskQueue.scala:314)
	at com.mendix.modules.queue.TaskQueue.$anonfun$doRemove$2(TaskQueue.scala:186)
	at scala.util.Success.flatMap(Try.scala:266)
	at com.mendix.modules.queue.TaskQueue.$anonfun$doRemove$1(TaskQueue.scala:186)
	at com.mendix.util.ContextUtil$RichContext$.withTransaction$extension(ContextUtil.scala:17)
	at com.mendix.modules.queue.TaskQueue.doRemove(TaskQueue.scala:186)
	at com.mendix.modules.queue.TaskQueue.tryRemove$1(TaskQueue.scala:159)
	at com.mendix.modules.queue.TaskQueue.remove(TaskQueue.scala:171)
	at com.mendix.modules.queue.TaskDispatcher.executeTask(TaskDispatcher.scala:268)
	at com.mendix.modules.queue.TaskDispatcher.$anonfun$dispatchTask$3(TaskDispatcher.scala:226)
	at com.mendix.modules.queue.MendixTaskQueueMetrics$QueueBasedMetricsImpl.$anonfun$timeTaskExecution$1(TaskQueueMetrics.scala:44)
	at io.micrometer.core.instrument.composite.CompositeTimer.record(CompositeTimer.java:69)
	at com.mendix.metrics.micrometer.MicrometerTimer.record(MicrometerTimer.scala:29)
	at com.mendix.modules.queue.MendixTaskQueueMetrics$QueueBasedMetricsImpl.timeTaskExecution(TaskQueueMetrics.scala:44)
	at com.mendix.modules.queue.TaskDispatcher.$anonfun$dispatchTask$2(TaskDispatcher.scala:226)
	at com.mendix.modules.opentelemetry.OpenTelemetryUtil$.$anonfun$usingSpanWithCustomStatus$2(OpenTelemetryUtil.scala:37)
	at scala.util.Using$.apply(Using.scala:296)
	at com.mendix.modules.opentelemetry.OpenTelemetryUtil$.usingSpanWithCustomStatus(OpenTelemetryUtil.scala:36)
	at com.mendix.modules.opentelemetry.OpenTelemetryUtil$.usingSpanWithCustomStatus(OpenTelemetryUtil.scala:53)
	at com.mendix.modules.opentelemetry.OpenTelemetryUtil$.withSpanWithCustomStatus(OpenTelemetryUtil.scala:15)
	at com.mendix.modules.queue.TaskDispatcher.$anonfun$dispatchTask$1(TaskDispatcher.scala:213)
	at java.base/java.util.concurrent.ThreadPoolExecutor.runWorker(ThreadPoolExecutor.java:1144)
	at java.base/java.util.concurrent.ThreadPoolExecutor$Worker.run(ThreadPoolExecutor.java:642)
	at java.base/java.lang.Thread.run(Thread.java:1583)

2026-06-05 09:05:58.909 WARNING - TaskQueue: Succeeded to move task 'ClusterManagement-CleanupTmpDocuments()' from task queue 'System.ScheduledEventsQueue' with id 392376117537745953 to processed tasks log. Total retries: 1.
2026-06-05 09:05:58.909 WARNING - TaskQueue: Succeeded to move task 'ClusterManagement-CleanupUnreferencedFiles()' from task queue 'System.ScheduledEventsQueue' with id 392376117537746609 to processed tasks log. Total retries: 1.
2026-06-05 09:05:58.909 WARNING - TaskQueue: Succeeded to move task 'ClusterManagement-MigrateOldFiles()' from task queue 'System.ScheduledEventsQueue' with id 392376117537746288 to processed tasks log. Total retries: 1.
2026-06-05 09:05:58.909 WARNING - TaskQueue: Succeeded to move task 'ClusterManagement-UnblockUsers()' from task queue 'System.ScheduledEventsQueue' with id 392376117537746370 to processed tasks log. Total retries: 1.
2026-06-05 09:05:58.909 WARNING - TaskQueue: Succeeded to move task 'ClusterManagement-CleanupOrphanedFiles()' from task queue 'System.ScheduledEventsQueue' with id 392376117537746879 to processed tasks log. Total retries: 1.
2026-06-05 09:05:58.909 WARNING - TaskQueue: Succeeded to move task 'ClusterManagement-PopulateFileDocumentSizes()' from task queue 'System.ScheduledEventsQueue' with id 392376117537745854 to processed tasks log. Total retries: 1.
2026-06-05 09:05:58.909 WARNING - TaskQueue: Succeeded to move task 'ClusterManagement-CleanupBackgroundJobs()' from task queue 'System.ScheduledEventsQueue' with id 392376117537746952 to processed tasks log. Total retries: 1.
2026-06-05 09:05:58.909 WARNING - TaskQueue: Succeeded to move task 'ClusterManagement-CleanupSessions()' from task queue 'System.ScheduledEventsQueue' with id 392376117537746812 to processed tasks log. Total retries: 1.
2026-06-05 09:05:58.911 WARNING - TaskQueue: Succeeded to move task 'ClusterManagement-CleanupScheduledEvents()' from task queue 'System.ScheduledEventsQueue' with id 392376117537746448 to processed tasks log. Total retries: 1.
2026-06-08 08:14:36.399 INFO - DocumentGeneration: Start scheduled event for cleanup of expired document requests
2026-06-08 08:14:36.565 INFO - DocumentGeneration: Finished scheduled event for cleanup of expired document requests. Removed 0 expired requests.
2026-06-08 08:30:00.497 INFO - DocumentGeneration: Start scheduled event for cleanup of expired document requests
2026-06-08 08:30:00.511 INFO - DocumentGeneration: Finished scheduled event for cleanup of expired document requests. Removed 0 expired requests.
2026-06-09 08:30:00.390 INFO - DocumentGeneration: Start scheduled event for cleanup of expired document requests
2026-06-09 08:30:00.411 INFO - DocumentGeneration: Finished scheduled event for cleanup of expired document requests. Removed 0 expired requests.
2026-06-10 08:30:00.177 INFO - DocumentGeneration: Start scheduled event for cleanup of expired document requests
2026-06-10 08:30:00.192 INFO - DocumentGeneration: Finished scheduled event for cleanup of expired document requests. Removed 0 expired requests.
