2026-04-30T12:25:06  Workspace Replacement commencing with following settings:
2026-04-30T12:25:06      Use Current MDB as Master: False
2026-04-30T12:25:06      Start upgrade at new Workspace: True
2026-04-30T12:25:06      Log file location: C:\Program Files (x86)\Camstar\InSite Administration\Batch Processing\UpgradeLog.log
2026-04-30T12:25:06      Base Camstar Workspace Data file location: C:\Program Files (x86)\Camstar\InSite Administration\Batch Processing\Base\InSite.mdb
2026-04-30T12:25:06      New Workspace Data file location: C:\Program Files (x86)\Camstar\InSite Administration\Batch Processing\New\bpInSite.mdb
2026-04-30T12:25:06          New Workspace Code: 20
2026-04-30T12:25:06      Current Metadata file location: C:\Program Files (x86)\Camstar\InSite Administration\Batch Processing\Current\InSiteSemi.mdb
2026-04-30T12:25:06          Current Workspace Code: 200
2026-04-30T12:25:06      Target Metadata file location: C:\Program Files (x86)\Camstar\InSite Administration\Batch Processing\Target\Insite.mdb
2026-04-30T12:25:06          Target Metadata will not overwrite Current Metadata upon completion.
2026-04-30T12:25:06  Start replace of workspace: 20 into MDB: C:\Program Files (x86)\Camstar\InSite Administration\Batch Processing\Target\Insite.mdb
2026-04-30T12:31:30  Process 733 DBColumns to update PrecisionValue to a larger value (Ignore count: 77, Current WS Count: 0)
2026-04-30T12:31:30  Column: isImageName, New Precision: 40, Old Precision: 30, Workspace: 40, Active Workspace: 200
2026-04-30T12:31:30  Updated 0 records in table DBColumns for ColumnID: 702546763, Name: isImageName, Precision: 40, Workspace: 40
2026-04-30T12:31:30  Column: ECO, New Precision: 40, Old Precision: 30, Workspace: 40, Active Workspace: 200
2026-04-30T12:31:30  Updated 0 records in table DBColumns for ColumnID: 702546767, Name: ECO, Precision: 40, Workspace: 40
2026-04-30T12:31:30  Column: XShareContainerType, New Precision: 40, Old Precision: 30, Workspace: 40, Active Workspace: 200
2026-04-30T12:31:30  Updated 0 records in table DBColumns for ColumnID: 702546908, Name: XShareContainerType, Precision: 40, Workspace: 40
2026-04-30T12:31:30  Column: DataValue, New Precision: 40, Old Precision: 30, Workspace: 40, Active Workspace: 200
2026-04-30T12:31:30  Updated 0 records in table DBColumns for ColumnID: 13158, Name: DataValue, Precision: 40, Workspace: 40
2026-04-30T12:31:30  Column: CellName, New Precision: 40, Old Precision: 30, Workspace: 40, Active Workspace: 200
2026-04-30T12:31:30  Updated 0 records in table DBColumns for ColumnID: 13081, Name: CellName, Precision: 40, Workspace: 40
2026-04-30T12:31:30  Column: DataValue, New Precision: 40, Old Precision: 30, Workspace: 40, Active Workspace: 200
2026-04-30T12:31:30  Updated 0 records in table DBColumns for ColumnID: 13082, Name: DataValue, Precision: 40, Workspace: 40
2026-04-30T12:31:30  Column: ParametricDataID, New Precision: 40, Old Precision: 30, Workspace: 40, Active Workspace: 200
2026-04-30T12:31:30  Updated 0 records in table DBColumns for ColumnID: 14032, Name: ParametricDataID, Precision: 40, Workspace: 40
2026-04-30T12:31:30  Column: CauseCodeName, New Precision: 40, Old Precision: 30, Workspace: 40, Active Workspace: 200
2026-04-30T12:31:30  Updated 0 records in table DBColumns for ColumnID: 12787, Name: CauseCodeName, Precision: 40, Workspace: 40
2026-04-30T12:31:30  Column: ReportAction, New Precision: 40, Old Precision: 30, Workspace: 40, Active Workspace: 200
2026-04-30T12:31:30  Updated 0 records in table DBColumns for ColumnID: 12613, Name: ReportAction, Precision: 40, Workspace: 40
2026-04-30T12:31:30  Column: NonconformanceNumber, New Precision: 40, Old Precision: 30, Workspace: 40, Active Workspace: 200
2026-04-30T12:31:30  Updated 0 records in table DBColumns for ColumnID: 12786, Name: NonconformanceNumber, Precision: 40, Workspace: 40
2026-04-30T12:31:30  Column: DerivedChartDataValue, New Precision: 40, Old Precision: 30, Workspace: 40, Active Workspace: 200
2026-04-30T12:31:30  Updated 0 records in table DBColumns for ColumnID: 14028, Name: DerivedChartDataValue, Precision: 40, Workspace: 40
2026-04-30T12:31:30  Column: Response, New Precision: 40, Old Precision: 30, Workspace: 40, Active Workspace: 200
2026-04-30T12:31:30  Updated 0 records in table DBColumns for ColumnID: 13018, Name: Response, Precision: 40, Workspace: 40
2026-04-30T12:31:30  Column: CollectedDataValue, New Precision: 40, Old Precision: 30, Workspace: 40, Active Workspace: 200
2026-04-30T12:31:30  Updated 0 records in table DBColumns for ColumnID: 14027, Name: CollectedDataValue, Precision: 40, Workspace: 40
2026-04-30T12:31:30  Column: CollaboratorTemplateName, New Precision: 40, Old Precision: 30, Workspace: 40, Active Workspace: 200
2026-04-30T12:31:30  Updated 0 records in table DBColumns for ColumnID: 16269, Name: CollaboratorTemplateName, Precision: 40, Workspace: 40
2026-04-30T12:31:30  Column: NonconformanceNumber, New Precision: 40, Old Precision: 30, Workspace: 40, Active Workspace: 200
2026-04-30T12:31:30  Updated 0 records in table DBColumns for ColumnID: 12781, Name: NonconformanceNumber, Precision: 40, Workspace: 40
2026-04-30T12:31:30  Column: ChartVariable, New Precision: 40, Old Precision: 30, Workspace: 40, Active Workspace: 200
2026-04-30T12:31:30  Updated 0 records in table DBColumns for ColumnID: 14025, Name: ChartVariable, Precision: 40, Workspace: 40
2026-04-30T12:31:30  Column: PackageTypeName, New Precision: 40, Old Precision: 30, Workspace: 40, Active Workspace: 200
2026-04-30T12:31:30  Updated 0 records in table DBColumns for ColumnID: 16601, Name: PackageTypeName, Precision: 40, Workspace: 40
2026-04-30T12:31:30  Column: PackageCreationTemplateName, New Precision: 40, Old Precision: 30, Workspace: 40, Active Workspace: 200
2026-04-30T12:31:30  Updated 0 records in table DBColumns for ColumnID: 16428, Name: PackageCreationTemplateName, Precision: 40, Workspace: 40
2026-04-30T12:31:30  Column: DPCollectionPointSampleName, New Precision: 40, Old Precision: 30, Workspace: 40, Active Workspace: 200
2026-04-30T12:31:30  Updated 0 records in table DBColumns for ColumnID: 13157, Name: DPCollectionPointSampleName, Precision: 40, Workspace: 40
2026-04-30T12:31:30  Column: TargetMember, New Precision: 40, Old Precision: 30, Workspace: 40, Active Workspace: 200
2026-04-30T12:31:30  Updated 0 records in table DBColumns for ColumnID: 13451, Name: TargetMember, Precision: 40, Workspace: 40
2026-04-30T12:31:30  Column: CauseCodeName, New Precision: 40, Old Precision: 30, Workspace: 40, Active Workspace: 200
2026-04-30T12:31:30  Updated 0 records in table DBColumns for ColumnID: 12782, Name: CauseCodeName, Precision: 40, Workspace: 40
2026-04-30T12:31:30  Column: ADDomain, New Precision: 40, Old Precision: 30, Workspace: 40, Active Workspace: 200
2026-04-30T12:31:30  Updated 0 records in table DBColumns for ColumnID: 14860, Name: ADDomain, Precision: 40, Workspace: 40
2026-04-30T12:31:30  Column: ProcessTimerName, New Precision: 40, Old Precision: 30, Workspace: 40, Active Workspace: 200
2026-04-30T12:31:30  Updated 0 records in table DBColumns for ColumnID: 16510, Name: ProcessTimerName, Precision: 40, Workspace: 40
2026-04-30T12:31:30  Column: ConditionValue, New Precision: 40, Old Precision: 30, Workspace: 40, Active Workspace: 200
2026-04-30T12:31:30  Updated 0 records in table DBColumns for ColumnID: 13461, Name: ConditionValue, Precision: 40, Workspace: 40
2026-04-30T12:31:30  Column: ECO, New Precision: 40, Old Precision: 30, Workspace: 40, Active Workspace: 200
2026-04-30T12:31:30  Updated 0 records in table DBColumns for ColumnID: 14523, Name: ECO, Precision: 40, Workspace: 40
2026-04-30T12:31:30  Column: SourceMember, New Precision: 40, Old Precision: 30, Workspace: 40, Active Workspace: 200
2026-04-30T12:31:30  Updated 0 records in table DBColumns for ColumnID: 13450, Name: SourceMember, Precision: 40, Workspace: 40
2026-04-30T12:31:30  Column: PriorityName, New Precision: 40, Old Precision: 30, Workspace: 40, Active Workspace: 200
2026-04-30T12:31:30  Updated 0 records in table DBColumns for ColumnID: 14760, Name: PriorityName, Precision: 40, Workspace: 40
2026-04-30T12:31:30  Column: ChangePackageName, New Precision: 40, Old Precision: 30, Workspace: 40, Active Workspace: 200
2026-04-30T12:31:30  Updated 0 records in table DBColumns for ColumnID: 14591, Name: ChangePackageName, Precision: 40, Workspace: 40
2026-04-30T12:31:30  Column: TargetSchema, New Precision: 40, Old Precision: 30, Workspace: 40, Active Workspace: 200
2026-04-30T12:31:30  Updated 0 records in table DBColumns for ColumnID: 13409, Name: TargetSchema, Precision: 40, Workspace: 40
2026-04-30T12:31:30  Column: ECOECN, New Precision: 40, Old Precision: 30, Workspace: 40, Active Workspace: 200
2026-04-30T12:31:30  Updated 0 records in table DBColumns for ColumnID: 16433, Name: ECOECN, Precision: 40, Workspace: 40
2026-04-30T12:31:30  Column: SubClassificationName, New Precision: 40, Old Precision: 30, Workspace: 40, Active Workspace: 200
2026-04-30T12:31:30  Updated 0 records in table DBColumns for ColumnID: 13184, Name: SubClassificationName, Precision: 40, Workspace: 40
2026-04-30T12:31:30  Column: PackageTypeName, New Precision: 40, Old Precision: 30, Workspace: 40, Active Workspace: 200
2026-04-30T12:31:30  Updated 0 records in table DBColumns for ColumnID: 16591, Name: PackageTypeName, Precision: 40, Workspace: 40
2026-04-30T12:31:30  Column: UpperLimit, New Precision: 40, Old Precision: 30, Workspace: 40, Active Workspace: 200
2026-04-30T12:31:30  Updated 0 records in table DBColumns for ColumnID: 14051, Name: UpperLimit, Precision: 40, Workspace: 40
2026-04-30T12:31:30  Column: BusinessProcessWorkflowName, New Precision: 40, Old Precision: 30, Workspace: 40, Active Workspace: 200
2026-04-30T12:31:30  Updated 0 records in table DBColumns for ColumnID: 14519, Name: BusinessProcessWorkflowName, Precision: 40, Workspace: 40
2026-04-30T12:31:30  Column: LowerLimit, New Precision: 40, Old Precision: 30, Workspace: 40, Active Workspace: 200
2026-04-30T12:31:30  Updated 0 records in table DBColumns for ColumnID: 14050, Name: LowerLimit, Precision: 40, Workspace: 40
2026-04-30T12:31:30  Column: ChangeMgtApplicationName, New Precision: 40, Old Precision: 30, Workspace: 40, Active Workspace: 200
2026-04-30T12:31:30  Updated 0 records in table DBColumns for ColumnID: 14437, Name: ChangeMgtApplicationName, Precision: 40, Workspace: 40
2026-04-30T12:31:30  Column: ReasonName, New Precision: 40, Old Precision: 30, Workspace: 40, Active Workspace: 200
2026-04-30T12:31:30  Updated 0 records in table DBColumns for ColumnID: 14761, Name: ReasonName, Precision: 40, Workspace: 40
2026-04-30T12:31:30  Column: LabelText, New Precision: 40, Old Precision: 30, Workspace: 40, Active Workspace: 200
2026-04-30T12:31:30  Updated 0 records in table DBColumns for ColumnID: 13559, Name: LabelText, Precision: 40, Workspace: 40
2026-04-30T12:31:30  Column: UserQueryGroupName, New Precision: 40, Old Precision: 30, Workspace: 40, Active Workspace: 200
2026-04-30T12:31:30  Updated 0 records in table DBColumns for ColumnID: 13596, Name: UserQueryGroupName, Precision: 40, Workspace: 40
2026-04-30T12:31:30  Column: Name, New Precision: 40, Old Precision: 30, Workspace: 40, Active Workspace: 200
2026-04-30T12:31:30  Updated 0 records in table DBColumns for ColumnID: 13432, Name: Name, Precision: 40, Workspace: 40
2026-04-30T12:31:30  Column: ResourceStatusCodeGroupName, New Precision: 40, Old Precision: 30, Workspace: 40, Active Workspace: 200
2026-04-30T12:31:30  Updated 0 records in table DBColumns for ColumnID: 13628, Name: ResourceStatusCodeGroupName, Precision: 40, Workspace: 40
2026-04-30T12:31:30  Column: ClassificationName, New Precision: 40, Old Precision: 30, Workspace: 40, Active Workspace: 200
2026-04-30T12:31:30  Updated 0 records in table DBColumns for ColumnID: 13175, Name: ClassificationName, Precision: 40, Workspace: 40
2026-04-30T12:31:30  Column: ParameterValue, New Precision: 40, Old Precision: 30, Workspace: 40, Active Workspace: 200
2026-04-30T12:31:30  Updated 0 records in table DBColumns for ColumnID: 13433, Name: ParameterValue, Precision: 40, Workspace: 40
2026-04-30T12:31:30  Column: LabelName, New Precision: 40, Old Precision: 30, Workspace: 40, Active Workspace: 200
2026-04-30T12:31:30  Updated 0 records in table DBColumns for ColumnID: 13558, Name: LabelName, Precision: 40, Workspace: 40
2026-04-30T12:31:30  Column: ChangePackageName, New Precision: 40, Old Precision: 30, Workspace: 40, Active Workspace: 200
2026-04-30T12:31:30  Updated 0 records in table DBColumns for ColumnID: 14584, Name: ChangePackageName, Precision: 40, Workspace: 40
2026-04-30T12:31:30  Column: SampleSizeCode, New Precision: 40, Old Precision: 30, Workspace: 40, Active Workspace: 200
2026-04-30T12:31:30  Updated 0 records in table DBColumns for ColumnID: 14317, Name: SampleSizeCode, Precision: 40, Workspace: 40
2026-04-30T12:31:30  Column: Name, New Precision: 40, Old Precision: 30, Workspace: 40, Active Workspace: 200
2026-04-30T12:31:30  Updated 0 records in table DBColumns for ColumnID: 13072, Name: Name, Precision: 40, Workspace: 40
2026-04-30T12:31:30  Column: InnerUpperLimit, New Precision: 40, Old Precision: 30, Workspace: 40, Active Workspace: 200
2026-04-30T12:31:30  Updated 0 records in table DBColumns for ColumnID: 13099, Name: InnerUpperLimit, Precision: 40, Workspace: 40
2026-04-30T12:31:30  Column: ActionCategoryName, New Precision: 40, Old Precision: 30, Workspace: 40, Active Workspace: 200
2026-04-30T12:31:30  Updated 0 records in table DBColumns for ColumnID: 14011, Name: ActionCategoryName, Precision: 40, Workspace: 40
2026-04-30T12:31:30  Column: OperationName, New Precision: 40, Old Precision: 30, Workspace: 40, Active Workspace: 200
2026-04-30T12:31:30  Updated 0 records in table DBColumns for ColumnID: 12516, Name: OperationName, Precision: 40, Workspace: 40
2026-04-30T12:31:30  Column: ServiceName, New Precision: 40, Old Precision: 30, Workspace: 40, Active Workspace: 200
2026-04-30T12:31:30  Updated 0 records in table DBColumns for ColumnID: 14867, Name: ServiceName, Precision: 40, Workspace: 40
2026-04-30T12:31:30  Column: ObjectInstanceId, New Precision: 40, Old Precision: 30, Workspace: 40, Active Workspace: 200
2026-04-30T12:31:30  Updated 0 records in table DBColumns for ColumnID: 14562, Name: ObjectInstanceId, Precision: 40, Workspace: 40
2026-04-30T12:31:30  Column: TargetSystemName, New Precision: 40, Old Precision: 30, Workspace: 40, Active Workspace: 200
2026-04-30T12:31:30  Updated 0 records in table DBColumns for ColumnID: 14376, Name: TargetSystemName, Precision: 40, Workspace: 40
2026-04-30T12:31:30  Column: Name, New Precision: 40, Old Precision: 30, Workspace: 40, Active Workspace: 200
2026-04-30T12:31:30  Updated 0 records in table DBColumns for ColumnID: 13960, Name: Name, Precision: 40, Workspace: 40
2026-04-30T12:31:30  Column: SamplingStatus, New Precision: 40, Old Precision: 30, Workspace: 40, Active Workspace: 200
2026-04-30T12:31:30  Updated 0 records in table DBColumns for ColumnID: 14342, Name: SamplingStatus, Precision: 40, Workspace: 40
2026-04-30T12:31:30  Column: InnerLowerLimit, New Precision: 40, Old Precision: 30, Workspace: 40, Active Workspace: 200
2026-04-30T12:31:30  Updated 0 records in table DBColumns for ColumnID: 13098, Name: InnerLowerLimit, Precision: 40, Workspace: 40
2026-04-30T12:31:30  Column: LotName, New Precision: 40, Old Precision: 30, Workspace: 40, Active Workspace: 200
2026-04-30T12:31:30  Updated 0 records in table DBColumns for ColumnID: 15626, Name: LotName, Precision: 40, Workspace: 40
2026-04-30T12:31:30  Column: WorkcenterName, New Precision: 40, Old Precision: 30, Workspace: 40, Active Workspace: 200
2026-04-30T12:31:30  Updated 0 records in table DBColumns for ColumnID: 12515, Name: WorkcenterName, Precision: 40, Workspace: 40
2026-04-30T12:31:30  Column: MaxTimeColor, New Precision: 40, Old Precision: 30, Workspace: 40, Active Workspace: 200
2026-04-30T12:31:30  Updated 0 records in table DBColumns for ColumnID: 16486, Name: MaxTimeColor, Precision: 40, Workspace: 40
2026-04-30T12:31:30  Column: MaxWarningTimeColor, New Precision: 40, Old Precision: 30, Workspace: 40, Active Workspace: 200
2026-04-30T12:31:30  Updated 0 records in table DBColumns for ColumnID: 16487, Name: MaxWarningTimeColor, Precision: 40, Workspace: 40
2026-04-30T12:31:30  Column: ReferenceDesignator, New Precision: 40, Old Precision: 30, Workspace: 40, Active Workspace: 200
2026-04-30T12:31:30  Updated 0 records in table DBColumns for ColumnID: 13930, Name: ReferenceDesignator, Precision: 40, Workspace: 40
2026-04-30T12:31:30  Column: SampleTestName, New Precision: 40, Old Precision: 30, Workspace: 40, Active Workspace: 200
2026-04-30T12:31:30  Updated 0 records in table DBColumns for ColumnID: 14351, Name: SampleTestName, Precision: 40, Workspace: 40
2026-04-30T12:31:30  Column: OuterLowerLimit, New Precision: 40, Old Precision: 30, Workspace: 40, Active Workspace: 200
2026-04-30T12:31:30  Updated 0 records in table DBColumns for ColumnID: 13100, Name: OuterLowerLimit, Precision: 40, Workspace: 40
2026-04-30T12:31:30  Column: UpperLimit, New Precision: 40, Old Precision: 30, Workspace: 40, Active Workspace: 200
2026-04-30T12:31:30  Updated 0 records in table DBColumns for ColumnID: 14366, Name: UpperLimit, Precision: 40, Workspace: 40
2026-04-30T12:31:30  Column: MinTimeColor, New Precision: 40, Old Precision: 30, Workspace: 40, Active Workspace: 200
2026-04-30T12:31:30  Updated 0 records in table DBColumns for ColumnID: 16490, Name: MinTimeColor, Precision: 40, Workspace: 40
2026-04-30T12:31:30  Column: OuterUpperLimit, New Precision: 40, Old Precision: 30, Workspace: 40, Active Workspace: 200
2026-04-30T12:31:30  Updated 0 records in table DBColumns for ColumnID: 13101, Name: OuterUpperLimit, Precision: 40, Workspace: 40
2026-04-30T12:31:30  Column: MinWarningTimeColor, New Precision: 40, Old Precision: 30, Workspace: 40, Active Workspace: 200
2026-04-30T12:31:30  Updated 0 records in table DBColumns for ColumnID: 16491, Name: MinWarningTimeColor, Precision: 40, Workspace: 40
2026-04-30T12:31:30  Column: LowerLimit, New Precision: 40, Old Precision: 30, Workspace: 40, Active Workspace: 200
2026-04-30T12:31:30  Updated 0 records in table DBColumns for ColumnID: 14364, Name: LowerLimit, Precision: 40, Workspace: 40
2026-04-30T12:31:30  Column: FailureActionTypeName, New Precision: 40, Old Precision: 30, Workspace: 40, Active Workspace: 200
2026-04-30T12:31:30  Updated 0 records in table DBColumns for ColumnID: 13752, Name: FailureActionTypeName, Precision: 40, Workspace: 40
2026-04-30T12:31:30  Column: ProcessTimerName, New Precision: 40, Old Precision: 30, Workspace: 40, Active Workspace: 200
2026-04-30T12:31:30  Updated 0 records in table DBColumns for ColumnID: 16493, Name: ProcessTimerName, Precision: 40, Workspace: 40
2026-04-30T12:31:30  Column: DataValue, New Precision: 40, Old Precision: 30, Workspace: 40, Active Workspace: 200
2026-04-30T12:31:30  Updated 0 records in table DBColumns for ColumnID: 14359, Name: DataValue, Precision: 40, Workspace: 40
2026-04-30T12:31:30  Column: DataPointName, New Precision: 40, Old Precision: 30, Workspace: 40, Active Workspace: 200
2026-04-30T12:31:30  Updated 0 records in table DBColumns for ColumnID: 13893, Name: DataPointName, Precision: 40, Workspace: 40
2026-04-30T12:31:30  Column: TargetSystemName, New Precision: 40, Old Precision: 30, Workspace: 40, Active Workspace: 200
2026-04-30T12:31:30  Updated 0 records in table DBColumns for ColumnID: 14866, Name: TargetSystemName, Precision: 40, Workspace: 40
2026-04-30T12:31:30  Column: ECO, New Precision: 40, Old Precision: 30, Workspace: 40, Active Workspace: 200
2026-04-30T12:31:30  Updated 0 records in table DBColumns for ColumnID: 12914, Name: ECO, Precision: 40, Workspace: 40
2026-04-30T12:31:30  Column: CamstarVersion, New Precision: 40, Old Precision: 30, Workspace: 40, Active Workspace: 200
2026-04-30T12:31:30  Updated 0 records in table DBColumns for ColumnID: 14384, Name: CamstarVersion, Precision: 40, Workspace: 40
2026-04-30T12:31:30  Column: AuthorName, New Precision: 40, Old Precision: 30, Workspace: 40, Active Workspace: 200
2026-04-30T12:31:30  Updated 0 records in table DBColumns for ColumnID: 14865, Name: AuthorName, Precision: 40, Workspace: 40
2026-04-30T12:31:30  Column: SourceSystemName, New Precision: 40, Old Precision: 30, Workspace: 40, Active Workspace: 200
2026-04-30T12:31:30  Updated 0 records in table DBColumns for ColumnID: 14777, Name: SourceSystemName, Precision: 40, Workspace: 40
2026-04-30T12:31:30  Column: SampleSize, New Precision: 40, Old Precision: 30, Workspace: 40, Active Workspace: 200
2026-04-30T12:31:30  Updated 0 records in table DBColumns for ColumnID: 14322, Name: SampleSize, Precision: 40, Workspace: 40
2026-04-30T12:31:30  Column: MDBVersion, New Precision: 40, Old Precision: 30, Workspace: 40, Active Workspace: 200
2026-04-30T12:31:30  Updated 0 records in table DBColumns for ColumnID: 14382, Name: MDBVersion, Precision: 40, Workspace: 40
2026-04-30T12:31:30  Column: ChecklistEntryName, New Precision: 40, Old Precision: 30, Workspace: 40, Active Workspace: 200
2026-04-30T12:31:30  Updated 0 records in table DBColumns for ColumnID: 12929, Name: ChecklistEntryName, Precision: 40, Workspace: 40
2026-04-30T12:31:30  Column: Administrator, New Precision: 40, Old Precision: 30, Workspace: 40, Active Workspace: 200
2026-04-30T12:31:30  Updated 0 records in table DBColumns for ColumnID: 14381, Name: Administrator, Precision: 40, Workspace: 40
2026-04-30T12:31:30  Column: FailureActionTypeGroupName, New Precision: 40, Old Precision: 30, Workspace: 40, Active Workspace: 200
2026-04-30T12:31:30  Updated 0 records in table DBColumns for ColumnID: 13761, Name: FailureActionTypeGroupName, Precision: 40, Workspace: 40
2026-04-30T12:31:30  Column: UIActionName, New Precision: 40, Old Precision: 30, Workspace: 40, Active Workspace: 200
2026-04-30T12:31:30  Updated 0 records in table DBColumns for ColumnID: 13502, Name: UIActionName, Precision: 40, Workspace: 40
2026-04-30T12:31:30  Column: ConditionParameter, New Precision: 40, Old Precision: 30, Workspace: 40, Active Workspace: 200
2026-04-30T12:31:30  Updated 0 records in table DBColumns for ColumnID: 13462, Name: ConditionParameter, Precision: 40, Workspace: 40
2026-04-30T12:31:30  Column: UOMName, New Precision: 40, Old Precision: 30, Workspace: 40, Active Workspace: 200
2026-04-30T12:31:30  Updated 0 records in table DBColumns for ColumnID: 12509, Name: UOMName, Precision: 40, Workspace: 40
2026-04-30T12:31:30  Column: ServerType, New Precision: 40, Old Precision: 30, Workspace: 40, Active Workspace: 200
2026-04-30T12:31:30  Updated 0 records in table DBColumns for ColumnID: 14380, Name: ServerType, Precision: 40, Workspace: 40
2026-04-30T12:31:30  Column: FactoryName, New Precision: 40, Old Precision: 30, Workspace: 40, Active Workspace: 200
2026-04-30T12:31:30  Updated 0 records in table DBColumns for ColumnID: 12510, Name: FactoryName, Precision: 40, Workspace: 40
2026-04-30T12:31:30  Column: UOMName, New Precision: 40, Old Precision: 30, Workspace: 40, Active Workspace: 200
2026-04-30T12:31:30  Updated 0 records in table DBColumns for ColumnID: 12597, Name: UOMName, Precision: 40, Workspace: 40
2026-04-30T12:31:30  Column: WorkcenterName, New Precision: 40, Old Precision: 30, Workspace: 40, Active Workspace: 200
2026-04-30T12:31:30  Updated 0 records in table DBColumns for ColumnID: 12511, Name: WorkcenterName, Precision: 40, Workspace: 40
2026-04-30T12:31:30  Column: Name, New Precision: 40, Old Precision: 30, Workspace: 40, Active Workspace: 200
2026-04-30T12:31:30  Updated 0 records in table DBColumns for ColumnID: 13094, Name: Name, Precision: 40, Workspace: 40
2026-04-30T12:31:30  Column: OperationName, New Precision: 40, Old Precision: 30, Workspace: 40, Active Workspace: 200
2026-04-30T12:31:30  Updated 0 records in table DBColumns for ColumnID: 12512, Name: OperationName, Precision: 40, Workspace: 40
2026-04-30T12:31:30  Column: UOMName, New Precision: 40, Old Precision: 30, Workspace: 40, Active Workspace: 200
2026-04-30T12:31:30  Updated 0 records in table DBColumns for ColumnID: 12513, Name: UOMName, Precision: 40, Workspace: 40
2026-04-30T12:31:30  Column: DelegationReasonCodeName, New Precision: 40, Old Precision: 30, Workspace: 40, Active Workspace: 200
2026-04-30T12:31:30  Updated 0 records in table DBColumns for ColumnID: 16476, Name: DelegationReasonCodeName, Precision: 40, Workspace: 40
2026-04-30T12:31:30  Column: FactoryName, New Precision: 40, Old Precision: 30, Workspace: 40, Active Workspace: 200
2026-04-30T12:31:30  Updated 0 records in table DBColumns for ColumnID: 12514, Name: FactoryName, Precision: 40, Workspace: 40
2026-04-30T12:31:30  Column: MfgLotName, New Precision: 40, Old Precision: 30, Workspace: 40, Active Workspace: 200
2026-04-30T12:31:30  Updated 0 records in table DBColumns for ColumnID: 15643, Name: MfgLotName, Precision: 40, Workspace: 40
2026-04-30T12:31:30  Column: SampleSizeCode, New Precision: 40, Old Precision: 30, Workspace: 40, Active Workspace: 200
2026-04-30T12:31:30  Updated 0 records in table DBColumns for ColumnID: 14126, Name: SampleSizeCode, Precision: 40, Workspace: 40
2026-04-30T12:31:30  Column: UserParm10, New Precision: 40, Old Precision: 30, Workspace: 40, Active Workspace: 200
2026-04-30T12:31:30  Updated 0 records in table DBColumns for ColumnID: 13311, Name: UserParm10, Precision: 40, Workspace: 40
2026-04-30T12:31:30  Column: AQLLevelName, New Precision: 40, Old Precision: 30, Workspace: 40, Active Workspace: 200
2026-04-30T12:31:30  Updated 0 records in table DBColumns for ColumnID: 14137, Name: AQLLevelName, Precision: 40, Workspace: 40
2026-04-30T12:31:30  Column: MinWarningTimeColor, New Precision: 40, Old Precision: 30, Workspace: 40, Active Workspace: 200
2026-04-30T12:31:30  Updated 0 records in table DBColumns for ColumnID: 16339, Name: MinWarningTimeColor, Precision: 40, Workspace: 40
2026-04-30T12:31:30  Column: ToStepName, New Precision: 40, Old Precision: 30, Workspace: 40, Active Workspace: 200
2026-04-30T12:31:30  Updated 0 records in table DBColumns for ColumnID: 16358, Name: ToStepName, Precision: 40, Workspace: 40
2026-04-30T12:31:30  Column: ResourceStatusModelName, New Precision: 40, Old Precision: 30, Workspace: 40, Active Workspace: 200
2026-04-30T12:31:30  Updated 0 records in table DBColumns for ColumnID: 13650, Name: ResourceStatusModelName, Precision: 40, Workspace: 40
2026-04-30T12:31:30  Column: ChangePackagePriorityName, New Precision: 40, Old Precision: 30, Workspace: 40, Active Workspace: 200
2026-04-30T12:31:30  Updated 0 records in table DBColumns for ColumnID: 14476, Name: ChangePackagePriorityName, Precision: 40, Workspace: 40
2026-04-30T12:31:30  Column: MasterDataCatalogDtlName, New Precision: 40, Old Precision: 30, Workspace: 40, Active Workspace: 200
2026-04-30T12:31:30  Updated 0 records in table DBColumns for ColumnID: 16253, Name: MasterDataCatalogDtlName, Precision: 40, Workspace: 40
2026-04-30T12:31:30  Column: ResourceTypeName, New Precision: 40, Old Precision: 30, Workspace: 40, Active Workspace: 200
2026-04-30T12:31:30  Updated 0 records in table DBColumns for ColumnID: 13668, Name: ResourceTypeName, Precision: 40, Workspace: 40
2026-04-30T12:31:30  Column: Icon, New Precision: 40, Old Precision: 30, Workspace: 40, Active Workspace: 200
2026-04-30T12:31:30  Updated 0 records in table DBColumns for ColumnID: 12865, Name: Icon, Precision: 40, Workspace: 40
2026-04-30T12:31:30  Column: ECOECN, New Precision: 40, Old Precision: 30, Workspace: 40, Active Workspace: 200
2026-04-30T12:31:30  Updated 0 records in table DBColumns for ColumnID: 14621, Name: ECOECN, Precision: 40, Workspace: 40
2026-04-30T12:31:30  Column: UserParm3, New Precision: 40, Old Precision: 30, Workspace: 40, Active Workspace: 200
2026-04-30T12:31:30  Updated 0 records in table DBColumns for ColumnID: 13299, Name: UserParm3, Precision: 40, Workspace: 40
2026-04-30T12:31:30  Column: BusinessProcessSpecName, New Precision: 40, Old Precision: 30, Workspace: 40, Active Workspace: 200
2026-04-30T12:31:30  Updated 0 records in table DBColumns for ColumnID: 14500, Name: BusinessProcessSpecName, Precision: 40, Workspace: 40
2026-04-30T12:31:30  Column: ResponseLabel, New Precision: 40, Old Precision: 30, Workspace: 40, Active Workspace: 200
2026-04-30T12:31:30  Updated 0 records in table DBColumns for ColumnID: 12895, Name: ResponseLabel, Precision: 40, Workspace: 40
2026-04-30T12:31:30  Column: ChangePackageName, New Precision: 40, Old Precision: 30, Workspace: 40, Active Workspace: 200
2026-04-30T12:31:30  Updated 0 records in table DBColumns for ColumnID: 14620, Name: ChangePackageName, Precision: 40, Workspace: 40
2026-04-30T12:31:30  Column: SamplingPlanName, New Precision: 40, Old Precision: 30, Workspace: 40, Active Workspace: 200
2026-04-30T12:31:31  Updated 0 records in table DBColumns for ColumnID: 14201, Name: SamplingPlanName, Precision: 40, Workspace: 40
2026-04-30T12:31:31  Column: ActionName, New Precision: 40, Old Precision: 30, Workspace: 40, Active Workspace: 200
2026-04-30T12:31:31  Updated 0 records in table DBColumns for ColumnID: 13350, Name: ActionName, Precision: 40, Workspace: 40
2026-04-30T12:31:31  Column: InnerLowerLimit, New Precision: 40, Old Precision: 30, Workspace: 40, Active Workspace: 200
2026-04-30T12:31:31  Updated 0 records in table DBColumns for ColumnID: 13049, Name: InnerLowerLimit, Precision: 40, Workspace: 40
2026-04-30T12:31:31  Column: MapItem, New Precision: 40, Old Precision: 30, Workspace: 40, Active Workspace: 200
2026-04-30T12:31:31  Updated 0 records in table DBColumns for ColumnID: 13577, Name: MapItem, Precision: 40, Workspace: 40
2026-04-30T12:31:31  Column: InspectionLevelName, New Precision: 40, Old Precision: 30, Workspace: 40, Active Workspace: 200
2026-04-30T12:31:31  Updated 0 records in table DBColumns for ColumnID: 14120, Name: InspectionLevelName, Precision: 40, Workspace: 40
2026-04-30T12:31:31  Column: ECO, New Precision: 40, Old Precision: 30, Workspace: 40, Active Workspace: 200
2026-04-30T12:31:31  Updated 0 records in table DBColumns for ColumnID: 14206, Name: ECO, Precision: 40, Workspace: 40
2026-04-30T12:31:31  Column: DocumentName, New Precision: 40, Old Precision: 30, Workspace: 40, Active Workspace: 200
2026-04-30T12:31:31  Updated 0 records in table DBColumns for ColumnID: 14845, Name: DocumentName, Precision: 40, Workspace: 40
2026-04-30T12:31:31  Column: UpperLimit, New Precision: 40, Old Precision: 30, Workspace: 40, Active Workspace: 200
2026-04-30T12:31:31  Updated 0 records in table DBColumns for ColumnID: 14160, Name: UpperLimit, Precision: 40, Workspace: 40
2026-04-30T12:31:31  Column: PreReqChangePkgs, New Precision: 40, Old Precision: 30, Workspace: 40, Active Workspace: 200
2026-04-30T12:31:31  Updated 0 records in table DBColumns for ColumnID: 16827, Name: PreReqChangePkgs, Precision: 40, Workspace: 40
2026-04-30T12:31:31  Column: ECO, New Precision: 40, Old Precision: 30, Workspace: 40, Active Workspace: 200
2026-04-30T12:31:31  Updated 0 records in table DBColumns for ColumnID: 14171, Name: ECO, Precision: 40, Workspace: 40
2026-04-30T12:31:31  Column: UserParm5, New Precision: 40, Old Precision: 30, Workspace: 40, Active Workspace: 200
2026-04-30T12:31:31  Updated 0 records in table DBColumns for ColumnID: 13301, Name: UserParm5, Precision: 40, Workspace: 40
2026-04-30T12:31:31  Column: DefaultValue, New Precision: 40, Old Precision: 30, Workspace: 40, Active Workspace: 200
2026-04-30T12:31:31  Updated 0 records in table DBColumns for ColumnID: 14162, Name: DefaultValue, Precision: 40, Workspace: 40
2026-04-30T12:31:31  Column: UserParm1, New Precision: 40, Old Precision: 30, Workspace: 40, Active Workspace: 200
2026-04-30T12:31:31  Updated 0 records in table DBColumns for ColumnID: 13297, Name: UserParm1, Precision: 40, Workspace: 40
2026-04-30T12:31:31  Column: LowerLimit, New Precision: 40, Old Precision: 30, Workspace: 40, Active Workspace: 200
2026-04-30T12:31:31  Updated 0 records in table DBColumns for ColumnID: 14157, Name: LowerLimit, Precision: 40, Workspace: 40
2026-04-30T12:31:31  Column: Lot, New Precision: 40, Old Precision: 30, Workspace: 40, Active Workspace: 200
2026-04-30T12:31:31  Updated 0 records in table DBColumns for ColumnID: 16862, Name: Lot, Precision: 40, Workspace: 40
2026-04-30T12:31:31  Column: WebPartName, New Precision: 40, Old Precision: 30, Workspace: 40, Active Workspace: 200
2026-04-30T12:31:31  Updated 0 records in table DBColumns for ColumnID: 13038, Name: WebPartName, Precision: 40, Workspace: 40
2026-04-30T12:31:31  Column: ChartType, New Precision: 40, Old Precision: 30, Workspace: 40, Active Workspace: 200
2026-04-30T12:31:31  Updated 0 records in table DBColumns for ColumnID: 13296, Name: ChartType, Precision: 40, Workspace: 40
2026-04-30T12:31:31  Column: SampleTestName, New Precision: 40, Old Precision: 30, Workspace: 40, Active Workspace: 200
2026-04-30T12:31:31  Updated 0 records in table DBColumns for ColumnID: 14166, Name: SampleTestName, Precision: 40, Workspace: 40
2026-04-30T12:31:31  Column: UserParm7, New Precision: 40, Old Precision: 30, Workspace: 40, Active Workspace: 200
2026-04-30T12:31:31  Updated 0 records in table DBColumns for ColumnID: 13303, Name: UserParm7, Precision: 40, Workspace: 40
2026-04-30T12:31:31  Column: MinTimeColor, New Precision: 40, Old Precision: 30, Workspace: 40, Active Workspace: 200
2026-04-30T12:31:31  Updated 0 records in table DBColumns for ColumnID: 16340, Name: MinTimeColor, Precision: 40, Workspace: 40
2026-04-30T12:31:31  Column: SPCChartDefName, New Precision: 40, Old Precision: 30, Workspace: 40, Active Workspace: 200
2026-04-30T12:31:31  Updated 0 records in table DBColumns for ColumnID: 13292, Name: SPCChartDefName, Precision: 40, Workspace: 40
2026-04-30T12:31:31  Column: UserParm8, New Precision: 40, Old Precision: 30, Workspace: 40, Active Workspace: 200
2026-04-30T12:31:31  Updated 0 records in table DBColumns for ColumnID: 13310, Name: UserParm8, Precision: 40, Workspace: 40
2026-04-30T12:31:31  Column: UserParm9, New Precision: 40, Old Precision: 30, Workspace: 40, Active Workspace: 200
2026-04-30T12:31:31  Updated 0 records in table DBColumns for ColumnID: 13305, Name: UserParm9, Precision: 40, Workspace: 40
2026-04-30T12:31:31  Column: MaxTimeColor, New Precision: 40, Old Precision: 30, Workspace: 40, Active Workspace: 200
2026-04-30T12:31:31  Updated 0 records in table DBColumns for ColumnID: 16342, Name: MaxTimeColor, Precision: 40, Workspace: 40
2026-04-30T12:31:31  Column: WorkflowStepName, New Precision: 40, Old Precision: 30, Workspace: 40, Active Workspace: 200
2026-04-30T12:31:31  Updated 0 records in table DBColumns for ColumnID: 13788, Name: WorkflowStepName, Precision: 40, Workspace: 40
2026-04-30T12:31:31  Column: UserParm2, New Precision: 40, Old Precision: 30, Workspace: 40, Active Workspace: 200
2026-04-30T12:31:31  Updated 0 records in table DBColumns for ColumnID: 13307, Name: UserParm2, Precision: 40, Workspace: 40
2026-04-30T12:31:31  Column: ECO, New Precision: 40, Old Precision: 30, Workspace: 40, Active Workspace: 200
2026-04-30T12:31:31  Updated 0 records in table DBColumns for ColumnID: 14146, Name: ECO, Precision: 40, Workspace: 40
2026-04-30T12:31:31  Column: MaxWarningTimeColor, New Precision: 40, Old Precision: 30, Workspace: 40, Active Workspace: 200
2026-04-30T12:31:31  Updated 0 records in table DBColumns for ColumnID: 16341, Name: MaxWarningTimeColor, Precision: 40, Workspace: 40
2026-04-30T12:31:31  Column: ChartVariable, New Precision: 40, Old Precision: 30, Workspace: 40, Active Workspace: 200
2026-04-30T12:31:31  Updated 0 records in table DBColumns for ColumnID: 13287, Name: ChartVariable, Precision: 40, Workspace: 40
2026-04-30T12:31:31  Column: UserParm4, New Precision: 40, Old Precision: 30, Workspace: 40, Active Workspace: 200
2026-04-30T12:31:31  Updated 0 records in table DBColumns for ColumnID: 13308, Name: UserParm4, Precision: 40, Workspace: 40
2026-04-30T12:31:31  Column: NotifVarName, New Precision: 40, Old Precision: 30, Workspace: 40, Active Workspace: 200
2026-04-30T12:31:31  Updated 0 records in table DBColumns for ColumnID: 12874, Name: NotifVarName, Precision: 40, Workspace: 40
2026-04-30T12:31:31  Column: UserParm6, New Precision: 40, Old Precision: 30, Workspace: 40, Active Workspace: 200
2026-04-30T12:31:31  Updated 0 records in table DBColumns for ColumnID: 13309, Name: UserParm6, Precision: 40, Workspace: 40
2026-04-30T12:31:31  Column: SampleDataPointName, New Precision: 40, Old Precision: 30, Workspace: 40, Active Workspace: 200
2026-04-30T12:31:31  Updated 0 records in table DBColumns for ColumnID: 14141, Name: SampleDataPointName, Precision: 40, Workspace: 40
2026-04-30T12:31:31  Column: FilterTagName, New Precision: 40, Old Precision: 30, Workspace: 40, Active Workspace: 200
2026-04-30T12:31:31  Updated 0 records in table DBColumns for ColumnID: 16814, Name: FilterTagName, Precision: 40, Workspace: 40
2026-04-30T12:31:31  Column: MasterDataCatalogName, New Precision: 40, Old Precision: 30, Workspace: 40, Active Workspace: 200
2026-04-30T12:31:31  Updated 0 records in table DBColumns for ColumnID: 16246, Name: MasterDataCatalogName, Precision: 40, Workspace: 40
2026-04-30T12:31:31  Column: DefinedMaxTime, New Precision: 40, Old Precision: 30, Workspace: 40, Active Workspace: 200
2026-04-30T12:31:31  Updated 0 records in table DBColumns for ColumnID: 16586, Name: DefinedMaxTime, Precision: 40, Workspace: 40
2026-04-30T12:31:31  Column: InnerUpperLimit, New Precision: 40, Old Precision: 30, Workspace: 40, Active Workspace: 200
2026-04-30T12:31:31  Updated 0 records in table DBColumns for ColumnID: 13050, Name: InnerUpperLimit, Precision: 40, Workspace: 40
2026-04-30T12:31:31  Column: Name, New Precision: 40, Old Precision: 30, Workspace: 40, Active Workspace: 200
2026-04-30T12:31:31  Updated 0 records in table DBColumns for ColumnID: 14456, Name: Name, Precision: 40, Workspace: 40
2026-04-30T12:31:31  Column: ReferencerId, New Precision: 40, Old Precision: 30, Workspace: 40, Active Workspace: 200
2026-04-30T12:31:31  Updated 0 records in table DBColumns for ColumnID: 16237, Name: ReferencerId, Precision: 40, Workspace: 40
2026-04-30T12:31:31  Column: InstanceName, New Precision: 40, Old Precision: 30, Workspace: 40, Active Workspace: 200
2026-04-30T12:31:31  Updated 0 records in table DBColumns for ColumnID: 14841, Name: InstanceName, Precision: 40, Workspace: 40
2026-04-30T12:31:31  Column: NonconformanceNumber, New Precision: 40, Old Precision: 30, Workspace: 40, Active Workspace: 200
2026-04-30T12:31:31  Updated 0 records in table DBColumns for ColumnID: 12825, Name: NonconformanceNumber, Precision: 40, Workspace: 40
2026-04-30T12:31:31  Column: ReferenceDesignator, New Precision: 40, Old Precision: 30, Workspace: 40, Active Workspace: 200
2026-04-30T12:31:31  Updated 0 records in table DBColumns for ColumnID: 13216, Name: ReferenceDesignator, Precision: 40, Workspace: 40
2026-04-30T12:31:31  Column: ProcessTimerName, New Precision: 40, Old Precision: 30, Workspace: 40, Active Workspace: 200
2026-04-30T12:31:31  Updated 0 records in table DBColumns for ColumnID: 16320, Name: ProcessTimerName, Precision: 40, Workspace: 40
2026-04-30T12:31:31  Column: WhereUsedConfigName, New Precision: 40, Old Precision: 30, Workspace: 40, Active Workspace: 200
2026-04-30T12:31:31  Updated 0 records in table DBColumns for ColumnID: 16223, Name: WhereUsedConfigName, Precision: 40, Workspace: 40
2026-04-30T12:31:31  Column: ChecklistTemplateName, New Precision: 40, Old Precision: 30, Workspace: 40, Active Workspace: 200
2026-04-30T12:31:31  Updated 0 records in table DBColumns for ColumnID: 12910, Name: ChecklistTemplateName, Precision: 40, Workspace: 40
2026-04-30T12:31:31  Column: OwnerName, New Precision: 40, Old Precision: 30, Workspace: 40, Active Workspace: 200
2026-04-30T12:31:31  Updated 0 records in table DBColumns for ColumnID: 14758, Name: OwnerName, Precision: 40, Workspace: 40
2026-04-30T12:31:31  Column: TimerCompletionStatusName, New Precision: 40, Old Precision: 30, Workspace: 40, Active Workspace: 200
2026-04-30T12:31:31  Updated 0 records in table DBColumns for ColumnID: 16529, Name: TimerCompletionStatusName, Precision: 40, Workspace: 40
2026-04-30T12:31:31  Column: SwitchingRuleName, New Precision: 40, Old Precision: 30, Workspace: 40, Active Workspace: 200
2026-04-30T12:31:31  Updated 0 records in table DBColumns for ColumnID: 14250, Name: SwitchingRuleName, Precision: 40, Workspace: 40
2026-04-30T12:31:31  Column: SummaryTableDefName, New Precision: 40, Old Precision: 30, Workspace: 40, Active Workspace: 200
2026-04-30T12:31:31  Updated 0 records in table DBColumns for ColumnID: 13397, Name: SummaryTableDefName, Precision: 40, Workspace: 40
2026-04-30T12:31:31  Column: ChangePackageReasonName, New Precision: 40, Old Precision: 30, Workspace: 40, Active Workspace: 200
2026-04-30T12:31:31  Updated 0 records in table DBColumns for ColumnID: 14450, Name: ChangePackageReasonName, Precision: 40, Workspace: 40
2026-04-30T12:31:31  Column: CommentTypeName, New Precision: 40, Old Precision: 30, Workspace: 40, Active Workspace: 200
2026-04-30T12:31:31  Updated 0 records in table DBColumns for ColumnID: 14071, Name: CommentTypeName, Precision: 40, Workspace: 40
2026-04-30T12:31:31  Column: OwnerRoleName, New Precision: 40, Old Precision: 30, Workspace: 40, Active Workspace: 200
2026-04-30T12:31:31  Updated 0 records in table DBColumns for ColumnID: 14759, Name: OwnerRoleName, Precision: 40, Workspace: 40
2026-04-30T12:31:31  Column: ECO, New Precision: 40, Old Precision: 30, Workspace: 40, Active Workspace: 200
2026-04-30T12:31:31  Updated 0 records in table DBColumns for ColumnID: 14255, Name: ECO, Precision: 40, Workspace: 40
2026-04-30T12:31:31  Column: DefinedMinTime, New Precision: 40, Old Precision: 30, Workspace: 40, Active Workspace: 200
2026-04-30T12:31:31  Updated 0 records in table DBColumns for ColumnID: 16587, Name: DefinedMinTime, Precision: 40, Workspace: 40
2026-04-30T12:31:31  Column: TimerCompletionStatusName, New Precision: 40, Old Precision: 30, Workspace: 40, Active Workspace: 200
2026-04-30T12:31:31  Updated 0 records in table DBColumns for ColumnID: 16528, Name: TimerCompletionStatusName, Precision: 40, Workspace: 40
2026-04-30T12:31:31  Column: ProcessTimerTypeName, New Precision: 40, Old Precision: 30, Workspace: 40, Active Workspace: 200
2026-04-30T12:31:31  Updated 0 records in table DBColumns for ColumnID: 16314, Name: ProcessTimerTypeName, Precision: 40, Workspace: 40
2026-04-30T12:31:31  Column: ChangePackageName, New Precision: 40, Old Precision: 30, Workspace: 40, Active Workspace: 200
2026-04-30T12:31:31  Updated 0 records in table DBColumns for ColumnID: 14598, Name: ChangePackageName, Precision: 40, Workspace: 40
2026-04-30T12:31:31  Column: TxnName, New Precision: 40, Old Precision: 30, Workspace: 40, Active Workspace: 200
2026-04-30T12:31:31  Updated 0 records in table DBColumns for ColumnID: 16384, Name: TxnName, Precision: 40, Workspace: 40
2026-04-30T12:31:31  Column: ObjectBaseColumn, New Precision: 40, Old Precision: 30, Workspace: 40, Active Workspace: 200
2026-04-30T12:31:31  Updated 0 records in table DBColumns for ColumnID: 16236, Name: ObjectBaseColumn, Precision: 40, Workspace: 40
2026-04-30T12:31:31  Column: ActionsMenuName, New Precision: 40, Old Precision: 30, Workspace: 40, Active Workspace: 200
2026-04-30T12:31:31  Updated 0 records in table DBColumns for ColumnID: 13245, Name: ActionsMenuName, Precision: 40, Workspace: 40
2026-04-30T12:31:31  Column: ObjectColumn, New Precision: 40, Old Precision: 30, Workspace: 40, Active Workspace: 200
2026-04-30T12:31:31  Updated 0 records in table DBColumns for ColumnID: 16235, Name: ObjectColumn, Precision: 40, Workspace: 40
2026-04-30T12:31:31  Column: ActionRuleName, New Precision: 40, Old Precision: 30, Workspace: 40, Active Workspace: 200
2026-04-30T12:31:31  Updated 0 records in table DBColumns for ColumnID: 13359, Name: ActionRuleName, Precision: 40, Workspace: 40
2026-04-30T12:31:31  Column: OuterLowerLimit, New Precision: 40, Old Precision: 30, Workspace: 40, Active Workspace: 200
2026-04-30T12:31:31  Updated 0 records in table DBColumns for ColumnID: 13051, Name: OuterLowerLimit, Precision: 40, Workspace: 40
2026-04-30T12:31:31  Column: DBTableName, New Precision: 40, Old Precision: 30, Workspace: 40, Active Workspace: 200
2026-04-30T12:31:31  Updated 0 records in table DBColumns for ColumnID: 16234, Name: DBTableName, Precision: 40, Workspace: 40
2026-04-30T12:31:31  Column: SourceMember, New Precision: 40, Old Precision: 30, Workspace: 40, Active Workspace: 200
2026-04-30T12:31:31  Updated 0 records in table DBColumns for ColumnID: 13576, Name: SourceMember, Precision: 40, Workspace: 40
2026-04-30T12:31:31  Column: PortalMessageCategoryName, New Precision: 40, Old Precision: 30, Workspace: 40, Active Workspace: 200
2026-04-30T12:31:31  Updated 0 records in table DBColumns for ColumnID: 12843, Name: PortalMessageCategoryName, Precision: 40, Workspace: 40
2026-04-30T12:31:31  Column: ECO, New Precision: 40, Old Precision: 30, Workspace: 40, Active Workspace: 200
2026-04-30T12:31:31  Updated 0 records in table DBColumns for ColumnID: 14504, Name: ECO, Precision: 40, Workspace: 40
2026-04-30T12:31:31  Column: ECO, New Precision: 40, Old Precision: 30, Workspace: 40, Active Workspace: 200
2026-04-30T12:31:31  Updated 0 records in table DBColumns for ColumnID: 16324, Name: ECO, Precision: 40, Workspace: 40
2026-04-30T12:31:31  Column: ChangePackageName, New Precision: 40, Old Precision: 30, Workspace: 40, Active Workspace: 200
2026-04-30T12:31:31  Updated 0 records in table DBColumns for ColumnID: 14605, Name: ChangePackageName, Precision: 40, Workspace: 40
2026-04-30T12:31:31  Column: MenuTabName, New Precision: 40, Old Precision: 30, Workspace: 40, Active Workspace: 200
2026-04-30T12:31:31  Updated 0 records in table DBColumns for ColumnID: 13379, Name: MenuTabName, Precision: 40, Workspace: 40
2026-04-30T12:31:31  Column: ECOECN, New Precision: 40, Old Precision: 30, Workspace: 40, Active Workspace: 200
2026-04-30T12:31:31  Updated 0 records in table DBColumns for ColumnID: 14459, Name: ECOECN, Precision: 40, Workspace: 40
2026-04-30T12:31:31  Column: OuterUpperLimit, New Precision: 40, Old Precision: 30, Workspace: 40, Active Workspace: 200
2026-04-30T12:31:31  Updated 0 records in table DBColumns for ColumnID: 13052, Name: OuterUpperLimit, Precision: 40, Workspace: 40
2026-04-30T12:31:31  Column: ECOECN, New Precision: 40, Old Precision: 30, Workspace: 40, Active Workspace: 200
2026-04-30T12:31:31  Updated 0 records in table DBColumns for ColumnID: 14606, Name: ECOECN, Precision: 40, Workspace: 40
2026-04-30T12:31:31  Column: Name, New Precision: 40, Old Precision: 30, Workspace: 40, Active Workspace: 200
2026-04-30T12:31:31  Updated 0 records in table DBColumns for ColumnID: 13575, Name: Name, Precision: 40, Workspace: 40
2026-04-30T12:31:31  Column: ResStatusReasonGroupName, New Precision: 40, Old Precision: 30, Workspace: 40, Active Workspace: 200
2026-04-30T12:31:31  Updated 0 records in table DBColumns for ColumnID: 13678, Name: ResStatusReasonGroupName, Precision: 40, Workspace: 40
2026-04-30T12:31:31  Column: TxnName, New Precision: 40, Old Precision: 30, Workspace: 40, Active Workspace: 200
2026-04-30T12:31:31  Updated 0 records in table DBColumns for ColumnID: 16385, Name: TxnName, Precision: 40, Workspace: 40
2026-04-30T12:31:31  Column: ResponseSetName, New Precision: 40, Old Precision: 30, Workspace: 40, Active Workspace: 200
2026-04-30T12:31:31  Updated 0 records in table DBColumns for ColumnID: 12904, Name: ResponseSetName, Precision: 40, Workspace: 40
2026-04-30T12:31:31  Column: ConditionalFunction, New Precision: 40, Old Precision: 30, Workspace: 40, Active Workspace: 200
2026-04-30T12:31:31  Updated 0 records in table DBColumns for ColumnID: 673186847, Name: ConditionalFunction, Precision: 40, Workspace: 40
2026-04-30T12:31:31  Column: CIOSubscriptResCnvtrItemName, New Precision: 40, Old Precision: 30, Workspace: 40, Active Workspace: 200
2026-04-30T12:31:31  Updated 0 records in table DBColumns for ColumnID: 673186850, Name: CIOSubscriptResCnvtrItemName, Precision: 40, Workspace: 40
2026-04-30T12:31:31  Column: CIODPTElementItemName, New Precision: 40, Old Precision: 30, Workspace: 40, Active Workspace: 200
2026-04-30T12:31:31  Updated 0 records in table DBColumns for ColumnID: 673186887, Name: CIODPTElementItemName, Precision: 40, Workspace: 40
2026-04-30T12:31:31  Column: CIODataPointTypeName, New Precision: 40, Old Precision: 30, Workspace: 40, Active Workspace: 200
2026-04-30T12:31:31  Updated 0 records in table DBColumns for ColumnID: 673186877, Name: CIODataPointTypeName, Precision: 40, Workspace: 40
2026-04-30T12:31:31  Column: Formatter, New Precision: 40, Old Precision: 30, Workspace: 40, Active Workspace: 200
2026-04-30T12:31:31  Updated 0 records in table DBColumns for ColumnID: 673186801, Name: Formatter, Precision: 40, Workspace: 40
2026-04-30T12:31:31  Column: CIOSubscriptionItemName, New Precision: 40, Old Precision: 30, Workspace: 40, Active Workspace: 200
2026-04-30T12:31:31  Updated 0 records in table DBColumns for ColumnID: 673186819, Name: CIOSubscriptionItemName, Precision: 40, Workspace: 40
2026-04-30T12:31:31  Column: LotList, New Precision: 40, Old Precision: 30, Workspace: 40, Active Workspace: 200
2026-04-30T12:31:31  Updated 0 records in table DBColumns for ColumnID: 17797, Name: LotList, Precision: 40, Workspace: 40
2026-04-30T12:31:31  Column: SignalRConfigurationName, New Precision: 40, Old Precision: 30, Workspace: 40, Active Workspace: 200
2026-04-30T12:31:31  Updated 0 records in table DBColumns for ColumnID: 17933, Name: SignalRConfigurationName, Precision: 40, Workspace: 40
2026-04-30T12:31:31  Column: PauseReasonName, New Precision: 40, Old Precision: 30, Workspace: 40, Active Workspace: 200
2026-04-30T12:31:31  Updated 0 records in table DBColumns for ColumnID: 18130, Name: PauseReasonName, Precision: 40, Workspace: 40
2026-04-30T12:31:31  Column: PauseReasonGroupName, New Precision: 40, Old Precision: 30, Workspace: 40, Active Workspace: 200
2026-04-30T12:31:31  Updated 0 records in table DBColumns for ColumnID: 18140, Name: PauseReasonGroupName, Precision: 40, Workspace: 40
2026-04-30T12:31:31  Column: ObjectTypeName, New Precision: 40, Old Precision: 30, Workspace: 40, Active Workspace: 200
2026-04-30T12:31:31  Updated 0 records in table DBColumns for ColumnID: 18192, Name: ObjectTypeName, Precision: 40, Workspace: 40
2026-04-30T12:31:31  Column: ObjectTypeName, New Precision: 40, Old Precision: 30, Workspace: 40, Active Workspace: 200
2026-04-30T12:31:31  Updated 0 records in table DBColumns for ColumnID: 18193, Name: ObjectTypeName, Precision: 40, Workspace: 40
2026-04-30T12:31:31  Column: ObjectTypeName, New Precision: 40, Old Precision: 30, Workspace: 40, Active Workspace: 200
2026-04-30T12:31:31  Updated 0 records in table DBColumns for ColumnID: 18194, Name: ObjectTypeName, Precision: 40, Workspace: 40
2026-04-30T12:31:31  Column: ObjectTypeName, New Precision: 40, Old Precision: 30, Workspace: 40, Active Workspace: 200
2026-04-30T12:31:31  Updated 0 records in table DBColumns for ColumnID: 18195, Name: ObjectTypeName, Precision: 40, Workspace: 40
2026-04-30T12:31:31  Column: ObjectTypeName, New Precision: 40, Old Precision: 30, Workspace: 40, Active Workspace: 200
2026-04-30T12:31:31  Updated 0 records in table DBColumns for ColumnID: 18196, Name: ObjectTypeName, Precision: 40, Workspace: 40
2026-04-30T12:31:31  Column: ObjectTypeName, New Precision: 40, Old Precision: 30, Workspace: 40, Active Workspace: 200
2026-04-30T12:31:31  Updated 0 records in table DBColumns for ColumnID: 18197, Name: ObjectTypeName, Precision: 40, Workspace: 40
2026-04-30T12:31:31  Column: IssueConditionName, New Precision: 40, Old Precision: 30, Workspace: 40, Active Workspace: 200
2026-04-30T12:31:31  Updated 0 records in table DBColumns for ColumnID: 17867, Name: IssueConditionName, Precision: 40, Workspace: 40
2026-04-30T12:31:31  Column: OperatorLogName, New Precision: 40, Old Precision: 30, Workspace: 40, Active Workspace: 200
2026-04-30T12:31:31  Updated 0 records in table DBColumns for ColumnID: 18218, Name: OperatorLogName, Precision: 40, Workspace: 40
2026-04-30T12:31:31  Column: TimeZone, New Precision: 40, Old Precision: 30, Workspace: 40, Active Workspace: 200
2026-04-30T12:31:31  Updated 0 records in table DBColumns for ColumnID: 17846, Name: TimeZone, Precision: 40, Workspace: 40
2026-04-30T12:31:31  Column: ObjectInstanceId, New Precision: 40, Old Precision: 30, Workspace: 40, Active Workspace: 200
2026-04-30T12:31:31  Updated 0 records in table DBColumns for ColumnID: 18226, Name: ObjectInstanceId, Precision: 40, Workspace: 40
2026-04-30T12:31:31  Column: XShareContainerType, New Precision: 40, Old Precision: 30, Workspace: 40, Active Workspace: 200
2026-04-30T12:31:31  Updated 0 records in table DBColumns for ColumnID: 673186934, Name: XShareContainerType, Precision: 40, Workspace: 40
2026-04-30T12:31:31  Column: Name, New Precision: 40, Old Precision: 30, Workspace: 40, Active Workspace: 200
2026-04-30T12:31:31  Updated 0 records in table DBColumns for ColumnID: 673186309, Name: Name, Precision: 40, Workspace: 40
2026-04-30T12:31:31  Column: Name, New Precision: 40, Old Precision: 30, Workspace: 40, Active Workspace: 200
2026-04-30T12:31:31  Updated 0 records in table DBColumns for ColumnID: 673186317, Name: Name, Precision: 40, Workspace: 40
2026-04-30T12:31:31  Column: CIODPElementItemName, New Precision: 40, Old Precision: 30, Workspace: 40, Active Workspace: 200
2026-04-30T12:31:31  Updated 0 records in table DBColumns for ColumnID: 673186905, Name: CIODPElementItemName, Precision: 40, Workspace: 40
2026-04-30T12:31:31  Column: CIODataPointInstanceName, New Precision: 40, Old Precision: 30, Workspace: 40, Active Workspace: 200
2026-04-30T12:31:31  Updated 0 records in table DBColumns for ColumnID: 673186896, Name: CIODataPointInstanceName, Precision: 40, Workspace: 40
2026-04-30T12:31:31  Column: LogEntryTypeGroupName, New Precision: 40, Old Precision: 30, Workspace: 40, Active Workspace: 200
2026-04-30T12:31:31  Updated 0 records in table DBColumns for ColumnID: 18207, Name: LogEntryTypeGroupName, Precision: 40, Workspace: 40
2026-04-30T12:31:31  Column: ExecutionTimeZone, New Precision: 40, Old Precision: 30, Workspace: 40, Active Workspace: 200
2026-04-30T12:31:31  Updated 0 records in table DBColumns for ColumnID: 17899, Name: ExecutionTimeZone, Precision: 40, Workspace: 40
2026-04-30T12:31:31  Column: ContainerAutoHoldReqName, New Precision: 40, Old Precision: 30, Workspace: 40, Active Workspace: 200
2026-04-30T12:31:31  Updated 0 records in table DBColumns for ColumnID: 17811, Name: ContainerAutoHoldReqName, Precision: 40, Workspace: 40
2026-04-30T12:31:31  Column: ContainerIdentifierRangeEnd, New Precision: 40, Old Precision: 30, Workspace: 40, Active Workspace: 200
2026-04-30T12:31:31  Updated 0 records in table DBColumns for ColumnID: 17812, Name: ContainerIdentifierRangeEnd, Precision: 40, Workspace: 40
2026-04-30T12:31:31  Column: ContainerIdentifierRangeStart, New Precision: 40, Old Precision: 30, Workspace: 40, Active Workspace: 200
2026-04-30T12:31:31  Updated 0 records in table DBColumns for ColumnID: 17813, Name: ContainerIdentifierRangeStart, Precision: 40, Workspace: 40
2026-04-30T12:31:31  Column: ContainerList, New Precision: 40, Old Precision: 30, Workspace: 40, Active Workspace: 200
2026-04-30T12:31:31  Updated 0 records in table DBColumns for ColumnID: 17819, Name: ContainerList, Precision: 40, Workspace: 40
2026-04-30T12:31:31  Column: CIOListProcessorName, New Precision: 40, Old Precision: 30, Workspace: 40, Active Workspace: 200
2026-04-30T12:31:31  Updated 0 records in table DBColumns for ColumnID: 673186515, Name: CIOListProcessorName, Precision: 40, Workspace: 40
2026-04-30T12:31:31  Column: LogEntryTypeName, New Precision: 40, Old Precision: 30, Workspace: 40, Active Workspace: 200
2026-04-30T12:31:31  Updated 0 records in table DBColumns for ColumnID: 18247, Name: LogEntryTypeName, Precision: 40, Workspace: 40
2026-04-30T12:31:31  Column: EmployeeName, New Precision: 40, Old Precision: 30, Workspace: 40, Active Workspace: 200
2026-04-30T12:31:31  Updated 0 records in table DBColumns for ColumnID: 18265, Name: EmployeeName, Precision: 40, Workspace: 40
2026-04-30T12:31:31  Column: LogEntryTypeName, New Precision: 40, Old Precision: 30, Workspace: 40, Active Workspace: 200
2026-04-30T12:31:31  Updated 0 records in table DBColumns for ColumnID: 18268, Name: LogEntryTypeName, Precision: 40, Workspace: 40
2026-04-30T12:31:31  Column: OperatorLogName, New Precision: 40, Old Precision: 30, Workspace: 40, Active Workspace: 200
2026-04-30T12:31:31  Updated 0 records in table DBColumns for ColumnID: 18270, Name: OperatorLogName, Precision: 40, Workspace: 40
2026-04-30T12:31:31  Column: CIOFunctionName, New Precision: 40, Old Precision: 30, Workspace: 40, Active Workspace: 200
2026-04-30T12:31:31  Updated 0 records in table DBColumns for ColumnID: 673185801, Name: CIOFunctionName, Precision: 40, Workspace: 40
2026-04-30T12:31:31  Column: CIODataElementName, New Precision: 40, Old Precision: 30, Workspace: 40, Active Workspace: 200
2026-04-30T12:31:31  Updated 0 records in table DBColumns for ColumnID: 673186657, Name: CIODataElementName, Precision: 40, Workspace: 40
2026-04-30T12:31:31  Column: CIOMapFunctionsName, New Precision: 40, Old Precision: 30, Workspace: 40, Active Workspace: 200
2026-04-30T12:31:31  Updated 0 records in table DBColumns for ColumnID: 673185838, Name: CIOMapFunctionsName, Precision: 40, Workspace: 40
2026-04-30T12:31:31  Column: ECO, New Precision: 40, Old Precision: 30, Workspace: 40, Active Workspace: 200
2026-04-30T12:31:31  Updated 0 records in table DBColumns for ColumnID: 673185847, Name: ECO, Precision: 40, Workspace: 40
2026-04-30T12:31:31  Column: CIOMessageMapName, New Precision: 40, Old Precision: 30, Workspace: 40, Active Workspace: 200
2026-04-30T12:31:31  Updated 0 records in table DBColumns for ColumnID: 673185865, Name: CIOMessageMapName, Precision: 40, Workspace: 40
2026-04-30T12:31:31  Column: ECO, New Precision: 40, Old Precision: 30, Workspace: 40, Active Workspace: 200
2026-04-30T12:31:31  Updated 0 records in table DBColumns for ColumnID: 673185870, Name: ECO, Precision: 40, Workspace: 40
2026-04-30T12:31:31  Column: CIOTestObjectName, New Precision: 40, Old Precision: 30, Workspace: 40, Active Workspace: 200
2026-04-30T12:31:31  Updated 0 records in table DBColumns for ColumnID: 673186558, Name: CIOTestObjectName, Precision: 40, Workspace: 40
2026-04-30T12:31:31  Column: CIOTemplateName, New Precision: 40, Old Precision: 30, Workspace: 40, Active Workspace: 200
2026-04-30T12:31:31  Updated 0 records in table DBColumns for ColumnID: 673185886, Name: CIOTemplateName, Precision: 40, Workspace: 40
2026-04-30T12:31:31  Column: CIOChannelSourceName, New Precision: 40, Old Precision: 30, Workspace: 40, Active Workspace: 200
2026-04-30T12:31:31  Updated 0 records in table DBColumns for ColumnID: 673185898, Name: CIOChannelSourceName, Precision: 40, Workspace: 40
2026-04-30T12:31:31  Column: CIOListProcessorDetailsName, New Precision: 40, Old Precision: 30, Workspace: 40, Active Workspace: 200
2026-04-30T12:31:31  Updated 0 records in table DBColumns for ColumnID: 673186538, Name: CIOListProcessorDetailsName, Precision: 40, Workspace: 40
2026-04-30T12:31:31  Column: ChannelSourceName, New Precision: 40, Old Precision: 30, Workspace: 40, Active Workspace: 200
2026-04-30T12:31:31  Updated 0 records in table DBColumns for ColumnID: 673186628, Name: ChannelSourceName, Precision: 40, Workspace: 40
2026-04-30T12:31:31  Column: CIOChannelAdapterName, New Precision: 40, Old Precision: 30, Workspace: 40, Active Workspace: 200
2026-04-30T12:31:31  Updated 0 records in table DBColumns for ColumnID: 673185928, Name: CIOChannelAdapterName, Precision: 40, Workspace: 40
2026-04-30T12:31:31  Column: ECO, New Precision: 40, Old Precision: 30, Workspace: 40, Active Workspace: 200
2026-04-30T12:31:31  Updated 0 records in table DBColumns for ColumnID: 673186519, Name: ECO, Precision: 40, Workspace: 40
2026-04-30T12:31:31  Column: ECO, New Precision: 40, Old Precision: 30, Workspace: 40, Active Workspace: 200
2026-04-30T12:31:31  Updated 0 records in table DBColumns for ColumnID: 673186284, Name: ECO, Precision: 40, Workspace: 40
2026-04-30T12:31:31  Column: CIOWorkflowName, New Precision: 40, Old Precision: 30, Workspace: 40, Active Workspace: 200
2026-04-30T12:31:31  Updated 0 records in table DBColumns for ColumnID: 673186279, Name: CIOWorkflowName, Precision: 40, Workspace: 40
2026-04-30T12:31:31  Column: CIODispatchRuleName, New Precision: 40, Old Precision: 30, Workspace: 40, Active Workspace: 200
2026-04-30T12:31:31  Updated 0 records in table DBColumns for ColumnID: 673186118, Name: CIODispatchRuleName, Precision: 40, Workspace: 40
2026-04-30T12:31:31  Column: CIODataHubSubscriptionName, New Precision: 40, Old Precision: 30, Workspace: 40, Active Workspace: 200
2026-04-30T12:31:31  Updated 0 records in table DBColumns for ColumnID: 673186259, Name: CIODataHubSubscriptionName, Precision: 40, Workspace: 40
2026-04-30T12:31:31  Column: CIOFilterName, New Precision: 40, Old Precision: 30, Workspace: 40, Active Workspace: 200
2026-04-30T12:31:31  Updated 0 records in table DBColumns for ColumnID: 673186137, Name: CIOFilterName, Precision: 40, Workspace: 40
2026-04-30T12:31:31  Column: CIOMessageTypeName, New Precision: 40, Old Precision: 30, Workspace: 40, Active Workspace: 200
2026-04-30T12:31:31  Updated 0 records in table DBColumns for ColumnID: 673186093, Name: CIOMessageTypeName, Precision: 40, Workspace: 40
2026-04-30T12:31:31  Column: CIOSMSEntryName, New Precision: 40, Old Precision: 30, Workspace: 40, Active Workspace: 200
2026-04-30T12:31:31  Updated 0 records in table DBColumns for ColumnID: 673186155, Name: CIOSMSEntryName, Precision: 40, Workspace: 40
2026-04-30T12:31:31  Column: CIOBindingName, New Precision: 40, Old Precision: 30, Workspace: 40, Active Workspace: 200
2026-04-30T12:31:31  Updated 0 records in table DBColumns for ColumnID: 673186349, Name: CIOBindingName, Precision: 40, Workspace: 40
2026-04-30T12:31:31  Column: CIOAttributeName, New Precision: 40, Old Precision: 30, Workspace: 40, Active Workspace: 200
2026-04-30T12:31:31  Updated 0 records in table DBColumns for ColumnID: 673186221, Name: CIOAttributeName, Precision: 40, Workspace: 40
2026-04-30T12:31:31  Column: CIODetailSectionName, New Precision: 40, Old Precision: 30, Workspace: 40, Active Workspace: 200
2026-04-30T12:31:31  Updated 0 records in table DBColumns for ColumnID: 673186169, Name: CIODetailSectionName, Precision: 40, Workspace: 40
2026-04-30T12:31:31  Column: CIODefQueryParameterName, New Precision: 40, Old Precision: 30, Workspace: 40, Active Workspace: 200
2026-04-30T12:31:31  Updated 0 records in table DBColumns for ColumnID: 673186214, Name: CIODefQueryParameterName, Precision: 40, Workspace: 40
2026-04-30T12:31:31  Column: ElementName, New Precision: 40, Old Precision: 30, Workspace: 40, Active Workspace: 200
2026-04-30T12:31:31  Updated 0 records in table DBColumns for ColumnID: 673186174, Name: ElementName, Precision: 40, Workspace: 40
2026-04-30T12:31:31  Column: PhoneNumber, New Precision: 40, Old Precision: 30, Workspace: 40, Active Workspace: 200
2026-04-30T12:31:31  Updated 0 records in table DBColumns for ColumnID: 673186210, Name: PhoneNumber, Precision: 40, Workspace: 40
2026-04-30T12:31:31  Column: CIOHeaderSectionName, New Precision: 40, Old Precision: 30, Workspace: 40, Active Workspace: 200
2026-04-30T12:31:31  Updated 0 records in table DBColumns for ColumnID: 673186178, Name: CIOHeaderSectionName, Precision: 40, Workspace: 40
2026-04-30T12:31:31  Column: CIOPhoneNumberName, New Precision: 40, Old Precision: 30, Workspace: 40, Active Workspace: 200
2026-04-30T12:31:31  Updated 0 records in table DBColumns for ColumnID: 673186207, Name: CIOPhoneNumberName, Precision: 40, Workspace: 40
2026-04-30T12:31:31  Column: CIOFunctionItemName, New Precision: 40, Old Precision: 30, Workspace: 40, Active Workspace: 200
2026-04-30T12:31:31  Updated 0 records in table DBColumns for ColumnID: 673186187, Name: CIOFunctionItemName, Precision: 40, Workspace: 40
2026-04-30T12:31:31  Column: CIOSystemDispatchRuleName, New Precision: 40, Old Precision: 30, Workspace: 40, Active Workspace: 200
2026-04-30T12:31:31  Updated 0 records in table DBColumns for ColumnID: 673186149, Name: CIOSystemDispatchRuleName, Precision: 40, Workspace: 40
2026-04-30T12:31:31  Column: PlugInKind, New Precision: 40, Old Precision: 30, Workspace: 40, Active Workspace: 200
2026-04-30T12:31:31  Updated 0 records in table DBColumns for ColumnID: 673186000, Name: PlugInKind, Precision: 40, Workspace: 40
2026-04-30T12:31:31  Column: DomainName, New Precision: 40, Old Precision: 30, Workspace: 40, Active Workspace: 200
2026-04-30T12:31:31  Updated 0 records in table DBColumns for ColumnID: 673185934, Name: DomainName, Precision: 40, Workspace: 40
2026-04-30T12:31:31  Column: Delimiters, New Precision: 40, Old Precision: 30, Workspace: 40, Active Workspace: 200
2026-04-30T12:31:31  Updated 0 records in table DBColumns for ColumnID: 673185945, Name: Delimiters, Precision: 40, Workspace: 40
2026-04-30T12:31:31  Column: CIOPlugInParametersName, New Precision: 40, Old Precision: 30, Workspace: 40, Active Workspace: 200
2026-04-30T12:31:31  Updated 0 records in table DBColumns for ColumnID: 673186495, Name: CIOPlugInParametersName, Precision: 40, Workspace: 40
2026-04-30T12:31:31  Column: TagDataParameterName, New Precision: 40, Old Precision: 30, Workspace: 40, Active Workspace: 200
2026-04-30T12:31:32  Updated 0 records in table DBColumns for ColumnID: 673186486, Name: TagDataParameterName, Precision: 40, Workspace: 40
2026-04-30T12:31:32  Column: TextQualifier, New Precision: 40, Old Precision: 30, Workspace: 40, Active Workspace: 200
2026-04-30T12:31:32  Updated 0 records in table DBColumns for ColumnID: 673185962, Name: TextQualifier, Precision: 40, Workspace: 40
2026-04-30T12:31:32  Column: RequestIdParameterName, New Precision: 40, Old Precision: 30, Workspace: 40, Active Workspace: 200
2026-04-30T12:31:32  Updated 0 records in table DBColumns for ColumnID: 673186477, Name: RequestIdParameterName, Precision: 40, Workspace: 40
2026-04-30T12:31:32  Column: GatewayPhoneNumber, New Precision: 40, Old Precision: 30, Workspace: 40, Active Workspace: 200
2026-04-30T12:31:32  Updated 0 records in table DBColumns for ColumnID: 673185968, Name: GatewayPhoneNumber, Precision: 40, Workspace: 40
2026-04-30T12:31:32  Column: MessageTypeParameterName, New Precision: 40, Old Precision: 30, Workspace: 40, Active Workspace: 200
2026-04-30T12:31:32  Updated 0 records in table DBColumns for ColumnID: 673186468, Name: MessageTypeParameterName, Precision: 40, Workspace: 40
2026-04-30T12:31:32  Column: MessageNameParameterName, New Precision: 40, Old Precision: 30, Workspace: 40, Active Workspace: 200
2026-04-30T12:31:32  Updated 0 records in table DBColumns for ColumnID: 673186459, Name: MessageNameParameterName, Precision: 40, Workspace: 40
2026-04-30T12:31:32  Column: CIOBufferName, New Precision: 40, Old Precision: 30, Workspace: 40, Active Workspace: 200
2026-04-30T12:31:32  Updated 0 records in table DBColumns for ColumnID: 673186336, Name: CIOBufferName, Precision: 40, Workspace: 40
2026-04-30T12:31:32  Column: SendResponseMsgParamsName, New Precision: 40, Old Precision: 30, Workspace: 40, Active Workspace: 200
2026-04-30T12:31:32  Updated 0 records in table DBColumns for ColumnID: 673186441, Name: SendResponseMsgParamsName, Precision: 40, Workspace: 40
2026-04-30T12:31:32  Column: AdapterKind, New Precision: 40, Old Precision: 30, Workspace: 40, Active Workspace: 200
2026-04-30T12:31:32  Updated 0 records in table DBColumns for ColumnID: 673186004, Name: AdapterKind, Precision: 40, Workspace: 40
2026-04-30T12:31:32  Column: SendOutboundMsgParamsName, New Precision: 40, Old Precision: 30, Workspace: 40, Active Workspace: 200
2026-04-30T12:31:32  Updated 0 records in table DBColumns for ColumnID: 673186432, Name: SendOutboundMsgParamsName, Precision: 40, Workspace: 40
2026-04-30T12:31:32  Column: InboundMsgRcvdParamsName, New Precision: 40, Old Precision: 30, Workspace: 40, Active Workspace: 200
2026-04-30T12:31:32  Updated 0 records in table DBColumns for ColumnID: 673186423, Name: InboundMsgRcvdParamsName, Precision: 40, Workspace: 40
2026-04-30T12:31:32  Column: DisconnectAdapterParamsName, New Precision: 40, Old Precision: 30, Workspace: 40, Active Workspace: 200
2026-04-30T12:31:32  Updated 0 records in table DBColumns for ColumnID: 673186414, Name: DisconnectAdapterParamsName, Precision: 40, Workspace: 40
2026-04-30T12:31:32  Column: CIOMessageChannelName, New Precision: 40, Old Precision: 30, Workspace: 40, Active Workspace: 200
2026-04-30T12:31:32  Updated 0 records in table DBColumns for ColumnID: 673186033, Name: CIOMessageChannelName, Precision: 40, Workspace: 40
2026-04-30T12:31:32  Column: CheckInboundMsgParamsName, New Precision: 40, Old Precision: 30, Workspace: 40, Active Workspace: 200
2026-04-30T12:31:32  Updated 0 records in table DBColumns for ColumnID: 673186405, Name: CheckInboundMsgParamsName, Precision: 40, Workspace: 40
2026-04-30T12:31:32  Column: ConnectAdapterParamsName, New Precision: 40, Old Precision: 30, Workspace: 40, Active Workspace: 200
2026-04-30T12:31:32  Updated 0 records in table DBColumns for ColumnID: 673186396, Name: ConnectAdapterParamsName, Precision: 40, Workspace: 40
2026-04-30T12:31:32  Column: CIOCamstarConnectionName, New Precision: 40, Old Precision: 30, Workspace: 40, Active Workspace: 200
2026-04-30T12:31:32  Updated 0 records in table DBColumns for ColumnID: 673186047, Name: CIOCamstarConnectionName, Precision: 40, Workspace: 40
2026-04-30T12:31:32  Column: CIOStoredProcParamName, New Precision: 40, Old Precision: 30, Workspace: 40, Active Workspace: 200
2026-04-30T12:31:32  Updated 0 records in table DBColumns for ColumnID: 673186387, Name: CIOStoredProcParamName, Precision: 40, Workspace: 40
2026-04-30T12:31:32  Column: CIOSettingsName, New Precision: 40, Old Precision: 30, Workspace: 40, Active Workspace: 200
2026-04-30T12:31:32  Updated 0 records in table DBColumns for ColumnID: 673186058, Name: CIOSettingsName, Precision: 40, Workspace: 40
2026-04-30T12:31:32  Column: WakeUpAdapterParamsName, New Precision: 40, Old Precision: 30, Workspace: 40, Active Workspace: 200
2026-04-30T12:31:32  Updated 0 records in table DBColumns for ColumnID: 673186450, Name: WakeUpAdapterParamsName, Precision: 40, Workspace: 40
2026-04-30T12:31:32  Column: MessagePriority, New Precision: 40, Old Precision: 30, Workspace: 40, Active Workspace: 200
2026-04-30T12:31:32  Updated 0 records in table DBColumns for ColumnID: 673186793, Name: MessagePriority, Precision: 40, Workspace: 40
2026-04-30T12:31:32  Column: ExpressSubmitConfiguration, New Precision: 40, Old Precision: 30, Workspace: 40, Active Workspace: 200
2026-04-30T12:31:32  Updated 0 records in table DBColumns for ColumnID: 673186724, Name: ExpressSubmitConfiguration, Precision: 40, Workspace: 40
2026-04-30T12:31:32  Column: cioQueryPortalPageName, New Precision: 40, Old Precision: 30, Workspace: 40, Active Workspace: 200
2026-04-30T12:31:32  Updated 0 records in table DBColumns for ColumnID: 673186720, Name: cioQueryPortalPageName, Precision: 40, Workspace: 40
2026-04-30T12:31:32  Column: CIODataHandlerName, New Precision: 40, Old Precision: 30, Workspace: 40, Active Workspace: 200
2026-04-30T12:31:32  Updated 0 records in table DBColumns for ColumnID: 673186751, Name: CIODataHandlerName, Precision: 40, Workspace: 40
2026-04-30T12:31:32  Column: cioQPPQueryName, New Precision: 40, Old Precision: 30, Workspace: 40, Active Workspace: 200
2026-04-30T12:31:32  Updated 0 records in table DBColumns for ColumnID: 673186708, Name: cioQPPQueryName, Precision: 40, Workspace: 40
2026-04-30T12:31:32  Column: CIOTestObjDetailsName, New Precision: 40, Old Precision: 30, Workspace: 40, Active Workspace: 200
2026-04-30T12:31:32  Updated 0 records in table DBColumns for ColumnID: 673186740, Name: CIOTestObjDetailsName, Precision: 40, Workspace: 40
2026-04-30T12:31:32  Column: SRCLevel, New Precision: 40, Old Precision: 30, Workspace: 40, Active Workspace: 200
2026-04-30T12:31:32  Updated 0 records in table DBColumns for ColumnID: 17402, Name: SRCLevel, Precision: 40, Workspace: 40
2026-04-30T12:31:32  Column: XShareContainerType, New Precision: 40, Old Precision: 30, Workspace: 40, Active Workspace: 200
2026-04-30T12:31:32  Updated 0 records in table DBColumns for ColumnID: 17407, Name: XShareContainerType, Precision: 40, Workspace: 40
2026-04-30T12:31:32  Column: ReprintReasonName, New Precision: 40, Old Precision: 30, Workspace: 40, Active Workspace: 200
2026-04-30T12:31:32  Updated 0 records in table DBColumns for ColumnID: 17421, Name: ReprintReasonName, Precision: 40, Workspace: 40
2026-04-30T12:31:32  Column: OriginalValue, New Precision: 40, Old Precision: 30, Workspace: 40, Active Workspace: 200
2026-04-30T12:31:32  Updated 0 records in table DBColumns for ColumnID: 17456, Name: OriginalValue, Precision: 40, Workspace: 40
2026-04-30T12:31:32  Column: EnteredQty, New Precision: 40, Old Precision: 30, Workspace: 40, Active Workspace: 200
2026-04-30T12:31:32  Updated 0 records in table DBColumns for ColumnID: 17526, Name: EnteredQty, Precision: 40, Workspace: 40
2026-04-30T12:31:32  Column: EnteredQty2, New Precision: 40, Old Precision: 30, Workspace: 40, Active Workspace: 200
2026-04-30T12:31:32  Updated 0 records in table DBColumns for ColumnID: 17527, Name: EnteredQty2, Precision: 40, Workspace: 40
2026-04-30T12:31:32  Column: SchedulingOperation, New Precision: 40, Old Precision: 30, Workspace: 40, Active Workspace: 200
2026-04-30T12:31:32  Updated 0 records in table DBColumns for ColumnID: 17423, Name: SchedulingOperation, Precision: 40, Workspace: 40
2026-04-30T12:31:32  Column: SchedulingRouteName, New Precision: 40, Old Precision: 30, Workspace: 40, Active Workspace: 200
2026-04-30T12:31:32  Updated 0 records in table DBColumns for ColumnID: 17429, Name: SchedulingRouteName, Precision: 40, Workspace: 40
2026-04-30T12:31:32  Column: ECO, New Precision: 40, Old Precision: 30, Workspace: 40, Active Workspace: 200
2026-04-30T12:31:32  Updated 0 records in table DBColumns for ColumnID: 17433, Name: ECO, Precision: 40, Workspace: 40
2026-04-30T12:31:32  Column: ERPItem, New Precision: 40, Old Precision: 30, Workspace: 40, Active Workspace: 200
2026-04-30T12:31:32  Updated 0 records in table DBColumns for ColumnID: 17444, Name: ERPItem, Precision: 40, Workspace: 40
2026-04-30T12:31:32  Column: KPITimeframeName, New Precision: 40, Old Precision: 30, Workspace: 40, Active Workspace: 200
2026-04-30T12:31:32  Updated 0 records in table DBColumns for ColumnID: 17269, Name: KPITimeframeName, Precision: 40, Workspace: 40
2026-04-30T12:31:32  Column: SPCRuleViolationName, New Precision: 40, Old Precision: 30, Workspace: 40, Active Workspace: 200
2026-04-30T12:31:32  Updated 0 records in table DBColumns for ColumnID: 17207, Name: SPCRuleViolationName, Precision: 40, Workspace: 40
2026-04-30T12:31:32  Column: ApolloIcon, New Precision: 40, Old Precision: 30, Workspace: 40, Active Workspace: 200
2026-04-30T12:31:32  Updated 0 records in table DBColumns for ColumnID: 16939, Name: ApolloIcon, Precision: 40, Workspace: 40
2026-04-30T12:31:32  Column: Terminator, New Precision: 40, Old Precision: 30, Workspace: 40, Active Workspace: 200
2026-04-30T12:31:32  Updated 0 records in table DBColumns for ColumnID: 17002, Name: Terminator, Precision: 40, Workspace: 40
2026-04-30T12:31:32  Column: Preamble, New Precision: 40, Old Precision: 30, Workspace: 40, Active Workspace: 200
2026-04-30T12:31:32  Updated 0 records in table DBColumns for ColumnID: 17001, Name: Preamble, Precision: 40, Workspace: 40
2026-04-30T12:31:32  Column: SmartScanRuleName, New Precision: 40, Old Precision: 30, Workspace: 40, Active Workspace: 200
2026-04-30T12:31:32  Updated 0 records in table DBColumns for ColumnID: 17000, Name: SmartScanRuleName, Precision: 40, Workspace: 40
2026-04-30T12:31:32  Column: IPAddress, New Precision: 40, Old Precision: 30, Workspace: 40, Active Workspace: 200
2026-04-30T12:31:32  Updated 0 records in table DBColumns for ColumnID: 16978, Name: IPAddress, Precision: 40, Workspace: 40
2026-04-30T12:31:32  Column: TerminalName, New Precision: 40, Old Precision: 30, Workspace: 40, Active Workspace: 200
2026-04-30T12:31:32  Updated 0 records in table DBColumns for ColumnID: 16977, Name: TerminalName, Precision: 40, Workspace: 40
2026-04-30T12:31:32  Column: SidebarCSS, New Precision: 40, Old Precision: 30, Workspace: 40, Active Workspace: 200
2026-04-30T12:31:32  Updated 0 records in table DBColumns for ColumnID: 16940, Name: SidebarCSS, Precision: 40, Workspace: 40
2026-04-30T12:31:32  Column: Name, New Precision: 40, Old Precision: 30, Workspace: 40, Active Workspace: 200
2026-04-30T12:31:32  Updated 0 records in table DBColumns for ColumnID: 17174, Name: Name, Precision: 40, Workspace: 40
2026-04-30T12:31:32  Column: ShopFloorSettingsName, New Precision: 40, Old Precision: 30, Workspace: 40, Active Workspace: 200
2026-04-30T12:31:32  Updated 0 records in table DBColumns for ColumnID: 17359, Name: ShopFloorSettingsName, Precision: 40, Workspace: 40
2026-04-30T12:31:32  Column: KPIMatrixName, New Precision: 40, Old Precision: 30, Workspace: 40, Active Workspace: 200
2026-04-30T12:31:32  Updated 0 records in table DBColumns for ColumnID: 17299, Name: KPIMatrixName, Precision: 40, Workspace: 40
2026-04-30T12:31:32  Column: BooleanTrue, New Precision: 40, Old Precision: 30, Workspace: 40, Active Workspace: 200
2026-04-30T12:31:32  Updated 0 records in table DBColumns for ColumnID: 16926, Name: BooleanTrue, Precision: 40, Workspace: 40
2026-04-30T12:31:32  Column: EnteredQtyRemoved, New Precision: 40, Old Precision: 30, Workspace: 40, Active Workspace: 200
2026-04-30T12:31:32  Updated 0 records in table DBColumns for ColumnID: 17602, Name: EnteredQtyRemoved, Precision: 40, Workspace: 40
2026-04-30T12:31:32  Column: ECO, New Precision: 40, Old Precision: 30, Workspace: 40, Active Workspace: 200
2026-04-30T12:31:32  Updated 0 records in table DBColumns for ColumnID: 17621, Name: ECO, Precision: 40, Workspace: 40
2026-04-30T12:31:32  Column: ReferenceDesignator, New Precision: 40, Old Precision: 30, Workspace: 40, Active Workspace: 200
2026-04-30T12:31:32  Updated 0 records in table DBColumns for ColumnID: 17595, Name: ReferenceDesignator, Precision: 40, Workspace: 40
2026-04-30T12:31:32  Column: ColumnName, New Precision: 40, Old Precision: 30, Workspace: 40, Active Workspace: 200
2026-04-30T12:31:32  Updated 0 records in table DBColumns for ColumnID: 17539, Name: ColumnName, Precision: 40, Workspace: 40
2026-04-30T12:31:32  Column: EnteredQty2Removed, New Precision: 40, Old Precision: 30, Workspace: 40, Active Workspace: 200
2026-04-30T12:31:32  Updated 0 records in table DBColumns for ColumnID: 17601, Name: EnteredQty2Removed, Precision: 40, Workspace: 40
2026-04-30T12:31:32  Column: EnteredQtyRemoved, New Precision: 40, Old Precision: 30, Workspace: 40, Active Workspace: 200
2026-04-30T12:31:32  Updated 0 records in table DBColumns for ColumnID: 17600, Name: EnteredQtyRemoved, Precision: 40, Workspace: 40
2026-04-30T12:31:32  Column: EnteredQty, New Precision: 40, Old Precision: 30, Workspace: 40, Active Workspace: 200
2026-04-30T12:31:32  Updated 0 records in table DBColumns for ColumnID: 17546, Name: EnteredQty, Precision: 40, Workspace: 40
2026-04-30T12:31:32  Column: MaterialListItemId, New Precision: 40, Old Precision: 30, Workspace: 40, Active Workspace: 200
2026-04-30T12:31:32  Updated 0 records in table DBColumns for ColumnID: 17568, Name: MaterialListItemId, Precision: 40, Workspace: 40
2026-04-30T12:31:32  Column: DestinationStockPoint, New Precision: 40, Old Precision: 30, Workspace: 40, Active Workspace: 200
2026-04-30T12:31:32  Updated 0 records in table DBColumns for ColumnID: 17590, Name: DestinationStockPoint, Precision: 40, Workspace: 40
2026-04-30T12:31:32  Column: DestinationLot, New Precision: 40, Old Precision: 30, Workspace: 40, Active Workspace: 200
2026-04-30T12:31:32  Updated 0 records in table DBColumns for ColumnID: 17589, Name: DestinationLot, Precision: 40, Workspace: 40
2026-04-30T12:31:32  Column: MfgOrderTaskStatusName, New Precision: 40, Old Precision: 30, Workspace: 40, Active Workspace: 200
2026-04-30T12:31:32  Updated 0 records in table DBColumns for ColumnID: 17700, Name: MfgOrderTaskStatusName, Precision: 40, Workspace: 40
2026-04-30T12:31:32  Column: ECO, New Precision: 40, Old Precision: 30, Workspace: 40, Active Workspace: 200
2026-04-30T12:31:32  Updated 0 records in table DBColumns for ColumnID: 17649, Name: ECO, Precision: 40, Workspace: 40
2026-04-30T12:31:32  Column: MfgOrderProcedureName, New Precision: 40, Old Precision: 30, Workspace: 40, Active Workspace: 200
2026-04-30T12:31:32  Updated 0 records in table DBColumns for ColumnID: 17639, Name: MfgOrderProcedureName, Precision: 40, Workspace: 40
2026-04-30T12:31:32  Column: MfgOrderTaskListName, New Precision: 40, Old Precision: 30, Workspace: 40, Active Workspace: 200
2026-04-30T12:31:32  Updated 0 records in table DBColumns for ColumnID: 17645, Name: MfgOrderTaskListName, Precision: 40, Workspace: 40
2026-04-30T12:31:32  Column: EnteredQty2Issued, New Precision: 40, Old Precision: 30, Workspace: 40, Active Workspace: 200
2026-04-30T12:31:32  Updated 0 records in table DBColumns for ColumnID: 17528, Name: EnteredQty2Issued, Precision: 40, Workspace: 40
2026-04-30T12:31:32  Column: EnteredQtyIssued, New Precision: 40, Old Precision: 30, Workspace: 40, Active Workspace: 200
2026-04-30T12:31:32  Updated 0 records in table DBColumns for ColumnID: 17529, Name: EnteredQtyIssued, Precision: 40, Workspace: 40
2026-04-30T12:31:32  Column: MaterialListItemId, New Precision: 40, Old Precision: 30, Workspace: 40, Active Workspace: 200
2026-04-30T12:31:32  Updated 0 records in table DBColumns for ColumnID: 17593, Name: MaterialListItemId, Precision: 40, Workspace: 40
2026-04-30T12:31:32  Column: BooleanFalse, New Precision: 40, Old Precision: 30, Workspace: 40, Active Workspace: 200
2026-04-30T12:31:32  Updated 0 records in table DBColumns for ColumnID: 16925, Name: BooleanFalse, Precision: 40, Workspace: 40
2026-04-30T12:31:32  Column: LabelText, New Precision: 40, Old Precision: 30, Workspace: 40, Active Workspace: 200
2026-04-30T12:31:32  Updated 0 records in table DBColumns for ColumnID: 17538, Name: LabelText, Precision: 40, Workspace: 40
2026-04-30T12:31:32  Column: Name, New Precision: 40, Old Precision: 30, Workspace: 40, Active Workspace: 200
2026-04-30T12:31:32  Updated 0 records in table DBColumns for ColumnID: 17769, Name: Name, Precision: 40, Workspace: 40
2026-04-30T12:31:32  Column: ReplaceReasonName, New Precision: 40, Old Precision: 30, Workspace: 40, Active Workspace: 200
2026-04-30T12:31:32  Updated 0 records in table DBColumns for ColumnID: 16920, Name: ReplaceReasonName, Precision: 40, Workspace: 40
2026-04-30T12:31:32  Column: EnteredUserName, New Precision: 40, Old Precision: 30, Workspace: 40, Active Workspace: 200
2026-04-30T12:31:32  Updated 0 records in table DBColumns for ColumnID: 7410, Name: EnteredUserName, Precision: 40, Workspace: 40
2026-04-30T12:31:32  Column: ReworkReasonGroupName, New Precision: 40, Old Precision: 30, Workspace: 40, Active Workspace: 200
2026-04-30T12:31:32  Updated 0 records in table DBColumns for ColumnID: 6158, Name: ReworkReasonGroupName, Precision: 40, Workspace: 40
2026-04-30T12:31:32  Column: LocationName, New Precision: 40, Old Precision: 30, Workspace: 40, Active Workspace: 200
2026-04-30T12:31:32  Updated 0 records in table DBColumns for ColumnID: 3234, Name: LocationName, Precision: 40, Workspace: 40
2026-04-30T12:31:32  Column: PathName, New Precision: 40, Old Precision: 30, Workspace: 40, Active Workspace: 200
2026-04-30T12:31:32  Updated 0 records in table DBColumns for ColumnID: 3284, Name: PathName, Precision: 40, Workspace: 40
2026-04-30T12:31:32  Column: Shortcut, New Precision: 40, Old Precision: 30, Workspace: 40, Active Workspace: 200
2026-04-30T12:31:32  Updated 0 records in table DBColumns for ColumnID: 7292, Name: Shortcut, Precision: 40, Workspace: 40
2026-04-30T12:31:32  Column: ContainerGroupName, New Precision: 40, Old Precision: 30, Workspace: 40, Active Workspace: 200
2026-04-30T12:31:32  Updated 0 records in table DBColumns for ColumnID: 5671, Name: ContainerGroupName, Precision: 40, Workspace: 40
2026-04-30T12:31:32  Column: WorkflowName, New Precision: 40, Old Precision: 30, Workspace: 40, Active Workspace: 200
2026-04-30T12:31:32  Updated 0 records in table DBColumns for ColumnID: 2694, Name: WorkflowName, Precision: 40, Workspace: 40
2026-04-30T12:31:32  Column: ProductOptionName, New Precision: 40, Old Precision: 30, Workspace: 40, Active Workspace: 200
2026-04-30T12:31:32  Updated 0 records in table DBColumns for ColumnID: 3313, Name: ProductOptionName, Precision: 40, Workspace: 40
2026-04-30T12:31:32  Column: ComponentDefectReasonName, New Precision: 40, Old Precision: 30, Workspace: 40, Active Workspace: 200
2026-04-30T12:31:32  Updated 0 records in table DBColumns for ColumnID: 6828, Name: ComponentDefectReasonName, Precision: 40, Workspace: 40
2026-04-30T12:31:32  Column: SalesOrderName, New Precision: 40, Old Precision: 30, Workspace: 40, Active Workspace: 200
2026-04-30T12:31:32  Updated 0 records in table DBColumns for ColumnID: 2713, Name: SalesOrderName, Precision: 40, Workspace: 40
2026-04-30T12:31:32  Column: DestinationLot, New Precision: 40, Old Precision: 30, Workspace: 40, Active Workspace: 200
2026-04-30T12:31:32  Updated 0 records in table DBColumns for ColumnID: 7475, Name: DestinationLot, Precision: 40, Workspace: 40
2026-04-30T12:31:32  Column: ESigReqDetailName, New Precision: 40, Old Precision: 30, Workspace: 40, Active Workspace: 200
2026-04-30T12:31:32  Updated 0 records in table DBColumns for ColumnID: 8603, Name: ESigReqDetailName, Precision: 40, Workspace: 40
2026-04-30T12:31:32  Column: ProcessingGateName, New Precision: 40, Old Precision: 30, Workspace: 40, Active Workspace: 200
2026-04-30T12:31:32  Updated 0 records in table DBColumns for ColumnID: 3197, Name: ProcessingGateName, Precision: 40, Workspace: 40
2026-04-30T12:31:32  Column: ResourceGroupName, New Precision: 40, Old Precision: 30, Workspace: 40, Active Workspace: 200
2026-04-30T12:31:32  Updated 0 records in table DBColumns for ColumnID: 5721, Name: ResourceGroupName, Precision: 40, Workspace: 40
2026-04-30T12:31:32  Column: LocalReworkReasonGroupName, New Precision: 40, Old Precision: 30, Workspace: 40, Active Workspace: 200
2026-04-30T12:31:32  Updated 0 records in table DBColumns for ColumnID: 6094, Name: LocalReworkReasonGroupName, Precision: 40, Workspace: 40
2026-04-30T12:31:32  Column: EMailProfile, New Precision: 40, Old Precision: 30, Workspace: 40, Active Workspace: 200
2026-04-30T12:31:32  Updated 0 records in table DBColumns for ColumnID: 7420, Name: EMailProfile, Precision: 40, Workspace: 40
2026-04-30T12:31:32  Column: MenuDefinitionName, New Precision: 40, Old Precision: 30, Workspace: 40, Active Workspace: 200
2026-04-30T12:31:32  Updated 0 records in table DBColumns for ColumnID: 7272, Name: MenuDefinitionName, Precision: 40, Workspace: 40
2026-04-30T12:31:32  Column: ESigRequirementName, New Precision: 40, Old Precision: 30, Workspace: 40, Active Workspace: 200
2026-04-30T12:31:32  Updated 0 records in table DBColumns for ColumnID: 8617, Name: ESigRequirementName, Precision: 40, Workspace: 40
2026-04-30T12:31:32  Column: NamedObjectGroupName, New Precision: 40, Old Precision: 30, Workspace: 40, Active Workspace: 200
2026-04-30T12:31:32  Updated 0 records in table DBColumns for ColumnID: 5696, Name: NamedObjectGroupName, Precision: 40, Workspace: 40
2026-04-30T12:31:32  Column: TextVariableName, New Precision: 40, Old Precision: 30, Workspace: 40, Active Workspace: 200
2026-04-30T12:31:32  Updated 0 records in table DBColumns for ColumnID: 2779, Name: TextVariableName, Precision: 40, Workspace: 40
2026-04-30T12:31:32  Column: LossReasonGroupName, New Precision: 40, Old Precision: 30, Workspace: 40, Active Workspace: 200
2026-04-30T12:31:32  Updated 0 records in table DBColumns for ColumnID: 6120, Name: LossReasonGroupName, Precision: 40, Workspace: 40
2026-04-30T12:31:32  Column: StartReasonName, New Precision: 40, Old Precision: 30, Workspace: 40, Active Workspace: 200
2026-04-30T12:31:32  Updated 0 records in table DBColumns for ColumnID: 2828, Name: StartReasonName, Precision: 40, Workspace: 40
2026-04-30T12:31:32  Column: ResourceStatusCodeName, New Precision: 40, Old Precision: 30, Workspace: 40, Active Workspace: 200
2026-04-30T12:31:32  Updated 0 records in table DBColumns for ColumnID: 5557, Name: ResourceStatusCodeName, Precision: 40, Workspace: 40
2026-04-30T12:31:32  Column: SpecName, New Precision: 40, Old Precision: 30, Workspace: 40, Active Workspace: 200
2026-04-30T12:31:32  Updated 0 records in table DBColumns for ColumnID: 2675, Name: SpecName, Precision: 40, Workspace: 40
2026-04-30T12:31:32  Column: ShipmentDestinationGrpName, New Precision: 40, Old Precision: 30, Workspace: 40, Active Workspace: 200
2026-04-30T12:31:32  Updated 0 records in table DBColumns for ColumnID: 8534, Name: ShipmentDestinationGrpName, Precision: 40, Workspace: 40
2026-04-30T12:31:32  Column: ResourceStatusReasonName, New Precision: 40, Old Precision: 30, Workspace: 40, Active Workspace: 200
2026-04-30T12:31:32  Updated 0 records in table DBColumns for ColumnID: 5570, Name: ResourceStatusReasonName, Precision: 40, Workspace: 40
2026-04-30T12:31:32  Column: ResourceName, New Precision: 40, Old Precision: 30, Workspace: 40, Active Workspace: 200
2026-04-30T12:31:32  Updated 0 records in table DBColumns for ColumnID: 2531, Name: ResourceName, Precision: 40, Workspace: 40
2026-04-30T12:31:32  Column: DispatchRuleName, New Precision: 40, Old Precision: 30, Workspace: 40, Active Workspace: 200
2026-04-30T12:31:32  Updated 0 records in table DBColumns for ColumnID: 8681, Name: DispatchRuleName, Precision: 40, Workspace: 40
2026-04-30T12:31:32  Column: FromLot, New Precision: 40, Old Precision: 30, Workspace: 40, Active Workspace: 200
2026-04-30T12:31:32  Updated 0 records in table DBColumns for ColumnID: 7470, Name: FromLot, Precision: 40, Workspace: 40
2026-04-30T12:31:32  Column: FromStockPoint, New Precision: 40, Old Precision: 30, Workspace: 40, Active Workspace: 200
2026-04-30T12:31:32  Updated 0 records in table DBColumns for ColumnID: 7471, Name: FromStockPoint, Precision: 40, Workspace: 40
2026-04-30T12:31:32  Column: ReleaseReasonName, New Precision: 40, Old Precision: 30, Workspace: 40, Active Workspace: 200
2026-04-30T12:31:32  Updated 0 records in table DBColumns for ColumnID: 8671, Name: ReleaseReasonName, Precision: 40, Workspace: 40
2026-04-30T12:31:32  Column: ShippingReasonGroupName, New Precision: 40, Old Precision: 30, Workspace: 40, Active Workspace: 200
2026-04-30T12:31:32  Updated 0 records in table DBColumns for ColumnID: 6208, Name: ShippingReasonGroupName, Precision: 40, Workspace: 40
2026-04-30T12:31:32  Column: SetupName, New Precision: 40, Old Precision: 30, Workspace: 40, Active Workspace: 200
2026-04-30T12:31:32  Updated 0 records in table DBColumns for ColumnID: 2656, Name: SetupName, Precision: 40, Workspace: 40
2026-04-30T12:31:32  Column: SellReasonName, New Precision: 40, Old Precision: 30, Workspace: 40, Active Workspace: 200
2026-04-30T12:31:32  Updated 0 records in table DBColumns for ColumnID: 5586, Name: SellReasonName, Precision: 40, Workspace: 40
2026-04-30T12:31:32  Column: HistoryViewName, New Precision: 40, Old Precision: 30, Workspace: 40, Active Workspace: 200
2026-04-30T12:31:32  Updated 0 records in table DBColumns for ColumnID: 8293, Name: HistoryViewName, Precision: 40, Workspace: 40
2026-04-30T12:31:32  Column: ScrapReasonName, New Precision: 40, Old Precision: 30, Workspace: 40, Active Workspace: 200
2026-04-30T12:31:32  Updated 0 records in table DBColumns for ColumnID: 5578, Name: ScrapReasonName, Precision: 40, Workspace: 40
2026-04-30T12:31:32  Column: HoldReasonName, New Precision: 40, Old Precision: 30, Workspace: 40, Active Workspace: 200
2026-04-30T12:31:32  Updated 0 records in table DBColumns for ColumnID: 2843, Name: HoldReasonName, Precision: 40, Workspace: 40
2026-04-30T12:31:32  Column: DocumentName, New Precision: 40, Old Precision: 30, Workspace: 40, Active Workspace: 200
2026-04-30T12:31:32  Updated 0 records in table DBColumns for ColumnID: 2580, Name: DocumentName, Precision: 40, Workspace: 40
2026-04-30T12:31:32  Column: UIPreferenceName, New Precision: 40, Old Precision: 30, Workspace: 40, Active Workspace: 200
2026-04-30T12:31:32  Updated 0 records in table DBColumns for ColumnID: 8302, Name: UIPreferenceName, Precision: 40, Workspace: 40
2026-04-30T12:31:32  Column: BinName, New Precision: 40, Old Precision: 30, Workspace: 40, Active Workspace: 200
2026-04-30T12:31:32  Updated 0 records in table DBColumns for ColumnID: 3080, Name: BinName, Precision: 40, Workspace: 40
2026-04-30T12:31:32  Column: RemoveDifferenceReasonName, New Precision: 40, Old Precision: 30, Workspace: 40, Active Workspace: 200
2026-04-30T12:31:32  Updated 0 records in table DBColumns for ColumnID: 7101, Name: RemoveDifferenceReasonName, Precision: 40, Workspace: 40
2026-04-30T12:31:32  Column: DefaultStockPoint, New Precision: 40, Old Precision: 30, Workspace: 40, Active Workspace: 200
2026-04-30T12:31:32  Updated 0 records in table DBColumns for ColumnID: 8514, Name: DefaultStockPoint, Precision: 40, Workspace: 40
2026-04-30T12:31:32  Column: DefaultStockPoint, New Precision: 40, Old Precision: 30, Workspace: 40, Active Workspace: 200
2026-04-30T12:31:32  Updated 0 records in table DBColumns for ColumnID: 8513, Name: DefaultStockPoint, Precision: 40, Workspace: 40
2026-04-30T12:31:32  Column: DefaultLot, New Precision: 40, Old Precision: 30, Workspace: 40, Active Workspace: 200
2026-04-30T12:31:32  Updated 0 records in table DBColumns for ColumnID: 8508, Name: DefaultLot, Precision: 40, Workspace: 40
2026-04-30T12:31:32  Column: DefaultPutawayStockPoint, New Precision: 40, Old Precision: 30, Workspace: 40, Active Workspace: 200
2026-04-30T12:31:32  Updated 0 records in table DBColumns for ColumnID: 8501, Name: DefaultPutawayStockPoint, Precision: 40, Workspace: 40
2026-04-30T12:31:32  Column: RemovalReasonName, New Precision: 40, Old Precision: 30, Workspace: 40, Active Workspace: 200
2026-04-30T12:31:32  Updated 0 records in table DBColumns for ColumnID: 7043, Name: RemovalReasonName, Precision: 40, Workspace: 40
2026-04-30T12:31:32  Column: DefaultStockPoint, New Precision: 40, Old Precision: 30, Workspace: 40, Active Workspace: 200
2026-04-30T12:31:32  Updated 0 records in table DBColumns for ColumnID: 8515, Name: DefaultStockPoint, Precision: 40, Workspace: 40
2026-04-30T12:31:32  Column: ESigMeaningName, New Precision: 40, Old Precision: 30, Workspace: 40, Active Workspace: 200
2026-04-30T12:31:32  Updated 0 records in table DBColumns for ColumnID: 8557, Name: ESigMeaningName, Precision: 40, Workspace: 40
2026-04-30T12:31:32  Column: CustomerName, New Precision: 40, Old Precision: 30, Workspace: 40, Active Workspace: 200
2026-04-30T12:31:32  Updated 0 records in table DBColumns for ColumnID: 5940, Name: CustomerName, Precision: 40, Workspace: 40
2026-04-30T12:31:32  Column: ProductVariation, New Precision: 40, Old Precision: 30, Workspace: 40, Active Workspace: 200
2026-04-30T12:31:32  Updated 0 records in table DBColumns for ColumnID: 8491, Name: ProductVariation, Precision: 40, Workspace: 40
2026-04-30T12:31:32  Column: OrderStatusName, New Precision: 40, Old Precision: 30, Workspace: 40, Active Workspace: 200
2026-04-30T12:31:32  Updated 0 records in table DBColumns for ColumnID: 8488, Name: OrderStatusName, Precision: 40, Workspace: 40
2026-04-30T12:31:32  Column: WorkCenterName, New Precision: 40, Old Precision: 30, Workspace: 40, Active Workspace: 200
2026-04-30T12:31:32  Updated 0 records in table DBColumns for ColumnID: 2894, Name: WorkCenterName, Precision: 40, Workspace: 40
2026-04-30T12:31:32  Column: ErrorMsgName, New Precision: 40, Old Precision: 30, Workspace: 40, Active Workspace: 200
2026-04-30T12:31:32  Updated 0 records in table DBColumns for ColumnID: 5849, Name: ErrorMsgName, Precision: 40, Workspace: 40
2026-04-30T12:31:32  Column: OrderTypeName, New Precision: 40, Old Precision: 30, Workspace: 40, Active Workspace: 200
2026-04-30T12:31:32  Updated 0 records in table DBColumns for ColumnID: 8479, Name: OrderTypeName, Precision: 40, Workspace: 40
2026-04-30T12:31:32  Column: SubFactory, New Precision: 40, Old Precision: 30, Workspace: 40, Active Workspace: 200
2026-04-30T12:31:32  Updated 0 records in table DBColumns for ColumnID: 8496, Name: SubFactory, Precision: 40, Workspace: 40
2026-04-30T12:31:32  Column: ERPLineItem, New Precision: 40, Old Precision: 30, Workspace: 40, Active Workspace: 200
2026-04-30T12:31:32  Updated 0 records in table DBColumns for ColumnID: 8520, Name: ERPLineItem, Precision: 40, Workspace: 40
2026-04-30T12:31:32  Column: DomainName, New Precision: 40, Old Precision: 30, Workspace: 40, Active Workspace: 200
2026-04-30T12:31:32  Updated 0 records in table DBColumns for ColumnID: 8525, Name: DomainName, Precision: 40, Workspace: 40
2026-04-30T12:31:32  Column: SubFactory, New Precision: 40, Old Precision: 30, Workspace: 40, Active Workspace: 200
2026-04-30T12:31:32  Updated 0 records in table DBColumns for ColumnID: 8524, Name: SubFactory, Precision: 40, Workspace: 40
2026-04-30T12:31:32  Column: SubFactory, New Precision: 40, Old Precision: 30, Workspace: 40, Active Workspace: 200
2026-04-30T12:31:32  Updated 0 records in table DBColumns for ColumnID: 8523, Name: SubFactory, Precision: 40, Workspace: 40
2026-04-30T12:31:32  Column: SubFactory, New Precision: 40, Old Precision: 30, Workspace: 40, Active Workspace: 200
2026-04-30T12:31:32  Updated 0 records in table DBColumns for ColumnID: 8522, Name: SubFactory, Precision: 40, Workspace: 40
2026-04-30T12:31:32  Column: Company, New Precision: 40, Old Precision: 30, Workspace: 40, Active Workspace: 200
2026-04-30T12:31:32  Updated 0 records in table DBColumns for ColumnID: 5941, Name: Company, Precision: 40, Workspace: 40
2026-04-30T12:31:32  Column: ERPLineItem, New Precision: 40, Old Precision: 30, Workspace: 40, Active Workspace: 200
2026-04-30T12:31:32  Updated 0 records in table DBColumns for ColumnID: 8521, Name: ERPLineItem, Precision: 40, Workspace: 40
2026-04-30T12:31:32  Column: ReferenceDesignator, New Precision: 40, Old Precision: 30, Workspace: 40, Active Workspace: 200
2026-04-30T12:31:32  Updated 0 records in table DBColumns for ColumnID: 7107, Name: ReferenceDesignator, Precision: 40, Workspace: 40
2026-04-30T12:31:32  Column: CompDefectReasonGroupName, New Precision: 40, Old Precision: 30, Workspace: 40, Active Workspace: 200
2026-04-30T12:31:32  Updated 0 records in table DBColumns for ColumnID: 6928, Name: CompDefectReasonGroupName, Precision: 40, Workspace: 40
2026-04-30T12:31:32  Column: ERPLineItem, New Precision: 40, Old Precision: 30, Workspace: 40, Active Workspace: 200
2026-04-30T12:31:32  Updated 0 records in table DBColumns for ColumnID: 8519, Name: ERPLineItem, Precision: 40, Workspace: 40
2026-04-30T12:31:32  Column: DefaultLot, New Precision: 40, Old Precision: 30, Workspace: 40, Active Workspace: 200
2026-04-30T12:31:32  Updated 0 records in table DBColumns for ColumnID: 8518, Name: DefaultLot, Precision: 40, Workspace: 40
2026-04-30T12:31:32  Column: WorkflowStepName, New Precision: 40, Old Precision: 30, Workspace: 40, Active Workspace: 200
2026-04-30T12:31:32  Updated 0 records in table DBColumns for ColumnID: 5901, Name: WorkflowStepName, Precision: 40, Workspace: 40
2026-04-30T12:31:32  Column: DefaultLot, New Precision: 40, Old Precision: 30, Workspace: 40, Active Workspace: 200
2026-04-30T12:31:32  Updated 0 records in table DBColumns for ColumnID: 8517, Name: DefaultLot, Precision: 40, Workspace: 40
2026-04-30T12:31:32  Column: DefaultLot, New Precision: 40, Old Precision: 30, Workspace: 40, Active Workspace: 200
2026-04-30T12:31:32  Updated 0 records in table DBColumns for ColumnID: 8516, Name: DefaultLot, Precision: 40, Workspace: 40
2026-04-30T12:31:32  Column: OwnerName, New Precision: 40, Old Precision: 30, Workspace: 40, Active Workspace: 200
2026-04-30T12:31:32  Updated 0 records in table DBColumns for ColumnID: 2850, Name: OwnerName, Precision: 40, Workspace: 40
2026-04-30T12:31:32  Column: UserCodeGroupName, New Precision: 40, Old Precision: 30, Workspace: 40, Active Workspace: 200
2026-04-30T12:31:32  Updated 0 records in table DBColumns for ColumnID: 6000, Name: UserCodeGroupName, Precision: 40, Workspace: 40
2026-04-30T12:31:32  Column: PriorityCodeName, New Precision: 40, Old Precision: 30, Workspace: 40, Active Workspace: 200
2026-04-30T12:31:32  Updated 0 records in table DBColumns for ColumnID: 2865, Name: PriorityCodeName, Precision: 40, Workspace: 40
2026-04-30T12:31:32  Column: SellReasonGroupName, New Precision: 40, Old Precision: 30, Workspace: 40, Active Workspace: 200
2026-04-30T12:31:32  Updated 0 records in table DBColumns for ColumnID: 7200, Name: SellReasonGroupName, Precision: 40, Workspace: 40
2026-04-30T12:31:32  Column: CollectionGateName, New Precision: 40, Old Precision: 30, Workspace: 40, Active Workspace: 200
2026-04-30T12:31:32  Updated 0 records in table DBColumns for ColumnID: 3169, Name: CollectionGateName, Precision: 40, Workspace: 40
2026-04-30T12:31:32  Column: QtyAdjustGroupName, New Precision: 40, Old Precision: 30, Workspace: 40, Active Workspace: 200
2026-04-30T12:31:32  Updated 0 records in table DBColumns for ColumnID: 7182, Name: QtyAdjustGroupName, Precision: 40, Workspace: 40
2026-04-30T12:31:32  Column: BonusReasonGroupName, New Precision: 40, Old Precision: 30, Workspace: 40, Active Workspace: 200
2026-04-30T12:31:32  Updated 0 records in table DBColumns for ColumnID: 6018, Name: BonusReasonGroupName, Precision: 40, Workspace: 40
2026-04-30T12:31:32  Column: DefectReasonGroupName, New Precision: 40, Old Precision: 30, Workspace: 40, Active Workspace: 200
2026-04-30T12:31:32  Updated 0 records in table DBColumns for ColumnID: 6044, Name: DefectReasonGroupName, Precision: 40, Workspace: 40
2026-04-30T12:31:32  Column: RollupReasonGroupName, New Precision: 40, Old Precision: 30, Workspace: 40, Active Workspace: 200
2026-04-30T12:31:32  Updated 0 records in table DBColumns for ColumnID: 7210, Name: RollupReasonGroupName, Precision: 40, Workspace: 40
2026-04-30T12:31:32  Column: CycleTimeGateName, New Precision: 40, Old Precision: 30, Workspace: 40, Active Workspace: 200
2026-04-30T12:31:32  Updated 0 records in table DBColumns for ColumnID: 3183, Name: CycleTimeGateName, Precision: 40, Workspace: 40
2026-04-30T12:31:32  Column: ESigCosignReasonName, New Precision: 40, Old Precision: 30, Workspace: 40, Active Workspace: 200
2026-04-30T12:31:32  Updated 0 records in table DBColumns for ColumnID: 8597, Name: ESigCosignReasonName, Precision: 40, Workspace: 40
2026-04-30T12:31:32  Column: ESigRoleGroupName, New Precision: 40, Old Precision: 30, Workspace: 40, Active Workspace: 200
2026-04-30T12:31:33  Updated 0 records in table DBColumns for ColumnID: 8575, Name: ESigRoleGroupName, Precision: 40, Workspace: 40
2026-04-30T12:31:33  Column: RoleName, New Precision: 40, Old Precision: 30, Workspace: 40, Active Workspace: 200
2026-04-30T12:31:33  Updated 0 records in table DBColumns for ColumnID: 8566, Name: RoleName, Precision: 40, Workspace: 40
2026-04-30T12:31:33  Column: UOMName, New Precision: 40, Old Precision: 30, Workspace: 40, Active Workspace: 200
2026-04-30T12:31:33  Updated 0 records in table DBColumns for ColumnID: 2887, Name: UOMName, Precision: 40, Workspace: 40
2026-04-30T12:31:33  Column: VendorItem, New Precision: 40, Old Precision: 30, Workspace: 40, Active Workspace: 200
2026-04-30T12:31:33  Updated 0 records in table DBColumns for ColumnID: 6856, Name: VendorItem, Precision: 40, Workspace: 40
2026-04-30T12:31:33  Column: BuyReasonGroupName, New Precision: 40, Old Precision: 30, Workspace: 40, Active Workspace: 200
2026-04-30T12:31:33  Updated 0 records in table DBColumns for ColumnID: 7132, Name: BuyReasonGroupName, Precision: 40, Workspace: 40
2026-04-30T12:31:33  Column: ReferenceDesignator, New Precision: 40, Old Precision: 30, Workspace: 40, Active Workspace: 200
2026-04-30T12:31:33  Updated 0 records in table DBColumns for ColumnID: 6855, Name: ReferenceDesignator, Precision: 40, Workspace: 40
2026-04-30T12:31:33  Column: HistViewDtlName, New Precision: 40, Old Precision: 30, Workspace: 40, Active Workspace: 200
2026-04-30T12:31:33  Updated 0 records in table DBColumns for ColumnID: 8285, Name: HistViewDtlName, Precision: 40, Workspace: 40
2026-04-30T12:31:33  Column: ProductTypeName, New Precision: 40, Old Precision: 30, Workspace: 40, Active Workspace: 200
2026-04-30T12:31:33  Updated 0 records in table DBColumns for ColumnID: 2873, Name: ProductTypeName, Precision: 40, Workspace: 40
2026-04-30T12:31:33  Column: Lot, New Precision: 40, Old Precision: 30, Workspace: 40, Active Workspace: 200
2026-04-30T12:31:33  Updated 0 records in table DBColumns for ColumnID: 6851, Name: Lot, Precision: 40, Workspace: 40
2026-04-30T12:31:33  Column: Name, New Precision: 40, Old Precision: 30, Workspace: 40, Active Workspace: 200
2026-04-30T12:31:33  Updated 0 records in table DBColumns for ColumnID: 8447, Name: Name, Precision: 40, Workspace: 40
2026-04-30T12:31:33  Column: StockPoint, New Precision: 40, Old Precision: 30, Workspace: 40, Active Workspace: 200
2026-04-30T12:31:33  Updated 0 records in table DBColumns for ColumnID: 6854, Name: StockPoint, Precision: 40, Workspace: 40
2026-04-30T12:31:33  Column: ReferenceDesignator, New Precision: 40, Old Precision: 30, Workspace: 40, Active Workspace: 200
2026-04-30T12:31:33  Updated 0 records in table DBColumns for ColumnID: 6572, Name: ReferenceDesignator, Precision: 40, Workspace: 40
2026-04-30T12:31:33  Column: MfgOrderName, New Precision: 40, Old Precision: 30, Workspace: 40, Active Workspace: 200
2026-04-30T12:31:33  Updated 0 records in table DBColumns for ColumnID: 2461, Name: MfgOrderName, Precision: 40, Workspace: 40
2026-04-30T12:31:33  Column: UserLabelName, New Precision: 40, Old Precision: 30, Workspace: 40, Active Workspace: 200
2026-04-30T12:31:33  Updated 0 records in table DBColumns for ColumnID: 8044, Name: UserLabelName, Precision: 40, Workspace: 40
2026-04-30T12:31:33  Column: NCRFailureCodeGroupName, New Precision: 40, Old Precision: 30, Workspace: 40, Active Workspace: 200
2026-04-30T12:31:33  Updated 0 records in table DBColumns for ColumnID: 8789, Name: NCRFailureCodeGroupName, Precision: 40, Workspace: 40
2026-04-30T12:31:33  Column: DictionaryName, New Precision: 40, Old Precision: 30, Workspace: 40, Active Workspace: 200
2026-04-30T12:31:33  Updated 0 records in table DBColumns for ColumnID: 8037, Name: DictionaryName, Precision: 40, Workspace: 40
2026-04-30T12:31:33  Column: NonconformanceReportName, New Precision: 40, Old Precision: 30, Workspace: 40, Active Workspace: 200
2026-04-30T12:31:33  Updated 0 records in table DBColumns for ColumnID: 8811, Name: NonconformanceReportName, Precision: 40, Workspace: 40
2026-04-30T12:31:33  Column: IssueDifferenceReasonName, New Precision: 40, Old Precision: 30, Workspace: 40, Active Workspace: 200
2026-04-30T12:31:33  Updated 0 records in table DBColumns for ColumnID: 6555, Name: IssueDifferenceReasonName, Precision: 40, Workspace: 40
2026-04-30T12:31:33  Column: EmployeeName, New Precision: 40, Old Precision: 30, Workspace: 40, Active Workspace: 200
2026-04-30T12:31:33  Updated 0 records in table DBColumns for ColumnID: 2402, Name: EmployeeName, Precision: 40, Workspace: 40
2026-04-30T12:31:33  Column: ERPItem, New Precision: 40, Old Precision: 30, Workspace: 40, Active Workspace: 200
2026-04-30T12:31:33  Updated 0 records in table DBColumns for ColumnID: 7769, Name: ERPItem, Precision: 40, Workspace: 40
2026-04-30T12:31:33  Column: ContainerName, New Precision: 40, Old Precision: 30, Workspace: 40, Active Workspace: 200
2026-04-30T12:31:33  Updated 0 records in table DBColumns for ColumnID: 4033, Name: ContainerName, Precision: 40, Workspace: 40
2026-04-30T12:31:33  Column: DestinationStockPoint, New Precision: 40, Old Precision: 30, Workspace: 40, Active Workspace: 200
2026-04-30T12:31:33  Updated 0 records in table DBColumns for ColumnID: 7476, Name: DestinationStockPoint, Precision: 40, Workspace: 40
2026-04-30T12:31:33  Column: BOMName, New Precision: 40, Old Precision: 30, Workspace: 40, Active Workspace: 200
2026-04-30T12:31:33  Updated 0 records in table DBColumns for ColumnID: 6424, Name: BOMName, Precision: 40, Workspace: 40
2026-04-30T12:31:33  Column: TransportType, New Precision: 40, Old Precision: 30, Workspace: 40, Active Workspace: 200
2026-04-30T12:31:33  Updated 0 records in table DBColumns for ColumnID: 7692, Name: TransportType, Precision: 40, Workspace: 40
2026-04-30T12:31:33  Column: Sequence, New Precision: 40, Old Precision: 30, Workspace: 40, Active Workspace: 200
2026-04-30T12:31:33  Updated 0 records in table DBColumns for ColumnID: 7791, Name: Sequence, Precision: 40, Workspace: 40
2026-04-30T12:31:33  Column: FactoryName, New Precision: 40, Old Precision: 30, Workspace: 40, Active Workspace: 200
2026-04-30T12:31:33  Updated 0 records in table DBColumns for ColumnID: 2441, Name: FactoryName, Precision: 40, Workspace: 40
2026-04-30T12:31:33  Column: ERPOperation, New Precision: 40, Old Precision: 30, Workspace: 40, Active Workspace: 200
2026-04-30T12:31:33  Updated 0 records in table DBColumns for ColumnID: 7790, Name: ERPOperation, Precision: 40, Workspace: 40
2026-04-30T12:31:33  Column: ToContainerName, New Precision: 40, Old Precision: 30, Workspace: 40, Active Workspace: 200
2026-04-30T12:31:33  Updated 0 records in table DBColumns for ColumnID: 5344, Name: ToContainerName, Precision: 40, Workspace: 40
2026-04-30T12:31:33  Column: ERPRouteName, New Precision: 40, Old Precision: 30, Workspace: 40, Active Workspace: 200
2026-04-30T12:31:33  Updated 0 records in table DBColumns for ColumnID: 7778, Name: ERPRouteName, Precision: 40, Workspace: 40
2026-04-30T12:31:33  Column: WIPMsgDetailsName, New Precision: 40, Old Precision: 30, Workspace: 40, Active Workspace: 200
2026-04-30T12:31:33  Updated 0 records in table DBColumns for ColumnID: 5260, Name: WIPMsgDetailsName, Precision: 40, Workspace: 40
2026-04-30T12:31:33  Column: UserQueryName, New Precision: 40, Old Precision: 30, Workspace: 40, Active Workspace: 200
2026-04-30T12:31:33  Updated 0 records in table DBColumns for ColumnID: 8066, Name: UserQueryName, Precision: 40, Workspace: 40
2026-04-30T12:31:33  Column: EnterpriseName, New Precision: 40, Old Precision: 30, Workspace: 40, Active Workspace: 200
2026-04-30T12:31:33  Updated 0 records in table DBColumns for ColumnID: 2409, Name: EnterpriseName, Precision: 40, Workspace: 40
2026-04-30T12:31:33  Column: ReferenceDesignator, New Precision: 40, Old Precision: 30, Workspace: 40, Active Workspace: 200
2026-04-30T12:31:33  Updated 0 records in table DBColumns for ColumnID: 7810, Name: ReferenceDesignator, Precision: 40, Workspace: 40
2026-04-30T12:31:33  Column: NCRFailureCodeName, New Precision: 40, Old Precision: 30, Workspace: 40, Active Workspace: 200
2026-04-30T12:31:33  Updated 0 records in table DBColumns for ColumnID: 8780, Name: NCRFailureCodeName, Precision: 40, Workspace: 40
2026-04-30T12:31:33  Column: ItemName, New Precision: 40, Old Precision: 30, Workspace: 40, Active Workspace: 200
2026-04-30T12:31:33  Updated 0 records in table DBColumns for ColumnID: 7971, Name: ItemName, Precision: 40, Workspace: 40
2026-04-30T12:31:33  Column: SubstitutionReasonName, New Precision: 40, Old Precision: 30, Workspace: 40, Active Workspace: 200
2026-04-30T12:31:33  Updated 0 records in table DBColumns for ColumnID: 6515, Name: SubstitutionReasonName, Precision: 40, Workspace: 40
2026-04-30T12:31:33  Column: ShiftName, New Precision: 40, Old Precision: 30, Workspace: 40, Active Workspace: 200
2026-04-30T12:31:33  Updated 0 records in table DBColumns for ColumnID: 7990, Name: ShiftName, Precision: 40, Workspace: 40
2026-04-30T12:31:33  Column: TeamName, New Precision: 40, Old Precision: 30, Workspace: 40, Active Workspace: 200
2026-04-30T12:31:33  Updated 0 records in table DBColumns for ColumnID: 7983, Name: TeamName, Precision: 40, Workspace: 40
2026-04-30T12:31:33  Column: ReferenceDesignator, New Precision: 40, Old Precision: 30, Workspace: 40, Active Workspace: 200
2026-04-30T12:31:33  Updated 0 records in table DBColumns for ColumnID: 7862, Name: ReferenceDesignator, Precision: 40, Workspace: 40
2026-04-30T12:31:33  Column: ReferenceDesignator, New Precision: 40, Old Precision: 30, Workspace: 40, Active Workspace: 200
2026-04-30T12:31:33  Updated 0 records in table DBColumns for ColumnID: 7836, Name: ReferenceDesignator, Precision: 40, Workspace: 40
2026-04-30T12:31:33  Column: IssueReasonName, New Precision: 40, Old Precision: 30, Workspace: 40, Active Workspace: 200
2026-04-30T12:31:33  Updated 0 records in table DBColumns for ColumnID: 6507, Name: IssueReasonName, Precision: 40, Workspace: 40
2026-04-30T12:31:33  Column: AlarmDefinitionName, New Precision: 40, Old Precision: 30, Workspace: 40, Active Workspace: 200
2026-04-30T12:31:33  Updated 0 records in table DBColumns for ColumnID: 2363, Name: AlarmDefinitionName, Precision: 40, Workspace: 40
2026-04-30T12:31:33  Column: Name, New Precision: 40, Old Precision: 30, Workspace: 40, Active Workspace: 200
2026-04-30T12:31:33  Updated 0 records in table DBColumns for ColumnID: 7873, Name: Name, Precision: 40, Workspace: 40
2026-04-30T12:31:33  Column: ERPBOMName, New Precision: 40, Old Precision: 30, Workspace: 40, Active Workspace: 200
2026-04-30T12:31:33  Updated 0 records in table DBColumns for ColumnID: 7958, Name: ERPBOMName, Precision: 40, Workspace: 40
2026-04-30T12:31:33  Column: HistInqName, New Precision: 40, Old Precision: 30, Workspace: 40, Active Workspace: 200
2026-04-30T12:31:33  Updated 0 records in table DBColumns for ColumnID: 4962, Name: HistInqName, Precision: 40, Workspace: 40
2026-04-30T12:31:33  Column: HistoryMessageName, New Precision: 40, Old Precision: 30, Workspace: 40, Active Workspace: 200
2026-04-30T12:31:33  Updated 0 records in table DBColumns for ColumnID: 4941, Name: HistoryMessageName, Precision: 40, Workspace: 40
2026-04-30T12:31:33  Column: ActionDefinitionName, New Precision: 40, Old Precision: 30, Workspace: 40, Active Workspace: 200
2026-04-30T12:31:33  Updated 0 records in table DBColumns for ColumnID: 2357, Name: ActionDefinitionName, Precision: 40, Workspace: 40
2026-04-30T12:31:33  Column: ReferenceDesignator, New Precision: 40, Old Precision: 30, Workspace: 40, Active Workspace: 200
2026-04-30T12:31:33  Updated 0 records in table DBColumns for ColumnID: 6546, Name: ReferenceDesignator, Precision: 40, Workspace: 40
2026-04-30T12:31:33  Column: DomainName, New Precision: 40, Old Precision: 30, Workspace: 40, Active Workspace: 200
2026-04-30T12:31:33  Updated 0 records in table DBColumns for ColumnID: 7650, Name: DomainName, Precision: 40, Workspace: 40
2026-04-30T12:31:33  Column: RollupReasonName, New Precision: 40, Old Precision: 30, Workspace: 40, Active Workspace: 200
2026-04-30T12:31:33  Updated 0 records in table DBColumns for ColumnID: 6478, Name: RollupReasonName, Precision: 40, Workspace: 40
2026-04-30T12:31:33  Column: ShippingReasonName, New Precision: 40, Old Precision: 30, Workspace: 40, Active Workspace: 200
2026-04-30T12:31:33  Updated 0 records in table DBColumns for ColumnID: 5111, Name: ShippingReasonName, Precision: 40, Workspace: 40
2026-04-30T12:31:33  Column: DocumentViewerName, New Precision: 40, Old Precision: 30, Workspace: 40, Active Workspace: 200
2026-04-30T12:31:33  Updated 0 records in table DBColumns for ColumnID: 2393, Name: DocumentViewerName, Precision: 40, Workspace: 40
2026-04-30T12:31:33  Column: ReworkReasonName, New Precision: 40, Old Precision: 30, Workspace: 40, Active Workspace: 200
2026-04-30T12:31:33  Updated 0 records in table DBColumns for ColumnID: 5118, Name: ReworkReasonName, Precision: 40, Workspace: 40
2026-04-30T12:31:33  Column: ShiftName, New Precision: 40, Old Precision: 30, Workspace: 40, Active Workspace: 200
2026-04-30T12:31:33  Updated 0 records in table DBColumns for ColumnID: 8014, Name: ShiftName, Precision: 40, Workspace: 40
2026-04-30T12:31:33  Column: MfgCalendarName, New Precision: 40, Old Precision: 30, Workspace: 40, Active Workspace: 200
2026-04-30T12:31:33  Updated 0 records in table DBColumns for ColumnID: 8009, Name: MfgCalendarName, Precision: 40, Workspace: 40
2026-04-30T12:31:33  Column: DocumentSetName, New Precision: 40, Old Precision: 30, Workspace: 40, Active Workspace: 200
2026-04-30T12:31:33  Updated 0 records in table DBColumns for ColumnID: 2382, Name: DocumentSetName, Precision: 40, Workspace: 40
2026-04-30T12:31:33  Column: VendorName, New Precision: 40, Old Precision: 30, Workspace: 40, Active Workspace: 200
2026-04-30T12:31:33  Updated 0 records in table DBColumns for ColumnID: 6372, Name: VendorName, Precision: 40, Workspace: 40
2026-04-30T12:31:33  Column: OperationName, New Precision: 40, Old Precision: 30, Workspace: 40, Active Workspace: 200
2026-04-30T12:31:33  Updated 0 records in table DBColumns for ColumnID: 2487, Name: OperationName, Precision: 40, Workspace: 40
2026-04-30T12:31:33  Column: ShipmentDestinationName, New Precision: 40, Old Precision: 30, Workspace: 40, Active Workspace: 200
2026-04-30T12:31:33  Updated 0 records in table DBColumns for ColumnID: 7512, Name: ShipmentDestinationName, Precision: 40, Workspace: 40
2026-04-30T12:31:33  Column: LocalReworkReasonName, New Precision: 40, Old Precision: 30, Workspace: 40, Active Workspace: 200
2026-04-30T12:31:33  Updated 0 records in table DBColumns for ColumnID: 5533, Name: LocalReworkReasonName, Precision: 40, Workspace: 40
2026-04-30T12:31:33  Column: NCRResolutionCodeGroupName, New Precision: 40, Old Precision: 30, Workspace: 40, Active Workspace: 200
2026-04-30T12:31:33  Updated 0 records in table DBColumns for ColumnID: 8726, Name: NCRResolutionCodeGroupName, Precision: 40, Workspace: 40
2026-04-30T12:31:33  Column: ContainerLevelName, New Precision: 40, Old Precision: 30, Workspace: 40, Active Workspace: 200
2026-04-30T12:31:33  Updated 0 records in table DBColumns for ColumnID: 3847, Name: ContainerLevelName, Precision: 40, Workspace: 40
2026-04-30T12:31:33  Column: SiteName, New Precision: 40, Old Precision: 30, Workspace: 40, Active Workspace: 200
2026-04-30T12:31:33  Updated 0 records in table DBColumns for ColumnID: 7534, Name: SiteName, Precision: 40, Workspace: 40
2026-04-30T12:31:33  Column: NotificationTargetName, New Precision: 40, Old Precision: 30, Workspace: 40, Active Workspace: 200
2026-04-30T12:31:33  Updated 0 records in table DBColumns for ColumnID: 2480, Name: NotificationTargetName, Precision: 40, Workspace: 40
2026-04-30T12:31:33  Column: DefectReasonName, New Precision: 40, Old Precision: 30, Workspace: 40, Active Workspace: 200
2026-04-30T12:31:33  Updated 0 records in table DBColumns for ColumnID: 5517, Name: DefectReasonName, Precision: 40, Workspace: 40
2026-04-30T12:31:33  Column: NCRCauseCodeName, New Precision: 40, Old Precision: 30, Workspace: 40, Active Workspace: 200
2026-04-30T12:31:33  Updated 0 records in table DBColumns for ColumnID: 8748, Name: NCRCauseCodeName, Precision: 40, Workspace: 40
2026-04-30T12:31:33  Column: DataTransportName, New Precision: 40, Old Precision: 30, Workspace: 40, Active Workspace: 200
2026-04-30T12:31:33  Updated 0 records in table DBColumns for ColumnID: 7691, Name: DataTransportName, Precision: 40, Workspace: 40
2026-04-30T12:31:33  Column: NCRResolutionCodeName, New Precision: 40, Old Precision: 30, Workspace: 40, Active Workspace: 200
2026-04-30T12:31:33  Updated 0 records in table DBColumns for ColumnID: 8717, Name: NCRResolutionCodeName, Precision: 40, Workspace: 40
2026-04-30T12:31:33  Column: NCRFailureTypeName, New Precision: 40, Old Precision: 30, Workspace: 40, Active Workspace: 200
2026-04-30T12:31:33  Updated 0 records in table DBColumns for ColumnID: 8708, Name: NCRFailureTypeName, Precision: 40, Workspace: 40
2026-04-30T12:31:33  Column: QtyAdjustReasonName, New Precision: 40, Old Precision: 30, Workspace: 40, Active Workspace: 200
2026-04-30T12:31:33  Updated 0 records in table DBColumns for ColumnID: 5549, Name: QtyAdjustReasonName, Precision: 40, Workspace: 40
2026-04-30T12:31:33  Column: ProductFamilyName, New Precision: 40, Old Precision: 30, Workspace: 40, Active Workspace: 200
2026-04-30T12:31:33  Updated 0 records in table DBColumns for ColumnID: 2510, Name: ProductFamilyName, Precision: 40, Workspace: 40
2026-04-30T12:31:33  Column: DataCollectionDefName, New Precision: 40, Old Precision: 30, Workspace: 40, Active Workspace: 200
2026-04-30T12:31:33  Updated 0 records in table DBColumns for ColumnID: 3708, Name: DataCollectionDefName, Precision: 40, Workspace: 40
2026-04-30T12:31:33  Column: ReferenceDesignator, New Precision: 40, Old Precision: 30, Workspace: 40, Active Workspace: 200
2026-04-30T12:31:33  Updated 0 records in table DBColumns for ColumnID: 6337, Name: ReferenceDesignator, Precision: 40, Workspace: 40
2026-04-30T12:31:33  Column: LossReasonName, New Precision: 40, Old Precision: 30, Workspace: 40, Active Workspace: 200
2026-04-30T12:31:33  Updated 0 records in table DBColumns for ColumnID: 5541, Name: LossReasonName, Precision: 40, Workspace: 40
2026-04-30T12:31:33  Column: BuyReasonName, New Precision: 40, Old Precision: 30, Workspace: 40, Active Workspace: 200
2026-04-30T12:31:33  Updated 0 records in table DBColumns for ColumnID: 5509, Name: BuyReasonName, Precision: 40, Workspace: 40
2026-04-30T12:31:33  Column: BillTypeName, New Precision: 40, Old Precision: 30, Workspace: 40, Active Workspace: 200
2026-04-30T12:31:33  Updated 0 records in table DBColumns for ColumnID: 6415, Name: BillTypeName, Precision: 40, Workspace: 40
2026-04-30T12:31:33  Column: NCRCauseCodeGroupName, New Precision: 40, Old Precision: 30, Workspace: 40, Active Workspace: 200
2026-04-30T12:31:33  Updated 0 records in table DBColumns for ColumnID: 8758, Name: NCRCauseCodeGroupName, Precision: 40, Workspace: 40
2026-04-30T12:31:33  Column: ChangeStatusReasonName, New Precision: 40, Old Precision: 30, Workspace: 40, Active Workspace: 200
2026-04-30T12:31:33  Updated 0 records in table DBColumns for ColumnID: 7593, Name: ChangeStatusReasonName, Precision: 40, Workspace: 40
2026-04-30T12:31:33  Column: BonusReasonName, New Precision: 40, Old Precision: 30, Workspace: 40, Active Workspace: 200
2026-04-30T12:31:33  Updated 0 records in table DBColumns for ColumnID: 5501, Name: BonusReasonName, Precision: 40, Workspace: 40
2026-04-30T12:31:33  Column: DataValue, New Precision: 40, Old Precision: 30, Workspace: 40, Active Workspace: 200
2026-04-30T12:31:33  Updated 0 records in table DBColumns for ColumnID: 9145, Name: DataValue, Precision: 40, Workspace: 40
2026-04-30T12:31:33  Column: CustomerName, New Precision: 40, Old Precision: 30, Workspace: 40, Active Workspace: 200
2026-04-30T12:31:33  Updated 0 records in table DBColumns for ColumnID: 10583, Name: CustomerName, Precision: 40, Workspace: 40
2026-04-30T12:31:33  Column: ComputationParamSpecName, New Precision: 40, Old Precision: 30, Workspace: 40, Active Workspace: 200
2026-04-30T12:31:33  Updated 0 records in table DBColumns for ColumnID: 9889, Name: ComputationParamSpecName, Precision: 40, Workspace: 40
2026-04-30T12:31:33  Column: CustomerName, New Precision: 40, Old Precision: 30, Workspace: 40, Active Workspace: 200
2026-04-30T12:31:33  Updated 0 records in table DBColumns for ColumnID: 10604, Name: CustomerName, Precision: 40, Workspace: 40
2026-04-30T12:31:33  Column: UpperLimit, New Precision: 40, Old Precision: 30, Workspace: 40, Active Workspace: 200
2026-04-30T12:31:33  Updated 0 records in table DBColumns for ColumnID: 9158, Name: UpperLimit, Precision: 40, Workspace: 40
2026-04-30T12:31:33  Column: LowerLimit, New Precision: 40, Old Precision: 30, Workspace: 40, Active Workspace: 200
2026-04-30T12:31:33  Updated 0 records in table DBColumns for ColumnID: 9157, Name: LowerLimit, Precision: 40, Workspace: 40
2026-04-30T12:31:33  Column: SampleQuantity, New Precision: 40, Old Precision: 30, Workspace: 40, Active Workspace: 200
2026-04-30T12:31:33  Updated 0 records in table DBColumns for ColumnID: 10603, Name: SampleQuantity, Precision: 40, Workspace: 40
2026-04-30T12:31:33  Column: RMANumber, New Precision: 40, Old Precision: 30, Workspace: 40, Active Workspace: 200
2026-04-30T12:31:33  Updated 0 records in table DBColumns for ColumnID: 10602, Name: RMANumber, Precision: 40, Workspace: 40
2026-04-30T12:31:33  Column: ReturnedPhoneNumber, New Precision: 40, Old Precision: 30, Workspace: 40, Active Workspace: 200
2026-04-30T12:31:33  Updated 0 records in table DBColumns for ColumnID: 10601, Name: ReturnedPhoneNumber, Precision: 40, Workspace: 40
2026-04-30T12:31:33  Column: ReturnedContactName, New Precision: 40, Old Precision: 30, Workspace: 40, Active Workspace: 200
2026-04-30T12:31:33  Updated 0 records in table DBColumns for ColumnID: 10600, Name: ReturnedContactName, Precision: 40, Workspace: 40
2026-04-30T12:31:33  Column: CustomerCity, New Precision: 40, Old Precision: 30, Workspace: 40, Active Workspace: 200
2026-04-30T12:31:33  Updated 0 records in table DBColumns for ColumnID: 10607, Name: CustomerCity, Precision: 40, Workspace: 40
2026-04-30T12:31:33  Column: DataName, New Precision: 40, Old Precision: 30, Workspace: 40, Active Workspace: 200
2026-04-30T12:31:33  Updated 0 records in table DBColumns for ColumnID: 9146, Name: DataName, Precision: 40, Workspace: 40
2026-04-30T12:31:33  Column: UserName, New Precision: 40, Old Precision: 30, Workspace: 40, Active Workspace: 200
2026-04-30T12:31:33  Updated 0 records in table DBColumns for ColumnID: 9587, Name: UserName, Precision: 40, Workspace: 40
2026-04-30T12:31:33  Column: ExecuteAction, New Precision: 40, Old Precision: 30, Workspace: 40, Active Workspace: 200
2026-04-30T12:31:33  Updated 0 records in table DBColumns for ColumnID: 9578, Name: ExecuteAction, Precision: 40, Workspace: 40
2026-04-30T12:31:33  Column: EventDate, New Precision: 40, Old Precision: 30, Workspace: 40, Active Workspace: 200
2026-04-30T12:31:33  Updated 0 records in table DBColumns for ColumnID: 10594, Name: EventDate, Precision: 40, Workspace: 40
2026-04-30T12:31:33  Column: PhaseTemplateName, New Precision: 40, Old Precision: 30, Workspace: 40, Active Workspace: 200
2026-04-30T12:31:33  Updated 0 records in table DBColumns for ColumnID: 10938, Name: PhaseTemplateName, Precision: 40, Workspace: 40
2026-04-30T12:31:33  Column: DeviceLocation, New Precision: 40, Old Precision: 30, Workspace: 40, Active Workspace: 200
2026-04-30T12:31:33  Updated 0 records in table DBColumns for ColumnID: 10593, Name: DeviceLocation, Precision: 40, Workspace: 40
2026-04-30T12:31:33  Column: UserConstantName, New Precision: 40, Old Precision: 30, Workspace: 40, Active Workspace: 200
2026-04-30T12:31:33  Updated 0 records in table DBColumns for ColumnID: 9900, Name: UserConstantName, Precision: 40, Workspace: 40
2026-04-30T12:31:33  Column: EmployeeName, New Precision: 40, Old Precision: 30, Workspace: 40, Active Workspace: 200
2026-04-30T12:31:33  Updated 0 records in table DBColumns for ColumnID: 9577, Name: EmployeeName, Precision: 40, Workspace: 40
2026-04-30T12:31:33  Column: CustomerState, New Precision: 40, Old Precision: 30, Workspace: 40, Active Workspace: 200
2026-04-30T12:31:33  Updated 0 records in table DBColumns for ColumnID: 10586, Name: CustomerState, Precision: 40, Workspace: 40
2026-04-30T12:31:33  Column: ContainerName, New Precision: 40, Old Precision: 30, Workspace: 40, Active Workspace: 200
2026-04-30T12:31:33  Updated 0 records in table DBColumns for ColumnID: 13906, Name: ContainerName, Precision: 40, Workspace: 40
2026-04-30T12:31:33  Column: CustomerPostalCode, New Precision: 40, Old Precision: 30, Workspace: 40, Active Workspace: 200
2026-04-30T12:31:33  Updated 0 records in table DBColumns for ColumnID: 10585, Name: CustomerPostalCode, Precision: 40, Workspace: 40
2026-04-30T12:31:33  Column: MfgOrderMaterialListItemName, New Precision: 40, Old Precision: 30, Workspace: 40, Active Workspace: 200
2026-04-30T12:31:33  Updated 0 records in table DBColumns for ColumnID: 11845, Name: MfgOrderMaterialListItemName, Precision: 40, Workspace: 40
2026-04-30T12:31:33  Column: RecallNumber, New Precision: 40, Old Precision: 30, Workspace: 40, Active Workspace: 200
2026-04-30T12:31:33  Updated 0 records in table DBColumns for ColumnID: 10597, Name: RecallNumber, Precision: 40, Workspace: 40
2026-04-30T12:31:33  Column: ContactFaxNumber, New Precision: 40, Old Precision: 30, Workspace: 40, Active Workspace: 200
2026-04-30T12:31:33  Updated 0 records in table DBColumns for ColumnID: 10616, Name: ContactFaxNumber, Precision: 40, Workspace: 40
2026-04-30T12:31:33  Column: FaxNumber, New Precision: 40, Old Precision: 30, Workspace: 40, Active Workspace: 200
2026-04-30T12:31:33  Updated 0 records in table DBColumns for ColumnID: 10494, Name: FaxNumber, Precision: 40, Workspace: 40
2026-04-30T12:31:33  Column: EventDate, New Precision: 40, Old Precision: 30, Workspace: 40, Active Workspace: 200
2026-04-30T12:31:34  Updated 0 records in table DBColumns for ColumnID: 10622, Name: EventDate, Precision: 40, Workspace: 40
2026-04-30T12:31:34  Column: ProductMaterialListItemName, New Precision: 40, Old Precision: 30, Workspace: 40, Active Workspace: 200
2026-04-30T12:31:34  Updated 0 records in table DBColumns for ColumnID: 11851, Name: ProductMaterialListItemName, Precision: 40, Workspace: 40
2026-04-30T12:31:34  Column: DataPointCollectionGroupName, New Precision: 40, Old Precision: 30, Workspace: 40, Active Workspace: 200
2026-04-30T12:31:34  Updated 0 records in table DBColumns for ColumnID: 12966, Name: DataPointCollectionGroupName, Precision: 40, Workspace: 40
2026-04-30T12:31:34  Column: DataPointCollectionName, New Precision: 40, Old Precision: 30, Workspace: 40, Active Workspace: 200
2026-04-30T12:31:34  Updated 0 records in table DBColumns for ColumnID: 12977, Name: DataPointCollectionName, Precision: 40, Workspace: 40
2026-04-30T12:31:34  Column: ComputationName, New Precision: 40, Old Precision: 30, Workspace: 40, Active Workspace: 200
2026-04-30T12:31:34  Updated 0 records in table DBColumns for ColumnID: 9880, Name: ComputationName, Precision: 40, Workspace: 40
2026-04-30T12:31:34  Column: EnumerationValue, New Precision: 40, Old Precision: 30, Workspace: 40, Active Workspace: 200
2026-04-30T12:31:34  Updated 0 records in table DBColumns for ColumnID: 9689, Name: EnumerationValue, Precision: 40, Workspace: 40
2026-04-30T12:31:34  Column: ContactPhoneNumber, New Precision: 40, Old Precision: 30, Workspace: 40, Active Workspace: 200
2026-04-30T12:31:34  Updated 0 records in table DBColumns for ColumnID: 10615, Name: ContactPhoneNumber, Precision: 40, Workspace: 40
2026-04-30T12:31:34  Column: ContactFullName, New Precision: 40, Old Precision: 30, Workspace: 40, Active Workspace: 200
2026-04-30T12:31:34  Updated 0 records in table DBColumns for ColumnID: 10614, Name: ContactFullName, Precision: 40, Workspace: 40
2026-04-30T12:31:34  Column: ResultName, New Precision: 40, Old Precision: 30, Workspace: 40, Active Workspace: 200
2026-04-30T12:31:34  Updated 0 records in table DBColumns for ColumnID: 9882, Name: ResultName, Precision: 40, Workspace: 40
2026-04-30T12:31:34  Column: CustomerFaxNumber, New Precision: 40, Old Precision: 30, Workspace: 40, Active Workspace: 200
2026-04-30T12:31:34  Updated 0 records in table DBColumns for ColumnID: 10612, Name: CustomerFaxNumber, Precision: 40, Workspace: 40
2026-04-30T12:31:34  Column: CustomerPhoneNumber, New Precision: 40, Old Precision: 30, Workspace: 40, Active Workspace: 200
2026-04-30T12:31:34  Updated 0 records in table DBColumns for ColumnID: 10611, Name: CustomerPhoneNumber, Precision: 40, Workspace: 40
2026-04-30T12:31:34  Column: CustomerCountry, New Precision: 40, Old Precision: 30, Workspace: 40, Active Workspace: 200
2026-04-30T12:31:34  Updated 0 records in table DBColumns for ColumnID: 10610, Name: CustomerCountry, Precision: 40, Workspace: 40
2026-04-30T12:31:34  Column: CopyFromServiceName, New Precision: 40, Old Precision: 30, Workspace: 40, Active Workspace: 200
2026-04-30T12:31:34  Updated 0 records in table DBColumns for ColumnID: 9588, Name: CopyFromServiceName, Precision: 40, Workspace: 40
2026-04-30T12:31:34  Column: CustomerPostalCode, New Precision: 40, Old Precision: 30, Workspace: 40, Active Workspace: 200
2026-04-30T12:31:34  Updated 0 records in table DBColumns for ColumnID: 10609, Name: CustomerPostalCode, Precision: 40, Workspace: 40
2026-04-30T12:31:34  Column: CustomerState, New Precision: 40, Old Precision: 30, Workspace: 40, Active Workspace: 200
2026-04-30T12:31:34  Updated 0 records in table DBColumns for ColumnID: 10608, Name: CustomerState, Precision: 40, Workspace: 40
2026-04-30T12:31:34  Column: ContactCellPhone, New Precision: 40, Old Precision: 30, Workspace: 40, Active Workspace: 200
2026-04-30T12:31:34  Updated 0 records in table DBColumns for ColumnID: 10617, Name: ContactCellPhone, Precision: 40, Workspace: 40
2026-04-30T12:31:34  Column: RegulatoryReportTypeName, New Precision: 40, Old Precision: 30, Workspace: 40, Active Workspace: 200
2026-04-30T12:31:34  Updated 0 records in table DBColumns for ColumnID: 12010, Name: RegulatoryReportTypeName, Precision: 40, Workspace: 40
2026-04-30T12:31:34  Column: CustomerPhoneNumber, New Precision: 40, Old Precision: 30, Workspace: 40, Active Workspace: 200
2026-04-30T12:31:34  Updated 0 records in table DBColumns for ColumnID: 10584, Name: CustomerPhoneNumber, Precision: 40, Workspace: 40
2026-04-30T12:31:34  Column: UserName, New Precision: 40, Old Precision: 30, Workspace: 40, Active Workspace: 200
2026-04-30T12:31:34  Updated 0 records in table DBColumns for ColumnID: 9556, Name: UserName, Precision: 40, Workspace: 40
2026-04-30T12:31:34  Column: ProductName, New Precision: 40, Old Precision: 30, Workspace: 40, Active Workspace: 200
2026-04-30T12:31:34  Updated 0 records in table DBColumns for ColumnID: 10542, Name: ProductName, Precision: 40, Workspace: 40
2026-04-30T12:31:34  Column: ReportMappingConfigName, New Precision: 40, Old Precision: 30, Workspace: 40, Active Workspace: 200
2026-04-30T12:31:34  Updated 0 records in table DBColumns for ColumnID: 11999, Name: ReportMappingConfigName, Precision: 40, Workspace: 40
2026-04-30T12:31:34  Column: ProductName, New Precision: 40, Old Precision: 30, Workspace: 40, Active Workspace: 200
2026-04-30T12:31:34  Updated 0 records in table DBColumns for ColumnID: 10541, Name: ProductName, Precision: 40, Workspace: 40
2026-04-30T12:31:34  Column: ModelNumber, New Precision: 40, Old Precision: 30, Workspace: 40, Active Workspace: 200
2026-04-30T12:31:34  Updated 0 records in table DBColumns for ColumnID: 10514, Name: ModelNumber, Precision: 40, Workspace: 40
2026-04-30T12:31:34  Column: DeviceType, New Precision: 40, Old Precision: 30, Workspace: 40, Active Workspace: 200
2026-04-30T12:31:34  Updated 0 records in table DBColumns for ColumnID: 10513, Name: DeviceType, Precision: 40, Workspace: 40
2026-04-30T12:31:34  Column: ConcomitantProductNumber, New Precision: 40, Old Precision: 30, Workspace: 40, Active Workspace: 200
2026-04-30T12:31:34  Updated 0 records in table DBColumns for ColumnID: 10512, Name: ConcomitantProductNumber, Precision: 40, Workspace: 40
2026-04-30T12:31:34  Column: TaskListName, New Precision: 40, Old Precision: 30, Workspace: 40, Active Workspace: 200
2026-04-30T12:31:34  Updated 0 records in table DBColumns for ColumnID: 9066, Name: TaskListName, Precision: 40, Workspace: 40
2026-04-30T12:31:34  Column: ActivityTemplateName, New Precision: 40, Old Precision: 30, Workspace: 40, Active Workspace: 200
2026-04-30T12:31:34  Updated 0 records in table DBColumns for ColumnID: 10980, Name: ActivityTemplateName, Precision: 40, Workspace: 40
2026-04-30T12:31:34  Column: TaskItemName, New Precision: 40, Old Precision: 30, Workspace: 40, Active Workspace: 200
2026-04-30T12:31:34  Updated 0 records in table DBColumns for ColumnID: 9084, Name: TaskItemName, Precision: 40, Workspace: 40
2026-04-30T12:31:34  Column: BrandName, New Precision: 40, Old Precision: 30, Workspace: 40, Active Workspace: 200
2026-04-30T12:31:34  Updated 0 records in table DBColumns for ColumnID: 10510, Name: BrandName, Precision: 40, Workspace: 40
2026-04-30T12:31:34  Column: FailureSeverityName, New Precision: 40, Old Precision: 30, Workspace: 40, Active Workspace: 200
2026-04-30T12:31:35  Updated 0 records in table DBColumns for ColumnID: 9975, Name: FailureSeverityName, Precision: 40, Workspace: 40
2026-04-30T12:31:35  Column: ReturnedEquipmentActionName, New Precision: 40, Old Precision: 30, Workspace: 40, Active Workspace: 200
2026-04-30T12:31:35  Updated 0 records in table DBColumns for ColumnID: 10509, Name: ReturnedEquipmentActionName, Precision: 40, Workspace: 40
2026-04-30T12:31:35  Column: RegulatoryAgencyName, New Precision: 40, Old Precision: 30, Workspace: 40, Active Workspace: 200
2026-04-30T12:31:35  Updated 0 records in table DBColumns for ColumnID: 12019, Name: RegulatoryAgencyName, Precision: 40, Workspace: 40
2026-04-30T12:31:35  Column: ZipCode, New Precision: 40, Old Precision: 30, Workspace: 40, Active Workspace: 200
2026-04-30T12:31:35  Updated 0 records in table DBColumns for ColumnID: 10500, Name: ZipCode, Precision: 40, Workspace: 40
2026-04-30T12:31:35  Column: State, New Precision: 40, Old Precision: 30, Workspace: 40, Active Workspace: 200
2026-04-30T12:31:35  Updated 0 records in table DBColumns for ColumnID: 10499, Name: State, Precision: 40, Workspace: 40
2026-04-30T12:31:35  Column: ElectronicProcedureName, New Precision: 40, Old Precision: 30, Workspace: 40, Active Workspace: 200
2026-04-30T12:31:35  Updated 0 records in table DBColumns for ColumnID: 9048, Name: ElectronicProcedureName, Precision: 40, Workspace: 40
2026-04-30T12:31:35  Column: City, New Precision: 40, Old Precision: 30, Workspace: 40, Active Workspace: 200
2026-04-30T12:31:35  Updated 0 records in table DBColumns for ColumnID: 10498, Name: City, Precision: 40, Workspace: 40
2026-04-30T12:31:35  Column: EmployeeName, New Precision: 40, Old Precision: 30, Workspace: 40, Active Workspace: 200
2026-04-30T12:31:35  Updated 0 records in table DBColumns for ColumnID: 9546, Name: EmployeeName, Precision: 40, Workspace: 40
2026-04-30T12:31:35  Column: CatalogNumber, New Precision: 40, Old Precision: 30, Workspace: 40, Active Workspace: 200
2026-04-30T12:31:35  Updated 0 records in table DBColumns for ColumnID: 10511, Name: CatalogNumber, Precision: 40, Workspace: 40
2026-04-30T12:31:35  Column: ContactFaxNumber, New Precision: 40, Old Precision: 30, Workspace: 40, Active Workspace: 200
2026-04-30T12:31:35  Updated 0 records in table DBColumns for ColumnID: 10575, Name: ContactFaxNumber, Precision: 40, Workspace: 40
2026-04-30T12:31:35  Column: DataPointName, New Precision: 40, Old Precision: 30, Workspace: 40, Active Workspace: 200
2026-04-30T12:31:35  Updated 0 records in table DBColumns for ColumnID: 13908, Name: DataPointName, Precision: 40, Workspace: 40
2026-04-30T12:31:35  Column: ApprovalSheetName, New Precision: 40, Old Precision: 30, Workspace: 40, Active Workspace: 200
2026-04-30T12:31:35  Updated 0 records in table DBColumns for ColumnID: 11772, Name: ApprovalSheetName, Precision: 40, Workspace: 40
2026-04-30T12:31:35  Column: CustomerCountry, New Precision: 40, Old Precision: 30, Workspace: 40, Active Workspace: 200
2026-04-30T12:31:35  Updated 0 records in table DBColumns for ColumnID: 10581, Name: CustomerCountry, Precision: 40, Workspace: 40
2026-04-30T12:31:35  Column: ParamName, New Precision: 40, Old Precision: 30, Workspace: 40, Active Workspace: 200
2026-04-30T12:31:35  Updated 0 records in table DBColumns for ColumnID: 9929, Name: ParamName, Precision: 40, Workspace: 40
2026-04-30T12:31:35  Column: CustomerCity, New Precision: 40, Old Precision: 30, Workspace: 40, Active Workspace: 200
2026-04-30T12:31:35  Updated 0 records in table DBColumns for ColumnID: 10580, Name: CustomerCity, Precision: 40, Workspace: 40
2026-04-30T12:31:35  Column: FailureAction, New Precision: 40, Old Precision: 30, Workspace: 40, Active Workspace: 200
2026-04-30T12:31:35  Updated 0 records in table DBColumns for ColumnID: 13909, Name: FailureAction, Precision: 40, Workspace: 40
2026-04-30T12:31:35  Column: ResourceName, New Precision: 40, Old Precision: 30, Workspace: 40, Active Workspace: 200
2026-04-30T12:31:35  Updated 0 records in table DBColumns for ColumnID: 13910, Name: ResourceName, Precision: 40, Workspace: 40
2026-04-30T12:31:35  Column: DataPointName, New Precision: 40, Old Precision: 30, Workspace: 40, Active Workspace: 200
2026-04-30T12:31:35  Updated 0 records in table DBColumns for ColumnID: 9119, Name: DataPointName, Precision: 40, Workspace: 40
2026-04-30T12:31:35  Column: ContactPhoneNumber, New Precision: 40, Old Precision: 30, Workspace: 40, Active Workspace: 200
2026-04-30T12:31:35  Updated 0 records in table DBColumns for ColumnID: 10577, Name: ContactPhoneNumber, Precision: 40, Workspace: 40
2026-04-30T12:31:35  Column: FailureModeName, New Precision: 40, Old Precision: 30, Workspace: 40, Active Workspace: 200
2026-04-30T12:31:35  Updated 0 records in table DBColumns for ColumnID: 9966, Name: FailureModeName, Precision: 40, Workspace: 40
2026-04-30T12:31:35  Column: ApprovalDecisionName, New Precision: 40, Old Precision: 30, Workspace: 40, Active Workspace: 200
2026-04-30T12:31:35  Updated 0 records in table DBColumns for ColumnID: 11957, Name: ApprovalDecisionName, Precision: 40, Workspace: 40
2026-04-30T12:31:35  Column: RMANumber, New Precision: 40, Old Precision: 30, Workspace: 40, Active Workspace: 200
2026-04-30T12:31:35  Updated 0 records in table DBColumns for ColumnID: 10629, Name: RMANumber, Precision: 40, Workspace: 40
2026-04-30T12:31:35  Column: SecurityUserName, New Precision: 40, Old Precision: 30, Workspace: 40, Active Workspace: 200
2026-04-30T12:31:35  Updated 0 records in table DBColumns for ColumnID: 9569, Name: SecurityUserName, Precision: 40, Workspace: 40
2026-04-30T12:31:35  Column: ContactCellPhone, New Precision: 40, Old Precision: 30, Workspace: 40, Active Workspace: 200
2026-04-30T12:31:35  Updated 0 records in table DBColumns for ColumnID: 10573, Name: ContactCellPhone, Precision: 40, Workspace: 40
2026-04-30T12:31:35  Column: ComputationName, New Precision: 40, Old Precision: 30, Workspace: 40, Active Workspace: 200
2026-04-30T12:31:35  Updated 0 records in table DBColumns for ColumnID: 9943, Name: ComputationName, Precision: 40, Workspace: 40
2026-04-30T12:31:35  Column: ResultName, New Precision: 40, Old Precision: 30, Workspace: 40, Active Workspace: 200
2026-04-30T12:31:35  Updated 0 records in table DBColumns for ColumnID: 9945, Name: ResultName, Precision: 40, Workspace: 40
2026-04-30T12:31:35  Column: SPCChartDefName, New Precision: 40, Old Precision: 30, Workspace: 40, Active Workspace: 200
2026-04-30T12:31:35  Updated 0 records in table DBColumns for ColumnID: 13919, Name: SPCChartDefName, Precision: 40, Workspace: 40
2026-04-30T12:31:35  Column: PlanTemplateName, New Precision: 40, Old Precision: 30, Workspace: 40, Active Workspace: 200
2026-04-30T12:31:35  Updated 0 records in table DBColumns for ColumnID: 10959, Name: PlanTemplateName, Precision: 40, Workspace: 40
2026-04-30T12:31:35  Column: ReferenceDesignator, New Precision: 40, Old Precision: 30, Workspace: 40, Active Workspace: 200
2026-04-30T12:31:35  Updated 0 records in table DBColumns for ColumnID: 13929, Name: ReferenceDesignator, Precision: 40, Workspace: 40
2026-04-30T12:31:35  Column: ScheduledBusinessRuleName, New Precision: 40, Old Precision: 30, Workspace: 40, Active Workspace: 200
2026-04-30T12:31:35  Updated 0 records in table DBColumns for ColumnID: 10553, Name: ScheduledBusinessRuleName, Precision: 40, Workspace: 40
2026-04-30T12:31:35  Column: ObjectInstanceId, New Precision: 40, Old Precision: 30, Workspace: 40, Active Workspace: 200
2026-04-30T12:31:35  Updated 0 records in table DBColumns for ColumnID: 9557, Name: ObjectInstanceId, Precision: 40, Workspace: 40
2026-04-30T12:31:35  Column: ContactFullName, New Precision: 40, Old Precision: 30, Workspace: 40, Active Workspace: 200
2026-04-30T12:31:35  Updated 0 records in table DBColumns for ColumnID: 10576, Name: ContactFullName, Precision: 40, Workspace: 40
2026-04-30T12:31:35  Column: Theme, New Precision: 40, Old Precision: 30, Workspace: 40, Active Workspace: 200
2026-04-30T12:31:35  Updated 0 records in table DBColumns for ColumnID: 11576, Name: Theme, Precision: 40, Workspace: 40
2026-04-30T12:31:35  Column: TagName, New Precision: 40, Old Precision: 30, Workspace: 40, Active Workspace: 200
2026-04-30T12:31:35  Updated 0 records in table DBColumns for ColumnID: 9301, Name: TagName, Precision: 40, Workspace: 40
2026-04-30T12:31:35  Column: ECO, New Precision: 40, Old Precision: 30, Workspace: 40, Active Workspace: 200
2026-04-30T12:31:35  Updated 0 records in table DBColumns for ColumnID: 9663, Name: ECO, Precision: 40, Workspace: 40
2026-04-30T12:31:35  Column: ECO, New Precision: 40, Old Precision: 30, Workspace: 40, Active Workspace: 200
2026-04-30T12:31:35  Updated 0 records in table DBColumns for ColumnID: 9662, Name: ECO, Precision: 40, Workspace: 40
2026-04-30T12:31:35  Column: ECO, New Precision: 40, Old Precision: 30, Workspace: 40, Active Workspace: 200
2026-04-30T12:31:35  Updated 0 records in table DBColumns for ColumnID: 9661, Name: ECO, Precision: 40, Workspace: 40
2026-04-30T12:31:35  Column: DiscoveryArea, New Precision: 40, Old Precision: 30, Workspace: 40, Active Workspace: 200
2026-04-30T12:31:35  Updated 0 records in table DBColumns for ColumnID: 10736, Name: DiscoveryArea, Precision: 40, Workspace: 40
2026-04-30T12:31:35  Column: Lot, New Precision: 40, Old Precision: 30, Workspace: 40, Active Workspace: 200
2026-04-30T12:31:35  Updated 0 records in table DBColumns for ColumnID: 11711, Name: Lot, Precision: 40, Workspace: 40
2026-04-30T12:31:35  Column: ECO, New Precision: 40, Old Precision: 30, Workspace: 40, Active Workspace: 200
2026-04-30T12:31:35  Updated 0 records in table DBColumns for ColumnID: 9660, Name: ECO, Precision: 40, Workspace: 40
2026-04-30T12:31:35  Column: Product, New Precision: 40, Old Precision: 30, Workspace: 40, Active Workspace: 200
2026-04-30T12:31:35  Updated 0 records in table DBColumns for ColumnID: 11714, Name: Product, Precision: 40, Workspace: 40
2026-04-30T12:31:35  Column: ECO, New Precision: 40, Old Precision: 30, Workspace: 40, Active Workspace: 200
2026-04-30T12:31:35  Updated 0 records in table DBColumns for ColumnID: 9659, Name: ECO, Precision: 40, Workspace: 40
2026-04-30T12:31:35  Column: ECO, New Precision: 40, Old Precision: 30, Workspace: 40, Active Workspace: 200
2026-04-30T12:31:35  Updated 0 records in table DBColumns for ColumnID: 9665, Name: ECO, Precision: 40, Workspace: 40
2026-04-30T12:31:35  Column: EvaluationCode, New Precision: 40, Old Precision: 30, Workspace: 40, Active Workspace: 200
2026-04-30T12:31:35  Updated 0 records in table DBColumns for ColumnID: 10825, Name: EvaluationCode, Precision: 40, Workspace: 40
2026-04-30T12:31:35  Column: ECO, New Precision: 40, Old Precision: 30, Workspace: 40, Active Workspace: 200
2026-04-30T12:31:35  Updated 0 records in table DBColumns for ColumnID: 9658, Name: ECO, Precision: 40, Workspace: 40
2026-04-30T12:31:35  Column: ModelingESigReqName, New Precision: 40, Old Precision: 30, Workspace: 40, Active Workspace: 200
2026-04-30T12:31:36  Updated 0 records in table DBColumns for ColumnID: 9739, Name: ModelingESigReqName, Precision: 40, Workspace: 40
2026-04-30T12:31:36  Column: ECO, New Precision: 40, Old Precision: 30, Workspace: 40, Active Workspace: 200
2026-04-30T12:31:36  Updated 0 records in table DBColumns for ColumnID: 9657, Name: ECO, Precision: 40, Workspace: 40
2026-04-30T12:31:36  Column: ECO, New Precision: 40, Old Precision: 30, Workspace: 40, Active Workspace: 200
2026-04-30T12:31:36  Updated 0 records in table DBColumns for ColumnID: 9656, Name: ECO, Precision: 40, Workspace: 40
2026-04-30T12:31:36  Column: ECO, New Precision: 40, Old Precision: 30, Workspace: 40, Active Workspace: 200
2026-04-30T12:31:36  Updated 0 records in table DBColumns for ColumnID: 9655, Name: ECO, Precision: 40, Workspace: 40
2026-04-30T12:31:36  Column: ECO, New Precision: 40, Old Precision: 30, Workspace: 40, Active Workspace: 200
2026-04-30T12:31:36  Updated 0 records in table DBColumns for ColumnID: 9654, Name: ECO, Precision: 40, Workspace: 40
2026-04-30T12:31:36  Column: ECO, New Precision: 40, Old Precision: 30, Workspace: 40, Active Workspace: 200
2026-04-30T12:31:36  Updated 0 records in table DBColumns for ColumnID: 9653, Name: ECO, Precision: 40, Workspace: 40
2026-04-30T12:31:36  Column: CAPAName, New Precision: 40, Old Precision: 30, Workspace: 40, Active Workspace: 200
2026-04-30T12:31:36  Updated 0 records in table DBColumns for ColumnID: 10842, Name: CAPAName, Precision: 40, Workspace: 40
2026-04-30T12:31:36  Column: ApprovalSheetTemplateName, New Precision: 40, Old Precision: 30, Workspace: 40, Active Workspace: 200
2026-04-30T12:31:36  Updated 0 records in table DBColumns for ColumnID: 11740, Name: ApprovalSheetTemplateName, Precision: 40, Workspace: 40
2026-04-30T12:31:36  Column: SampleQuantity, New Precision: 40, Old Precision: 30, Workspace: 40, Active Workspace: 200
2026-04-30T12:31:36  Updated 0 records in table DBColumns for ColumnID: 10628, Name: SampleQuantity, Precision: 40, Workspace: 40
2026-04-30T12:31:36  Column: CARSeverityName, New Precision: 40, Old Precision: 30, Workspace: 40, Active Workspace: 200
2026-04-30T12:31:36  Updated 0 records in table DBColumns for ColumnID: 10731, Name: CARSeverityName, Precision: 40, Workspace: 40
2026-04-30T12:31:36  Column: VendorSerialNumber, New Precision: 40, Old Precision: 30, Workspace: 40, Active Workspace: 200
2026-04-30T12:31:36  Updated 0 records in table DBColumns for ColumnID: 9669, Name: VendorSerialNumber, Precision: 40, Workspace: 40
2026-04-30T12:31:36  Column: Lot, New Precision: 40, Old Precision: 30, Workspace: 40, Active Workspace: 200
2026-04-30T12:31:36  Updated 0 records in table DBColumns for ColumnID: 10061, Name: Lot, Precision: 40, Workspace: 40
2026-04-30T12:31:36  Column: ProductName, New Precision: 40, Old Precision: 30, Workspace: 40, Active Workspace: 200
2026-04-30T12:31:36  Updated 0 records in table DBColumns for ColumnID: 10062, Name: ProductName, Precision: 40, Workspace: 40
2026-04-30T12:31:36  Column: OtherText, New Precision: 40, Old Precision: 30, Workspace: 40, Active Workspace: 200
2026-04-30T12:31:36  Updated 0 records in table DBColumns for ColumnID: 10782, Name: OtherText, Precision: 40, Workspace: 40
2026-04-30T12:31:36  Column: PlanName, New Precision: 40, Old Precision: 30, Workspace: 40, Active Workspace: 200
2026-04-30T12:31:36  Updated 0 records in table DBColumns for ColumnID: 11062, Name: PlanName, Precision: 40, Workspace: 40
2026-04-30T12:31:36  Column: ParameterName, New Precision: 40, Old Precision: 30, Workspace: 40, Active Workspace: 200
2026-04-30T12:31:36  Updated 0 records in table DBColumns for ColumnID: 9685, Name: ParameterName, Precision: 40, Workspace: 40
2026-04-30T12:31:36  Column: EvaluationCode, New Precision: 40, Old Precision: 30, Workspace: 40, Active Workspace: 200
2026-04-30T12:31:36  Updated 0 records in table DBColumns for ColumnID: 10797, Name: EvaluationCode, Precision: 40, Workspace: 40
2026-04-30T12:31:36  Column: ECO, New Precision: 40, Old Precision: 30, Workspace: 40, Active Workspace: 200
2026-04-30T12:31:36  Updated 0 records in table DBColumns for ColumnID: 9664, Name: ECO, Precision: 40, Workspace: 40
2026-04-30T12:31:36  Column: RevisionedObjectGroupName, New Precision: 40, Old Precision: 30, Workspace: 40, Active Workspace: 200
2026-04-30T12:31:36  Updated 0 records in table DBColumns for ColumnID: 9711, Name: RevisionedObjectGroupName, Precision: 40, Workspace: 40
2026-04-30T12:31:36  Column: SuspectDeviceName, New Precision: 40, Old Precision: 30, Workspace: 40, Active Workspace: 200
2026-04-30T12:31:36  Updated 0 records in table DBColumns for ColumnID: 10680, Name: SuspectDeviceName, Precision: 40, Workspace: 40
2026-04-30T12:31:36  Column: VendorModel, New Precision: 40, Old Precision: 30, Workspace: 40, Active Workspace: 200
2026-04-30T12:31:36  Updated 0 records in table DBColumns for ColumnID: 9668, Name: VendorModel, Precision: 40, Workspace: 40
2026-04-30T12:31:36  Column: DispositionName, New Precision: 40, Old Precision: 30, Workspace: 40, Active Workspace: 200
2026-04-30T12:31:36  Updated 0 records in table DBColumns for ColumnID: 11687, Name: DispositionName, Precision: 40, Workspace: 40
2026-04-30T12:31:36  Column: BriefDescription, New Precision: 255, Old Precision: 100, Workspace: 40, Active Workspace: 200
2026-04-30T12:31:36  Updated 0 records in table DBColumns for ColumnID: 10751, Name: BriefDescription, Precision: 255, Workspace: 40
2026-04-30T12:31:36  Column: PriorityLevelName, New Precision: 40, Old Precision: 30, Workspace: 40, Active Workspace: 200
2026-04-30T12:31:36  Updated 0 records in table DBColumns for ColumnID: 9984, Name: PriorityLevelName, Precision: 40, Workspace: 40
2026-04-30T12:31:36  Column: ECO, New Precision: 40, Old Precision: 30, Workspace: 40, Active Workspace: 200
2026-04-30T12:31:36  Updated 0 records in table DBColumns for ColumnID: 9666, Name: ECO, Precision: 40, Workspace: 40
2026-04-30T12:31:36  Column: EventName, New Precision: 40, Old Precision: 30, Workspace: 40, Active Workspace: 200
2026-04-30T12:31:36  Updated 0 records in table DBColumns for ColumnID: 10748, Name: EventName, Precision: 40, Workspace: 40
2026-04-30T12:31:36  Column: MaintenanceReasonName, New Precision: 40, Old Precision: 30, Workspace: 40, Active Workspace: 200
2026-04-30T12:31:36  Updated 0 records in table DBColumns for ColumnID: 9357, Name: MaintenanceReasonName, Precision: 40, Workspace: 40
2026-04-30T12:31:36  Column: OtherText, New Precision: 40, Old Precision: 30, Workspace: 40, Active Workspace: 200
2026-04-30T12:31:36  Updated 0 records in table DBColumns for ColumnID: 10810, Name: OtherText, Precision: 40, Workspace: 40
2026-04-30T12:31:36  Column: FailureModeGroupName, New Precision: 40, Old Precision: 30, Workspace: 40, Active Workspace: 200
2026-04-30T12:31:36  Updated 0 records in table DBColumns for ColumnID: 9993, Name: FailureModeGroupName, Precision: 40, Workspace: 40
2026-04-30T12:31:36  Column: ReportNumber, New Precision: 40, Old Precision: 30, Workspace: 40, Active Workspace: 200
2026-04-30T12:31:36  Updated 0 records in table DBColumns for ColumnID: 12114, Name: ReportNumber, Precision: 40, Workspace: 40
2026-04-30T12:31:36  Column: ModelNumber, New Precision: 40, Old Precision: 30, Workspace: 40, Active Workspace: 200
2026-04-30T12:31:36  Updated 0 records in table DBColumns for ColumnID: 10653, Name: ModelNumber, Precision: 40, Workspace: 40
2026-04-30T12:31:36  Column: ConcomitantProductName, New Precision: 40, Old Precision: 30, Workspace: 40, Active Workspace: 200
2026-04-30T12:31:36  Updated 0 records in table DBColumns for ColumnID: 10652, Name: ConcomitantProductName, Precision: 40, Workspace: 40
2026-04-30T12:31:36  Column: CommonDeviceName, New Precision: 40, Old Precision: 30, Workspace: 40, Active Workspace: 200
2026-04-30T12:31:36  Updated 0 records in table DBColumns for ColumnID: 10651, Name: CommonDeviceName, Precision: 40, Workspace: 40
2026-04-30T12:31:36  Column: PrintQueueName, New Precision: 40, Old Precision: 30, Workspace: 40, Active Workspace: 200
2026-04-30T12:31:36  Updated 0 records in table DBColumns for ColumnID: 9253, Name: PrintQueueName, Precision: 40, Workspace: 40
2026-04-30T12:31:36  Column: BrandName, New Precision: 40, Old Precision: 30, Workspace: 40, Active Workspace: 200
2026-04-30T12:31:36  Updated 0 records in table DBColumns for ColumnID: 10650, Name: BrandName, Precision: 40, Workspace: 40
2026-04-30T12:31:36  Column: SuspectDeviceName, New Precision: 40, Old Precision: 30, Workspace: 40, Active Workspace: 200
2026-04-30T12:31:36  Updated 0 records in table DBColumns for ColumnID: 10648, Name: SuspectDeviceName, Precision: 40, Workspace: 40
2026-04-30T12:31:36  Column: OccupationName, New Precision: 40, Old Precision: 30, Workspace: 40, Active Workspace: 200
2026-04-30T12:31:36  Updated 0 records in table DBColumns for ColumnID: 10643, Name: OccupationName, Precision: 40, Workspace: 40
2026-04-30T12:31:36  Column: ObjectTypeName, New Precision: 40, Old Precision: 30, Workspace: 40, Active Workspace: 200
2026-04-30T12:31:36  Updated 0 records in table DBColumns for ColumnID: 9241, Name: ObjectTypeName, Precision: 40, Workspace: 40
2026-04-30T12:31:36  Column: LotNumber, New Precision: 40, Old Precision: 30, Workspace: 40, Active Workspace: 200
2026-04-30T12:31:36  Updated 0 records in table DBColumns for ColumnID: 10655, Name: LotNumber, Precision: 40, Workspace: 40
2026-04-30T12:31:36  Column: ChecklistName, New Precision: 40, Old Precision: 30, Workspace: 40, Active Workspace: 200
2026-04-30T12:31:36  Updated 0 records in table DBColumns for ColumnID: 12944, Name: ChecklistName, Precision: 40, Workspace: 40
2026-04-30T12:31:36  Column: PrinterLabelDefinitionName, New Precision: 40, Old Precision: 30, Workspace: 40, Active Workspace: 200
2026-04-30T12:31:36  Updated 0 records in table DBColumns for ColumnID: 9263, Name: PrinterLabelDefinitionName, Precision: 40, Workspace: 40
2026-04-30T12:31:36  Column: RecallNumber, New Precision: 40, Old Precision: 30, Workspace: 40, Active Workspace: 200
2026-04-30T12:31:36  Updated 0 records in table DBColumns for ColumnID: 10633, Name: RecallNumber, Precision: 40, Workspace: 40
2026-04-30T12:31:36  Column: ReturnedPhoneNumber, New Precision: 40, Old Precision: 30, Workspace: 40, Active Workspace: 200
2026-04-30T12:31:36  Updated 0 records in table DBColumns for ColumnID: 10632, Name: ReturnedPhoneNumber, Precision: 40, Workspace: 40
2026-04-30T12:31:36  Column: ContainerMaterialListItemName, New Precision: 40, Old Precision: 30, Workspace: 40, Active Workspace: 200
2026-04-30T12:31:36  Updated 0 records in table DBColumns for ColumnID: 11839, Name: ContainerMaterialListItemName, Precision: 40, Workspace: 40
2026-04-30T12:31:36  Column: ReturnedContactName, New Precision: 40, Old Precision: 30, Workspace: 40, Active Workspace: 200
2026-04-30T12:31:36  Updated 0 records in table DBColumns for ColumnID: 10631, Name: ReturnedContactName, Precision: 40, Workspace: 40
2026-04-30T12:31:36  Column: BOMMaterialListItemName, New Precision: 40, Old Precision: 30, Workspace: 40, Active Workspace: 200
2026-04-30T12:31:36  Updated 0 records in table DBColumns for ColumnID: 11840, Name: BOMMaterialListItemName, Precision: 40, Workspace: 40
2026-04-30T12:31:36  Column: ProcessModelTemplateName, New Precision: 40, Old Precision: 30, Workspace: 40, Active Workspace: 200
2026-04-30T12:31:36  Updated 0 records in table DBColumns for ColumnID: 10910, Name: ProcessModelTemplateName, Precision: 40, Workspace: 40
2026-04-30T12:31:36  Column: DeviceLocation, New Precision: 40, Old Precision: 30, Workspace: 40, Active Workspace: 200
2026-04-30T12:31:36  Updated 0 records in table DBColumns for ColumnID: 10630, Name: DeviceLocation, Precision: 40, Workspace: 40
2026-04-30T12:31:36  Column: ReportNumber, New Precision: 40, Old Precision: 30, Workspace: 40, Active Workspace: 200
2026-04-30T12:31:36  Updated 0 records in table DBColumns for ColumnID: 12125, Name: ReportNumber, Precision: 40, Workspace: 40
2026-04-30T12:31:36  Column: SerialNumber, New Precision: 40, Old Precision: 30, Workspace: 40, Active Workspace: 200
2026-04-30T12:31:36  Updated 0 records in table DBColumns for ColumnID: 10679, Name: SerialNumber, Precision: 40, Workspace: 40
2026-04-30T12:31:36  Column: ApprovalDecisionListName, New Precision: 40, Old Precision: 30, Workspace: 40, Active Workspace: 200
2026-04-30T12:31:36  Updated 0 records in table DBColumns for ColumnID: 11762, Name: ApprovalDecisionListName, Precision: 40, Workspace: 40
2026-04-30T12:31:36  Column: OtherNumber, New Precision: 40, Old Precision: 30, Workspace: 40, Active Workspace: 200
2026-04-30T12:31:36  Updated 0 records in table DBColumns for ColumnID: 10678, Name: OtherNumber, Precision: 40, Workspace: 40
2026-04-30T12:31:36  Column: ModelNumber, New Precision: 40, Old Precision: 30, Workspace: 40, Active Workspace: 200
2026-04-30T12:31:36  Updated 0 records in table DBColumns for ColumnID: 10677, Name: ModelNumber, Precision: 40, Workspace: 40
2026-04-30T12:31:36  Column: LotNumber, New Precision: 40, Old Precision: 30, Workspace: 40, Active Workspace: 200
2026-04-30T12:31:36  Updated 0 records in table DBColumns for ColumnID: 10676, Name: LotNumber, Precision: 40, Workspace: 40
2026-04-30T12:31:36  Column: TriageSpecName, New Precision: 40, Old Precision: 30, Workspace: 40, Active Workspace: 200
2026-04-30T12:31:36  Updated 0 records in table DBColumns for ColumnID: 11221, Name: TriageSpecName, Precision: 40, Workspace: 40
2026-04-30T12:31:36  Column: BillOfProcessName, New Precision: 40, Old Precision: 30, Workspace: 40, Active Workspace: 200
2026-04-30T12:31:36  Updated 0 records in table DBColumns for ColumnID: 9770, Name: BillOfProcessName, Precision: 40, Workspace: 40
2026-04-30T12:31:36  Column: ConcomitantProductName, New Precision: 40, Old Precision: 30, Workspace: 40, Active Workspace: 200
2026-04-30T12:31:36  Updated 0 records in table DBColumns for ColumnID: 10671, Name: ConcomitantProductName, Precision: 40, Workspace: 40
2026-04-30T12:31:36  Column: CatalogNumber, New Precision: 40, Old Precision: 30, Workspace: 40, Active Workspace: 200
2026-04-30T12:31:36  Updated 0 records in table DBColumns for ColumnID: 10654, Name: CatalogNumber, Precision: 40, Workspace: 40
2026-04-30T12:31:36  Column: CommonDeviceName, New Precision: 40, Old Precision: 30, Workspace: 40, Active Workspace: 200
2026-04-30T12:31:36  Updated 0 records in table DBColumns for ColumnID: 10670, Name: CommonDeviceName, Precision: 40, Workspace: 40
2026-04-30T12:31:36  Column: CustomerFaxNumber, New Precision: 40, Old Precision: 30, Workspace: 40, Active Workspace: 200
2026-04-30T12:31:36  Updated 0 records in table DBColumns for ColumnID: 10582, Name: CustomerFaxNumber, Precision: 40, Workspace: 40
2026-04-30T12:31:36  Column: CatalogNumber, New Precision: 40, Old Precision: 30, Workspace: 40, Active Workspace: 200
2026-04-30T12:31:36  Updated 0 records in table DBColumns for ColumnID: 10669, Name: CatalogNumber, Precision: 40, Workspace: 40
2026-04-30T12:31:36  Column: ECO, New Precision: 40, Old Precision: 30, Workspace: 40, Active Workspace: 200
2026-04-30T12:31:36  Updated 0 records in table DBColumns for ColumnID: 9774, Name: ECO, Precision: 40, Workspace: 40
2026-04-30T12:31:36  Column: BrandName, New Precision: 40, Old Precision: 30, Workspace: 40, Active Workspace: 200
2026-04-30T12:31:36  Updated 0 records in table DBColumns for ColumnID: 10668, Name: BrandName, Precision: 40, Workspace: 40
2026-04-30T12:31:36  Column: EndDelimiter, New Precision: 40, Old Precision: 30, Workspace: 40, Active Workspace: 200
2026-04-30T12:31:36  Updated 0 records in table DBColumns for ColumnID: 9278, Name: EndDelimiter, Precision: 40, Workspace: 40
2026-04-30T12:31:36  Column: PortalMenuDefinitionName, New Precision: 40, Old Precision: 30, Workspace: 40, Active Workspace: 200
2026-04-30T12:31:36  Updated 0 records in table DBColumns for ColumnID: 11786, Name: PortalMenuDefinitionName, Precision: 40, Workspace: 40
2026-04-30T12:31:36  Column: BeginDelimiter, New Precision: 40, Old Precision: 30, Workspace: 40, Active Workspace: 200
2026-04-30T12:31:36  Updated 0 records in table DBColumns for ColumnID: 9277, Name: BeginDelimiter, Precision: 40, Workspace: 40
2026-04-30T12:31:36  Column: QualityObjectName, New Precision: 40, Old Precision: 30, Workspace: 40, Active Workspace: 200
2026-04-30T12:31:36  Updated 0 records in table DBColumns for ColumnID: 12130, Name: QualityObjectName, Precision: 40, Workspace: 40
2026-04-30T12:31:36  Column: QualityObjectType, New Precision: 40, Old Precision: 30, Workspace: 40, Active Workspace: 200
2026-04-30T12:31:36  Updated 0 records in table DBColumns for ColumnID: 12131, Name: QualityObjectType, Precision: 40, Workspace: 40
2026-04-30T12:31:36  Column: OtherNumber, New Precision: 40, Old Precision: 30, Workspace: 40, Active Workspace: 200
2026-04-30T12:31:36  Updated 0 records in table DBColumns for ColumnID: 10657, Name: OtherNumber, Precision: 40, Workspace: 40
2026-04-30T12:31:36  Column: SerialNumber, New Precision: 40, Old Precision: 30, Workspace: 40, Active Workspace: 200
2026-04-30T12:31:36  Updated 0 records in table DBColumns for ColumnID: 10656, Name: SerialNumber, Precision: 40, Workspace: 40
2026-04-30T12:31:36  Column: LabelTagName, New Precision: 40, Old Precision: 30, Workspace: 40, Active Workspace: 200
2026-04-30T12:31:36  Updated 0 records in table DBColumns for ColumnID: 9284, Name: LabelTagName, Precision: 40, Workspace: 40
2026-04-30T12:31:36  Column: SpecName, New Precision: 40, Old Precision: 30, Workspace: 40, Active Workspace: 200
2026-04-30T12:31:36  Updated 0 records in table DBColumns for ColumnID: 10386, Name: SpecName, Precision: 40, Workspace: 40
2026-04-30T12:31:36  Column: BusinessRuleDataName, New Precision: 40, Old Precision: 30, Workspace: 40, Active Workspace: 200
2026-04-30T12:31:36  Updated 0 records in table DBColumns for ColumnID: 10459, Name: BusinessRuleDataName, Precision: 40, Workspace: 40
2026-04-30T12:31:36  Column: RecipeItemName, New Precision: 40, Old Precision: 30, Workspace: 40, Active Workspace: 200
2026-04-30T12:31:37  Updated 0 records in table DBColumns for ColumnID: 12186, Name: RecipeItemName, Precision: 40, Workspace: 40
2026-04-30T12:31:37  Column: ObjectInstanceId, New Precision: 40, Old Precision: 30, Workspace: 40, Active Workspace: 200
2026-04-30T12:31:37  Updated 0 records in table DBColumns for ColumnID: 9535, Name: ObjectInstanceId, Precision: 40, Workspace: 40
2026-04-30T12:31:37  Column: ProductName, New Precision: 40, Old Precision: 30, Workspace: 40, Active Workspace: 200
2026-04-30T12:31:37  Updated 0 records in table DBColumns for ColumnID: 10105, Name: ProductName, Precision: 40, Workspace: 40
2026-04-30T12:31:37  Column: MaintenanceReqRev, New Precision: 40, Old Precision: 30, Workspace: 40, Active Workspace: 200
2026-04-30T12:31:37  Updated 0 records in table DBColumns for ColumnID: 10391, Name: MaintenanceReqRev, Precision: 40, Workspace: 40
2026-04-30T12:31:37  Column: OrganizationNumber, New Precision: 40, Old Precision: 30, Workspace: 40, Active Workspace: 200
2026-04-30T12:31:37  Updated 0 records in table DBColumns for ColumnID: 11338, Name: OrganizationNumber, Precision: 40, Workspace: 40
2026-04-30T12:31:37  Column: MaintenanceReqName, New Precision: 40, Old Precision: 30, Workspace: 40, Active Workspace: 200
2026-04-30T12:31:37  Updated 0 records in table DBColumns for ColumnID: 10390, Name: MaintenanceReqName, Precision: 40, Workspace: 40
2026-04-30T12:31:37  Column: TrainingRequirementName, New Precision: 40, Old Precision: 30, Workspace: 40, Active Workspace: 200
2026-04-30T12:31:37  Updated 0 records in table DBColumns for ColumnID: 8937, Name: TrainingRequirementName, Precision: 40, Workspace: 40
2026-04-30T12:31:37  Column: Country, New Precision: 40, Old Precision: 30, Workspace: 40, Active Workspace: 200
2026-04-30T12:31:37  Updated 0 records in table DBColumns for ColumnID: 10212, Name: Country, Precision: 40, Workspace: 40
2026-04-30T12:31:37  Column: BizRuleHandlerParameterName, New Precision: 40, Old Precision: 30, Workspace: 40, Active Workspace: 200
2026-04-30T12:31:37  Updated 0 records in table DBColumns for ColumnID: 10419, Name: BizRuleHandlerParameterName, Precision: 40, Workspace: 40
2026-04-30T12:31:37  Column: OperationName, New Precision: 40, Old Precision: 30, Workspace: 40, Active Workspace: 200
2026-04-30T12:31:37  Updated 0 records in table DBColumns for ColumnID: 10385, Name: OperationName, Precision: 40, Workspace: 40
2026-04-30T12:31:37  Column: ActivityName, New Precision: 40, Old Precision: 30, Workspace: 40, Active Workspace: 200
2026-04-30T12:31:37  Updated 0 records in table DBColumns for ColumnID: 11038, Name: ActivityName, Precision: 40, Workspace: 40
2026-04-30T12:31:37  Column: WorkCenterName, New Precision: 40, Old Precision: 30, Workspace: 40, Active Workspace: 200
2026-04-30T12:31:37  Updated 0 records in table DBColumns for ColumnID: 10388, Name: WorkCenterName, Precision: 40, Workspace: 40
2026-04-30T12:31:37  Column: FaxNumber, New Precision: 40, Old Precision: 30, Workspace: 40, Active Workspace: 200
2026-04-30T12:31:37  Updated 0 records in table DBColumns for ColumnID: 10219, Name: FaxNumber, Precision: 40, Workspace: 40
2026-04-30T12:31:37  Column: Lot, New Precision: 40, Old Precision: 30, Workspace: 40, Active Workspace: 200
2026-04-30T12:31:37  Updated 0 records in table DBColumns for ColumnID: 10099, Name: Lot, Precision: 40, Workspace: 40
2026-04-30T12:31:37  Column: PhaseName, New Precision: 40, Old Precision: 30, Workspace: 40, Active Workspace: 200
2026-04-30T12:31:37  Updated 0 records in table DBColumns for ColumnID: 11018, Name: PhaseName, Precision: 40, Workspace: 40
2026-04-30T12:31:37  Column: SpecName, New Precision: 40, Old Precision: 30, Workspace: 40, Active Workspace: 200
2026-04-30T12:31:37  Updated 0 records in table DBColumns for ColumnID: 10380, Name: SpecName, Precision: 40, Workspace: 40
2026-04-30T12:31:37  Column: RecipeMaterialListItemName, New Precision: 40, Old Precision: 30, Workspace: 40, Active Workspace: 200
2026-04-30T12:31:37  Updated 0 records in table DBColumns for ColumnID: 12224, Name: RecipeMaterialListItemName, Precision: 40, Workspace: 40
2026-04-30T12:31:37  Column: ResourceName, New Precision: 40, Old Precision: 30, Workspace: 40, Active Workspace: 200
2026-04-30T12:31:37  Updated 0 records in table DBColumns for ColumnID: 10389, Name: ResourceName, Precision: 40, Workspace: 40
2026-04-30T12:31:37  Column: MaintenanceReqName, New Precision: 40, Old Precision: 30, Workspace: 40, Active Workspace: 200
2026-04-30T12:31:37  Updated 0 records in table DBColumns for ColumnID: 9363, Name: MaintenanceReqName, Precision: 40, Workspace: 40
2026-04-30T12:31:37  Column: ResourceFamilyName, New Precision: 40, Old Precision: 30, Workspace: 40, Active Workspace: 200
2026-04-30T12:31:37  Updated 0 records in table DBColumns for ColumnID: 12150, Name: ResourceFamilyName, Precision: 40, Workspace: 40
2026-04-30T12:31:37  Column: CAPAName, New Precision: 40, Old Precision: 30, Workspace: 40, Active Workspace: 200
2026-04-30T12:31:37  Updated 0 records in table DBColumns for ColumnID: 11266, Name: CAPAName, Precision: 40, Workspace: 40
2026-04-30T12:31:37  Column: RecipeListName, New Precision: 40, Old Precision: 30, Workspace: 40, Active Workspace: 200
2026-04-30T12:31:37  Updated 0 records in table DBColumns for ColumnID: 12156, Name: RecipeListName, Precision: 40, Workspace: 40
2026-04-30T12:31:37  Column: ObjectInstanceId, New Precision: 40, Old Precision: 30, Workspace: 40, Active Workspace: 200
2026-04-30T12:31:37  Updated 0 records in table DBColumns for ColumnID: 14727, Name: ObjectInstanceId, Precision: 40, Workspace: 40
2026-04-30T12:31:37  Column: BusinessRuleHandlerDataName, New Precision: 40, Old Precision: 30, Workspace: 40, Active Workspace: 200
2026-04-30T12:31:37  Updated 0 records in table DBColumns for ColumnID: 10439, Name: BusinessRuleHandlerDataName, Precision: 40, Workspace: 40
2026-04-30T12:31:37  Column: ObjectName, New Precision: 40, Old Precision: 30, Workspace: 40, Active Workspace: 200
2026-04-30T12:31:37  Updated 0 records in table DBColumns for ColumnID: 14728, Name: ObjectName, Precision: 40, Workspace: 40
2026-04-30T12:31:37  Column: ECO, New Precision: 40, Old Precision: 30, Workspace: 40, Active Workspace: 200
2026-04-30T12:31:37  Updated 0 records in table DBColumns for ColumnID: 12160, Name: ECO, Precision: 40, Workspace: 40
2026-04-30T12:31:37  Column: TrainingPlanName, New Precision: 40, Old Precision: 30, Workspace: 40, Active Workspace: 200
2026-04-30T12:31:37  Updated 0 records in table DBColumns for ColumnID: 8978, Name: TrainingPlanName, Precision: 40, Workspace: 40
2026-04-30T12:31:37  Column: Lot, New Precision: 40, Old Precision: 30, Workspace: 40, Active Workspace: 200
2026-04-30T12:31:37  Updated 0 records in table DBColumns for ColumnID: 10166, Name: Lot, Precision: 40, Workspace: 40
2026-04-30T12:31:37  Column: ProductName, New Precision: 40, Old Precision: 30, Workspace: 40, Active Workspace: 200
2026-04-30T12:31:37  Updated 0 records in table DBColumns for ColumnID: 10179, Name: ProductName, Precision: 40, Workspace: 40
2026-04-30T12:31:37  Column: BusinessRuleHandlerName, New Precision: 40, Old Precision: 30, Workspace: 40, Active Workspace: 200
2026-04-30T12:31:37  Updated 0 records in table DBColumns for ColumnID: 10433, Name: BusinessRuleHandlerName, Precision: 40, Workspace: 40
2026-04-30T12:31:37  Column: Lot, New Precision: 40, Old Precision: 30, Workspace: 40, Active Workspace: 200
2026-04-30T12:31:37  Updated 0 records in table DBColumns for ColumnID: 10178, Name: Lot, Precision: 40, Workspace: 40
2026-04-30T12:31:37  Column: ProductName, New Precision: 40, Old Precision: 30, Workspace: 40, Active Workspace: 200
2026-04-30T12:31:37  Updated 0 records in table DBColumns for ColumnID: 10171, Name: ProductName, Precision: 40, Workspace: 40
2026-04-30T12:31:37  Column: BusinessRuleName, New Precision: 40, Old Precision: 30, Workspace: 40, Active Workspace: 200
2026-04-30T12:31:37  Updated 0 records in table DBColumns for ColumnID: 10453, Name: BusinessRuleName, Precision: 40, Workspace: 40
2026-04-30T12:31:37  Column: TrainingRecordStatusName, New Precision: 40, Old Precision: 30, Workspace: 40, Active Workspace: 200
2026-04-30T12:31:37  Updated 0 records in table DBColumns for ColumnID: 8968, Name: TrainingRecordStatusName, Precision: 40, Workspace: 40
2026-04-30T12:31:37  Column: ParentInstanceId, New Precision: 40, Old Precision: 30, Workspace: 40, Active Workspace: 200
2026-04-30T12:31:37  Updated 0 records in table DBColumns for ColumnID: 12140, Name: ParentInstanceId, Precision: 40, Workspace: 40
2026-04-30T12:31:37  Column: DefaultValue, New Precision: 40, Old Precision: 30, Workspace: 40, Active Workspace: 200
2026-04-30T12:31:37  Updated 0 records in table DBColumns for ColumnID: 10421, Name: DefaultValue, Precision: 40, Workspace: 40
2026-04-30T12:31:37  Column: TriageSpecDetailName, New Precision: 40, Old Precision: 30, Workspace: 40, Active Workspace: 200
2026-04-30T12:31:37  Updated 0 records in table DBColumns for ColumnID: 11231, Name: TriageSpecDetailName, Precision: 40, Workspace: 40
2026-04-30T12:31:37  Column: WorkCenterName, New Precision: 40, Old Precision: 30, Workspace: 40, Active Workspace: 200
2026-04-30T12:31:37  Updated 0 records in table DBColumns for ColumnID: 10382, Name: WorkCenterName, Precision: 40, Workspace: 40
2026-04-30T12:31:37  Column: TrainingRequirementGroupName, New Precision: 40, Old Precision: 30, Workspace: 40, Active Workspace: 200
2026-04-30T12:31:37  Updated 0 records in table DBColumns for ColumnID: 8995, Name: TrainingRequirementGroupName, Precision: 40, Workspace: 40
2026-04-30T12:31:37  Column: OrganizationName, New Precision: 40, Old Precision: 30, Workspace: 40, Active Workspace: 200
2026-04-30T12:31:37  Updated 0 records in table DBColumns for ColumnID: 10330, Name: OrganizationName, Precision: 40, Workspace: 40
2026-04-30T12:31:37  Column: Version, New Precision: 40, Old Precision: 30, Workspace: 40, Active Workspace: 200
2026-04-30T12:31:37  Updated 0 records in table DBColumns for ColumnID: 10258, Name: Version, Precision: 40, Workspace: 40
2026-04-30T12:31:37  Column: EMailMessageName, New Precision: 40, Old Precision: 30, Workspace: 40, Active Workspace: 200
2026-04-30T12:31:37  Updated 0 records in table DBColumns for ColumnID: 10341, Name: EMailMessageName, Precision: 40, Workspace: 40
2026-04-30T12:31:37  Column: ResourceName, New Precision: 40, Old Precision: 30, Workspace: 40, Active Workspace: 200
2026-04-30T12:31:37  Updated 0 records in table DBColumns for ColumnID: 10379, Name: ResourceName, Precision: 40, Workspace: 40
2026-04-30T12:31:37  Column: ParameterValue, New Precision: 40, Old Precision: 30, Workspace: 40, Active Workspace: 200
2026-04-30T12:31:37  Updated 0 records in table DBColumns for ColumnID: 11194, Name: ParameterValue, Precision: 40, Workspace: 40
2026-04-30T12:31:37  Column: HandlerName, New Precision: 40, Old Precision: 30, Workspace: 40, Active Workspace: 200
2026-04-30T12:31:37  Updated 0 records in table DBColumns for ColumnID: 11193, Name: HandlerName, Precision: 40, Workspace: 40
2026-04-30T12:31:37  Column: DocumentName, New Precision: 40, Old Precision: 30, Workspace: 40, Active Workspace: 200
2026-04-30T12:31:37  Updated 0 records in table DBColumns for ColumnID: 10265, Name: DocumentName, Precision: 40, Workspace: 40
2026-04-30T12:31:37  Column: ParameterName, New Precision: 40, Old Precision: 30, Workspace: 40, Active Workspace: 200
2026-04-30T12:31:37  Updated 0 records in table DBColumns for ColumnID: 11192, Name: ParameterName, Precision: 40, Workspace: 40
2026-04-30T12:31:37  Column: ReferenceDesignator, New Precision: 40, Old Precision: 30, Workspace: 40, Active Workspace: 200
2026-04-30T12:31:37  Updated 0 records in table DBColumns for ColumnID: 8877, Name: ReferenceDesignator, Precision: 40, Workspace: 40
2026-04-30T12:31:37  Column: Suffix, New Precision: 4000, Old Precision: 255, Workspace: 40, Active Workspace: 200
2026-04-30T12:31:37  Updated 0 records in table DBColumns for ColumnID: 11350, Name: Suffix, Precision: 4000, Workspace: 40
2026-04-30T12:31:37  Column: Lot, New Precision: 40, Old Precision: 30, Workspace: 40, Active Workspace: 200
2026-04-30T12:31:37  Updated 0 records in table DBColumns for ColumnID: 8875, Name: Lot, Precision: 40, Workspace: 40
2026-04-30T12:31:37  Column: ECO, New Precision: 40, Old Precision: 30, Workspace: 40, Active Workspace: 200
2026-04-30T12:31:37  Updated 0 records in table DBColumns for ColumnID: 12265, Name: ECO, Precision: 40, Workspace: 40
2026-04-30T12:31:37  Column: ObjectName, New Precision: 40, Old Precision: 30, Workspace: 40, Active Workspace: 200
2026-04-30T12:31:37  Updated 0 records in table DBColumns for ColumnID: 10275, Name: ObjectName, Precision: 40, Workspace: 40
2026-04-30T12:31:37  Column: ObjectRev, New Precision: 40, Old Precision: 30, Workspace: 40, Active Workspace: 200
2026-04-30T12:31:37  Updated 0 records in table DBColumns for ColumnID: 10276, Name: ObjectRev, Precision: 40, Workspace: 40
2026-04-30T12:31:37  Column: ProcessModelName, New Precision: 40, Old Precision: 30, Workspace: 40, Active Workspace: 200
2026-04-30T12:31:37  Updated 0 records in table DBColumns for ColumnID: 11002, Name: ProcessModelName, Precision: 40, Workspace: 40
2026-04-30T12:31:37  Column: BusinessRuleName, New Precision: 40, Old Precision: 30, Workspace: 40, Active Workspace: 200
2026-04-30T12:31:37  Updated 0 records in table DBColumns for ColumnID: 11179, Name: BusinessRuleName, Precision: 40, Workspace: 40
2026-04-30T12:31:37  Column: CustomerContactName, New Precision: 40, Old Precision: 30, Workspace: 40, Active Workspace: 200
2026-04-30T12:31:37  Updated 0 records in table DBColumns for ColumnID: 10490, Name: CustomerContactName, Precision: 40, Workspace: 40
2026-04-30T12:31:37  Column: PhoneNumber, New Precision: 40, Old Precision: 30, Workspace: 40, Active Workspace: 200
2026-04-30T12:31:37  Updated 0 records in table DBColumns for ColumnID: 10491, Name: PhoneNumber, Precision: 40, Workspace: 40
2026-04-30T12:31:37  Column: DiscoveryArea, New Precision: 40, Old Precision: 30, Workspace: 40, Active Workspace: 200
2026-04-30T12:31:37  Updated 0 records in table DBColumns for ColumnID: 10308, Name: DiscoveryArea, Precision: 40, Workspace: 40
2026-04-30T12:31:37  Column: CellPhoneNumber, New Precision: 40, Old Precision: 30, Workspace: 40, Active Workspace: 200
2026-04-30T12:31:37  Updated 0 records in table DBColumns for ColumnID: 10492, Name: CellPhoneNumber, Precision: 40, Workspace: 40
2026-04-30T12:31:37  Column: WorkflowName, New Precision: 40, Old Precision: 30, Workspace: 40, Active Workspace: 200
2026-04-30T12:31:37  Updated 0 records in table DBColumns for ColumnID: 10293, Name: WorkflowName, Precision: 40, Workspace: 40
2026-04-30T12:31:37  Column: MaintenanceClassName, New Precision: 40, Old Precision: 30, Workspace: 40, Active Workspace: 200
2026-04-30T12:31:37  Updated 0 records in table DBColumns for ColumnID: 9413, Name: MaintenanceClassName, Precision: 40, Workspace: 40
2026-04-30T12:31:37  Column: ReferenceDesignator, New Precision: 40, Old Precision: 30, Workspace: 40, Active Workspace: 200
2026-04-30T12:31:37  Updated 0 records in table DBColumns for ColumnID: 12237, Name: ReferenceDesignator, Precision: 40, Workspace: 40
2026-04-30T12:31:37  Column: MasterRecipeName, New Precision: 40, Old Precision: 30, Workspace: 40, Active Workspace: 200
2026-04-30T12:31:37  Updated 0 records in table DBColumns for ColumnID: 12261, Name: MasterRecipeName, Precision: 40, Workspace: 40
2026-04-30T12:31:37  Column: TxnToUse, New Precision: 40, Old Precision: 30, Workspace: 40, Active Workspace: 200
2026-04-30T12:31:37  Updated 0 records in table DBColumns for ColumnID: 8923, Name: TxnToUse, Precision: 40, Workspace: 40
2026-04-30T12:31:37  Column: Version, New Precision: 40, Old Precision: 30, Workspace: 40, Active Workspace: 200
2026-04-30T12:31:37  Updated 0 records in table DBColumns for ColumnID: 10237, Name: Version, Precision: 40, Workspace: 40
2026-04-30T12:31:37  Column: NumberingRuleName, New Precision: 100, Old Precision: 30, Workspace: 40, Active Workspace: 200
2026-04-30T12:31:37  Updated 0 records in table DBColumns for ColumnID: 11348, Name: NumberingRuleName, Precision: 100, Workspace: 40
2026-04-30T12:31:37  Column: DocumentName, New Precision: 40, Old Precision: 30, Workspace: 40, Active Workspace: 200
2026-04-30T12:31:37  Updated 0 records in table DBColumns for ColumnID: 10236, Name: DocumentName, Precision: 40, Workspace: 40
2026-04-30T12:31:37  Column: Prefix, New Precision: 4000, Old Precision: 255, Workspace: 40, Active Workspace: 200
2026-04-30T12:31:37  Updated 0 records in table DBColumns for ColumnID: 11349, Name: Prefix, Precision: 4000, Workspace: 40
2026-04-30T12:31:37  Column: WorkflowName, New Precision: 40, Old Precision: 30, Workspace: 40, Active Workspace: 200
2026-04-30T12:31:37  Updated 0 records in table DBColumns for ColumnID: 10088, Name: WorkflowName, Precision: 40, Workspace: 40
2026-04-30T12:31:37  Column: MaintenanceReqName, New Precision: 40, Old Precision: 30, Workspace: 40, Active Workspace: 200
2026-04-30T12:31:37  Updated 0 records in table DBColumns for ColumnID: 10376, Name: MaintenanceReqName, Precision: 40, Workspace: 40
2026-04-30T12:31:37  Column: MaintenanceReqRev, New Precision: 40, Old Precision: 30, Workspace: 40, Active Workspace: 200
2026-04-30T12:31:37  Updated 0 records in table DBColumns for ColumnID: 10377, Name: MaintenanceReqRev, Precision: 40, Workspace: 40
2026-04-30T12:31:37  Column: OperationName, New Precision: 40, Old Precision: 30, Workspace: 40, Active Workspace: 200
2026-04-30T12:31:37  Updated 0 records in table DBColumns for ColumnID: 10378, Name: OperationName, Precision: 40, Workspace: 40
2026-04-30T12:31:37  Column: EMailDistributionName, New Precision: 40, Old Precision: 30, Workspace: 40, Active Workspace: 200
2026-04-30T12:31:38  Updated 0 records in table DBColumns for ColumnID: 10357, Name: EMailDistributionName, Precision: 40, Workspace: 40
2026-04-30T12:31:38  Column: PhoneNumber, New Precision: 40, Old Precision: 30, Workspace: 40, Active Workspace: 200
2026-04-30T12:31:38  Updated 0 records in table DBColumns for ColumnID: 10220, Name: PhoneNumber, Precision: 40, Workspace: 40
2026-04-30T12:31:38  Column: QualityResolutionCodeName, New Precision: 40, Old Precision: 30, Workspace: 40, Active Workspace: 200
2026-04-30T12:31:38  Updated 0 records in table DBColumns for ColumnID: 11212, Name: QualityResolutionCodeName, Precision: 40, Workspace: 40
2026-04-30T12:31:38  Synchronize persistent fields in 0 CDO's in Workspace 200
2026-04-30T12:31:38  There were a total of 0 CDOs synchronized in 0 seconds.
2026-04-30T12:31:38  Synchronize persistent fields in 6 CDO's in Workspace 20
2026-04-30T12:31:38  There were a total of 0 CDOs synchronized in 0 seconds.
2026-04-30T12:31:42  Completed replace of workspace: 20 into MDB: C:\Program Files (x86)\Camstar\InSite Administration\Batch Processing\Target\Insite.mdb in 396 seconds
